R,c,replicate,k,seed,window_start,window_end,valid_time_points,replicate_time_average,extinction_time,censoring_time,peak_active,infection_events,identification_events,traced_removals
1.0,0.0,0,1,10925774724811960352,3.0,3.25,26,0.4730094898706603,nan,nan,162,452,463,0
1.0,0.0,0,2,10925774724811960352,3.0,3.25,26,0.11517221796599299,nan,nan,162,452,463,0
1.0,0.0,0,3,10925774724811960352,3.0,3.25,26,0.015623817644770747,nan,nan,162,452,463,0
1.0,0.0,1,1,1403119267936022998,3.0,3.25,26,0.5995923370168055,nan,nan,214,567,518,0
1.0,0.0,1,2,1403119267936022998,3.0,3.25,26,0.2477027227587507,nan,nan,214,567,518,0
1.0,0.0,1,3,1403119267936022998,3.0,3.25,26,0.08912565986206257,nan,nan,214,567,518,0
1.0,0.0,2,1,1507324924897162092,3.0,3.25,26,0.42190358927475013,nan,nan,181,555,550,0
1.0,0.0,2,2,1507324924897162092,3.0,3.25,26,0.13518872594226383,nan,nan,181,555,550,0
1.0,0.0,2,3,1507324924897162092,3.0,3.25,26,0.024637581937154818,nan,nan,181,555,550,0
1.0,0.0,3,1,6578987099601519261,3.0,3.25,26,0.5008545856936517,nan,nan,192,496,511,0
1.0,0.0,3,2,6578987099601519261,3.0,3.25,26,0.15011365543817237,nan,nan,192,496,511,0
1.0,0.0,3,3,6578987099601519261,3.0,3.25,26,0.034829418079439255,nan,nan,192,496,511,0
1.0,0.0,4,1,991127578722350882,3.0,3.25,26,0.521255868766365,nan,nan,214,621,569,0
1.0,0.0,4,2,991127578722350882,3.0,3.25,26,0.23546423870424238,nan,nan,214,621,569,0
1.0,0.0,4,3,991127578722350882,3.0,3.25,26,0.0707192533353452,nan,nan,214,621,569,0
1.0,0.0,5,1,9670090923377258128,3.0,3.25,26,0.5277179017093913,nan,nan,199,606,595,0
1.0,0.0,5,2,9670090923377258128,3.0,3.25,26,0.20169515989333361,nan,nan,199,606,595,0
1.0,0.0,5,3,9670090923377258128,3.0,3.25,26,0.061531033357031854,nan,nan,199,606,595,0
1.0,0.0,6,1,17625296342777279873,3.0,3.25,26,0.46336772380483604,nan,nan,172,432,479,0
1.0,0.0,6,2,17625296342777279873,3.0,3.25,26,0.15535114190284116,nan,nan,172,432,479,0
1.0,0.0,6,3,17625296342777279873,3.0,3.25,26,0.026401153918257945,nan,nan,172,432,479,0
1.0,0.0,7,1,13949900114963518984,3.0,3.25,26,0.5555488906318368,nan,nan,181,548,532,0
1.0,0.0,7,2,13949900114963518984,3.0,3.25,26,0.22465956829333025,nan,nan,181,548,532,0
1.0,0.0,7,3,13949900114963518984,3.0,3.25,26,0.0741349172722679,nan,nan,181,548,532,0
1.0,0.0,8,1,11918002435293690327,3.0,3.25,26,0.43114101924888887,nan,nan,170,496,528,0
1.0,0.0,8,2,11918002435293690327,3.0,3.25,26,0.1516186445633267,nan,nan,170,496,528,0
1.0,0.0,8,3,11918002435293690327,3.0,3.25,26,0.02854638964928565,nan,nan,170,496,528,0
1.0,0.0,9,1,9979934886275427313,3.0,3.25,26,0.5524746880688493,nan,nan,166,428,465,0
1.0,0.0,9,2,9979934886275427313,3.0,3.25,26,0.22500875006260565,nan,nan,166,428,465,0
1.0,0.0,9,3,9979934886275427313,3.0,3.25,26,0.08148091448989005,nan,nan,166,428,465,0
1.0,0.0,10,1,16178901099869224697,3.0,3.25,26,0.5334611631589651,nan,nan,209,639,612,0
1.0,0.0,10,2,16178901099869224697,3.0,3.25,26,0.16581190374578308,nan,nan,209,639,612,0
1.0,0.0,10,3,16178901099869224697,3.0,3.25,26,0.039148381714867314,nan,nan,209,639,612,0
1.0,0.0,11,1,14469594876334839777,3.0,3.25,26,0.48978802173682445,nan,nan,245,688,605,0
1.0,0.0,11,2,14469594876334839777,3.0,3.25,26,0.15455856495259887,nan,nan,245,688,605,0
1.0,0.0,11,3,14469594876334839777,3.0,3.25,26,0.02780029178130439,nan,nan,245,688,605,0
1.0,0.0,12,1,17831225835627670694,3.0,3.25,26,0.5385238441363985,nan,nan,212,618,567,0
1.0,0.0,12,2,17831225835627670694,3.0,3.25,26,0.21174773318272005,nan,nan,212,618,567,0
1.0,0.0,12,3,17831225835627670694,3.0,3.25,26,0.07302326678203962,nan,nan,212,618,567,0
1.0,0.0,13,1,5538091928975210901,3.0,3.25,26,0.5126611595438447,nan,nan,170,477,492,0
1.0,0.0,13,2,5538091928975210901,3.0,3.25,26,0.16760126265873954,nan,nan,170,477,492,0
1.0,0.0,13,3,5538091928975210901,3.0,3.25,26,0.042255502319882794,nan,nan,170,477,492,0
1.0,0.0,14,1,8472815024315578023,3.0,3.25,26,0.49513559237187105,nan,nan,194,572,555,0
1.0,0.0,14,2,8472815024315578023,3.0,3.25,26,0.2082888287640564,nan,nan,194,572,555,0
1.0,0.0,14,3,8472815024315578023,3.0,3.25,26,0.058381461547157176,nan,nan,194,572,555,0
1.0,0.0,15,1,5871984420276890934,3.0,3.25,26,0.5406773881273962,nan,nan,177,497,515,0
1.0,0.0,15,2,5871984420276890934,3.0,3.25,26,0.2337177422048782,nan,nan,177,497,515,0
1.0,0.0,15,3,5871984420276890934,3.0,3.25,26,0.05458616439203522,nan,nan,177,497,515,0
1.0,0.0,16,1,886597038855913495,3.0,3.25,26,0.5358320190700698,nan,nan,166,467,488,0
1.0,0.0,16,2,886597038855913495,3.0,3.25,26,0.16710203910362786,nan,nan,166,467,488,0
1.0,0.0,16,3,886597038855913495,3.0,3.25,26,0.0515966182823014,nan,nan,166,467,488,0
1.0,0.0,17,1,6213831385982037300,3.0,3.25,26,0.49902455032401316,nan,nan,194,556,548,0
1.0,0.0,17,2,6213831385982037300,3.0,3.25,26,0.1545855455565066,nan,nan,194,556,548,0
1.0,0.0,17,3,6213831385982037300,3.0,3.25,26,0.018247002987934604,nan,nan,194,556,548,0
1.0,0.0,18,1,1516459689095989557,3.0,3.25,26,0.47790854202172306,nan,nan,224,679,652,0
1.0,0.0,18,2,1516459689095989557,3.0,3.25,26,0.16326571611270807,nan,nan,224,679,652,0
1.0,0.0,18,3,1516459689095989557,3.0,3.25,26,0.02654345870139322,nan,nan,224,679,652,0
1.0,0.0,19,1,2947035382326983204,3.0,3.25,26,0.512425877289526,nan,nan,203,590,575,0
1.0,0.0,19,2,2947035382326983204,3.0,3.25,26,0.17551907738991973,nan,nan,203,590,575,0
1.0,0.0,19,3,2947035382326983204,3.0,3.25,26,0.03619144764520033,nan,nan,203,590,575,0
1.0,0.0,20,1,12654866483258086932,3.0,3.25,26,0.5690831761828563,nan,nan,161,415,447,0
1.0,0.0,20,2,12654866483258086932,3.0,3.25,26,0.20813029382984963,nan,nan,161,415,447,0
1.0,0.0,20,3,12654866483258086932,3.0,3.25,26,0.04551891230456288,nan,nan,161,415,447,0
1.0,0.0,21,1,17410599932449684477,3.0,3.25,26,0.5036711777303665,nan,nan,160,404,445,0
1.0,0.0,21,2,17410599932449684477,3.0,3.25,26,0.18874192291510267,nan,nan,160,404,445,0
1.0,0.0,21,3,17410599932449684477,3.0,3.25,26,0.03523002759396426,nan,nan,160,404,445,0
1.0,0.0,22,1,17501786927101628033,3.0,3.25,26,0.5000616360451209,nan,nan,178,506,523,0
1.0,0.0,22,2,17501786927101628033,3.0,3.25,26,0.18856373332852072,nan,nan,178,506,523,0
1.0,0.0,22,3,17501786927101628033,3.0,3.25,26,0.046127159522095604,nan,nan,178,506,523,0
1.0,0.0,23,1,17389509185355935807,3.0,3.25,26,0.4610969834044297,nan,nan,165,445,475,0
1.0,0.0,23,2,17389509185355935807,3.0,3.25,26,0.15553909285875306,nan,nan,165,445,475,0
1.0,0.0,23,3,17389509185355935807,3.0,3.25,26,0.04971133641563526,nan,nan,165,445,475,0
1.0,0.0,24,1,4614491588812200496,3.0,3.25,26,0.5689780918873695,nan,nan,170,500,501,0
1.0,0.0,24,2,4614491588812200496,3.0,3.25,26,0.22201506848446637,nan,nan,170,500,501,0
1.0,0.0,24,3,4614491588812200496,3.0,3.25,26,0.07051902244821509,nan,nan,170,500,501,0
1.0,0.0,25,1,8978922435704769089,3.0,3.25,26,0.461139390742028,nan,nan,175,500,508,0
1.0,0.0,25,2,8978922435704769089,3.0,3.25,26,0.1781780107307462,nan,nan,175,500,508,0
1.0,0.0,25,3,8978922435704769089,3.0,3.25,26,0.05586951255793445,nan,nan,175,500,508,0
1.0,0.0,26,1,12333667909833575069,3.0,3.25,26,0.5196711575169578,nan,nan,190,556,532,0
1.0,0.0,26,2,12333667909833575069,3.0,3.25,26,0.14826324094084967,nan,nan,190,556,532,0
1.0,0.0,26,3,12333667909833575069,3.0,3.25,26,0.040681460033476946,nan,nan,190,556,532,0
1.0,0.0,27,1,1326783448611681819,3.0,3.25,26,0.47833670704538955,nan,nan,161,432,457,0
1.0,0.0,27,2,1326783448611681819,3.0,3.25,26,0.1151645841127183,nan,nan,161,432,457,0
1.0,0.0,27,3,1326783448611681819,3.0,3.25,26,0.014010336809006114,nan,nan,161,432,457,0
1.0,0.0,28,1,17217453223867692099,3.0,3.25,26,0.5523547277027389,nan,nan,163,442,450,0
1.0,0.0,28,2,17217453223867692099,3.0,3.25,26,0.1858876902586653,nan,nan,163,442,450,0
1.0,0.0,28,3,17217453223867692099,3.0,3.25,26,0.05972023083131623,nan,nan,163,442,450,0
1.0,0.0,29,1,8474708338545233206,3.0,3.25,26,0.5531778002903163,nan,nan,196,573,540,0
1.0,0.0,29,2,8474708338545233206,3.0,3.25,26,0.1918030307971092,nan,nan,196,573,540,0
1.0,0.0,29,3,8474708338545233206,3.0,3.25,26,0.046298279378127735,nan,nan,196,573,540,0
1.0,0.0,30,1,11265528483438409903,3.0,3.25,26,0.4982051358704789,nan,nan,169,459,480,0
1.0,0.0,30,2,11265528483438409903,3.0,3.25,26,0.1737964637140557,nan,nan,169,459,480,0
1.0,0.0,30,3,11265528483438409903,3.0,3.25,26,0.022126772807036312,nan,nan,169,459,480,0
1.0,0.0,31,1,17908481596664723114,3.0,3.25,26,0.4570688738721253,nan,nan,160,390,439,0
1.0,0.0,31,2,17908481596664723114,3.0,3.25,26,0.1556385122367592,nan,nan,160,390,439,0
1.0,0.0,31,3,17908481596664723114,3.0,3.25,26,0.05662053219420142,nan,nan,160,390,439,0
1.0,0.0,32,1,16659959650026730654,3.0,3.25,26,0.5200617982690446,nan,nan,163,467,496,0
1.0,0.0,32,2,16659959650026730654,3.0,3.25,26,0.19085546825529512,nan,nan,163,467,496,0
1.0,0.0,32,3,16659959650026730654,3.0,3.25,26,0.0334139620725682,nan,nan,163,467,496,0
1.0,0.0,33,1,828413657932351846,3.0,3.25,26,0.4895978674133561,nan,nan,185,544,536,0
1.0,0.0,33,2,828413657932351846,3.0,3.25,26,0.168075737222254,nan,nan,185,544,536,0
1.0,0.0,33,3,828413657932351846,3.0,3.25,26,0.04896759000639762,nan,nan,185,544,536,0
1.0,0.0,34,1,9616276948293958391,3.0,3.25,26,0.5168391078367531,nan,nan,169,492,488,0
1.0,0.0,34,2,9616276948293958391,3.0,3.25,26,0.1670499447677714,nan,nan,169,492,488,0
1.0,0.0,34,3,9616276948293958391,3.0,3.25,26,0.05114179895083025,nan,nan,169,492,488,0
1.0,0.0,35,1,12156224218914416911,3.0,3.25,26,0.4594195214661497,nan,nan,174,452,487,0
1.0,0.0,35,2,12156224218914416911,3.0,3.25,26,0.0921867039798915,nan,nan,174,452,487,0
1.0,0.0,35,3,12156224218914416911,3.0,3.25,26,0.020428898387682495,nan,nan,174,452,487,0
1.0,0.0,36,1,16575388213121487919,3.0,3.25,26,0.5141484480623493,nan,nan,171,428,469,0
1.0,0.0,36,2,16575388213121487919,3.0,3.25,26,0.19601233536265975,nan,nan,171,428,469,0
1.0,0.0,36,3,16575388213121487919,3.0,3.25,26,0.06109254284064673,nan,nan,171,428,469,0
1.0,0.0,37,1,10370944620264689461,3.0,3.25,26,0.5301586657214933,nan,nan,177,450,483,0
1.0,0.0,37,2,10370944620264689461,3.0,3.25,26,0.18950049976898994,nan,nan,177,450,483,0
1.0,0.0,37,3,10370944620264689461,3.0,3.25,26,0.0743377340234826,nan,nan,177,450,483,0
1.0,0.0,38,1,9585052467966924175,3.0,3.25,26,0.532287383670874,nan,nan,194,594,562,0
1.0,0.0,38,2,9585052467966924175,3.0,3.25,26,0.1505518791326697,nan,nan,194,594,562,0
1.0,0.0,38,3,9585052467966924175,3.0,3.25,26,0.0419814331431071,nan,nan,194,594,562,0
1.0,0.0,39,1,6036135342212470411,3.0,3.25,26,0.4617775772665856,nan,nan,196,523,525,0
1.0,0.0,39,2,6036135342212470411,3.0,3.25,26,0.13640702010534173,nan,nan,196,523,525,0
1.0,0.0,39,3,6036135342212470411,3.0,3.25,26,0.03384775664153045,nan,nan,196,523,525,0
1.0,0.0,40,1,15123630424605005686,3.0,3.25,26,0.5274212761348908,nan,nan,193,527,523,0
1.0,0.0,40,2,15123630424605005686,3.0,3.25,26,0.1806244260393985,nan,nan,193,527,523,0
1.0,0.0,40,3,15123630424605005686,3.0,3.25,26,0.04014438875539077,nan,nan,193,527,523,0
1.0,0.0,41,1,2046927845118205695,3.0,3.25,26,0.5882937852761992,nan,nan,240,658,580,0
1.0,0.0,41,2,2046927845118205695,3.0,3.25,26,0.22831565821010422,nan,nan,240,658,580,0
1.0,0.0,41,3,2046927845118205695,3.0,3.25,26,0.06789511698916201,nan,nan,240,658,580,0
1.0,0.0,42,1,12277897253877963829,3.0,3.25,26,0.4863040985253908,nan,nan,167,496,501,0
1.0,0.0,42,2,12277897253877963829,3.0,3.25,26,0.15899457781278611,nan,nan,167,496,501,0
1.0,0.0,42,3,12277897253877963829,3.0,3.25,26,0.04989407675038019,nan,nan,167,496,501,0
1.0,0.0,43,1,9747475717600056554,3.0,3.25,26,0.45203194988650136,nan,nan,177,515,538,0
1.0,0.0,43,2,9747475717600056554,3.0,3.25,26,0.12074427876718981,nan,nan,177,515,538,0
1.0,0.0,43,3,9747475717600056554,3.0,3.25,26,0.01620214553492863,nan,nan,177,515,538,0
1.0,0.0,44,1,17461469944874653384,3.0,3.25,26,0.4708964585721559,nan,nan,162,399,443,0
1.0,0.0,44,2,17461469944874653384,3.0,3.25,26,0.13831640986850033,nan,nan,162,399,443,0
1.0,0.0,44,3,17461469944874653384,3.0,3.25,26,0.039014212744457724,nan,nan,162,399,443,0
1.0,0.0,45,1,17385793232692988954,3.0,3.25,26,0.5127304032091761,nan,nan,250,702,633,0
1.0,0.0,45,2,17385793232692988954,3.0,3.25,26,0.15732791138210533,nan,nan,250,702,633,0
1.0,0.0,45,3,17385793232692988954,3.0,3.25,26,0.04255233246407113,nan,nan,250,702,633,0
1.0,0.0,46,1,7571664737066778451,3.0,3.25,26,0.4932570928945844,nan,nan,186,564,560,0
1.0,0.0,46,2,7571664737066778451,3.0,3.25,26,0.16321237102258332,nan,nan,186,564,560,0
1.0,0.0,46,3,7571664737066778451,3.0,3.25,26,0.04994167377466065,nan,nan,186,564,560,0
1.0,0.0,47,1,14963720188672565897,3.0,3.25,26,0.41257882745630814,nan,nan,165,474,520,0
1.0,0.0,47,2,14963720188672565897,3.0,3.25,26,0.06928992294798647,nan,nan,165,474,520,0
1.0,0.0,47,3,14963720188672565897,3.0,3.25,26,0.0023707356969390947,nan,nan,165,474,520,0
1.0,0.0,48,1,7944185792959920027,3.0,3.25,26,0.4762056080058879,nan,nan,178,536,543,0
1.0,0.0,48,2,7944185792959920027,3.0,3.25,26,0.12266274824043723,nan,nan,178,536,543,0
1.0,0.0,48,3,7944185792959920027,3.0,3.25,26,0.022059410748598098,nan,nan,178,536,543,0
1.0,0.0,49,1,5183806301166931955,3.0,3.25,26,0.5107811642497129,nan,nan,184,527,513,0
1.0,0.0,49,2,5183806301166931955,3.0,3.25,26,0.17847199363626104,nan,nan,184,527,513,0
1.0,0.0,49,3,5183806301166931955,3.0,3.25,26,0.04029608540310818,nan,nan,184,527,513,0
1.0,0.0,50,1,110013019977911845,3.0,3.25,26,0.5259645044598504,nan,nan,172,470,485,0
1.0,0.0,50,2,110013019977911845,3.0,3.25,26,0.18184134477175784,nan,nan,172,470,485,0
1.0,0.0,50,3,110013019977911845,3.0,3.25,26,0.03706471948279383,nan,nan,172,470,485,0
1.0,0.0,51,1,13247323432591198725,3.0,3.25,26,0.5875574872367758,nan,nan,183,503,488,0
1.0,0.0,51,2,13247323432591198725,3.0,3.25,26,0.2135546277350554,nan,nan,183,503,488,0
1.0,0.0,51,3,13247323432591198725,3.0,3.25,26,0.04065956317365619,nan,nan,183,503,488,0
1.0,0.0,52,1,14332955464912890968,3.0,3.25,26,0.47308827823003274,nan,nan,209,565,539,0
1.0,0.0,52,2,14332955464912890968,3.0,3.25,26,0.1456269395121436,nan,nan,209,565,539,0
1.0,0.0,52,3,14332955464912890968,3.0,3.25,26,0.036736019602697005,nan,nan,209,565,539,0
1.0,0.0,53,1,17671521327592835461,3.0,3.25,26,0.47766129757934145,nan,nan,219,619,590,0
1.0,0.0,53,2,17671521327592835461,3.0,3.25,26,0.1621055070052049,nan,nan,219,619,590,0
1.0,0.0,53,3,17671521327592835461,3.0,3.25,26,0.0405859682478458,nan,nan,219,619,590,0
1.0,0.0,54,1,10205794323050201297,3.0,3.25,26,0.5066227516968882,nan,nan,187,573,562,0
1.0,0.0,54,2,10205794323050201297,3.0,3.25,26,0.17210370686613466,nan,nan,187,573,562,0
1.0,0.0,54,3,10205794323050201297,3.0,3.25,26,0.03586825735166378,nan,nan,187,573,562,0
1.0,0.0,55,1,7491695397141661421,3.0,3.25,26,0.4935485276239743,nan,nan,177,438,473,0
1.0,0.0,55,2,7491695397141661421,3.0,3.25,26,0.13544064208313877,nan,nan,177,438,473,0
1.0,0.0,55,3,7491695397141661421,3.0,3.25,26,0.021987723846017746,nan,nan,177,438,473,0
1.0,0.0,56,1,3653037494824195630,3.0,3.25,26,0.47919453359647185,nan,nan,175,457,480,0
1.0,0.0,56,2,3653037494824195630,3.0,3.25,26,0.11997780249568166,nan,nan,175,457,480,0
1.0,0.0,56,3,3653037494824195630,3.0,3.25,26,0.019147327508879614,nan,nan,175,457,480,0
1.0,0.0,57,1,6658477184380080222,3.0,3.25,26,0.5237907372675015,nan,nan,174,506,498,0
1.0,0.0,57,2,6658477184380080222,3.0,3.25,26,0.18398304061046683,nan,nan,174,506,498,0
1.0,0.0,57,3,6658477184380080222,3.0,3.25,26,0.06098187846592324,nan,nan,174,506,498,0
1.0,0.0,58,1,9536837925534586908,3.0,3.25,26,0.49465733557892116,nan,nan,174,522,508,0
1.0,0.0,58,2,9536837925534586908,3.0,3.25,26,0.1657682910341854,nan,nan,174,522,508,0
1.0,0.0,58,3,9536837925534586908,3.0,3.25,26,0.06483182191943938,nan,nan,174,522,508,0
1.0,0.0,59,1,8644230302522141364,3.0,3.25,26,0.5353052351142596,nan,nan,169,467,474,0
1.0,0.0,59,2,8644230302522141364,3.0,3.25,26,0.17610642567598483,nan,nan,169,467,474,0
1.0,0.0,59,3,8644230302522141364,3.0,3.25,26,0.04956162014730137,nan,nan,169,467,474,0
1.0,0.0,60,1,494345550940418468,3.0,3.25,26,0.5101837254267687,nan,nan,167,366,422,0
1.0,0.0,60,2,494345550940418468,3.0,3.25,26,0.17831671124629914,nan,nan,167,366,422,0
1.0,0.0,60,3,494345550940418468,3.0,3.25,26,0.053048873364509294,nan,nan,167,366,422,0
1.0,0.0,61,1,12337862506358826499,3.0,3.25,26,0.47518536518764876,nan,nan,171,524,535,0
1.0,0.0,61,2,12337862506358826499,3.0,3.25,26,0.16762995362440233,nan,nan,171,524,535,0
1.0,0.0,61,3,12337862506358826499,3.0,3.25,26,0.043838152726749284,nan,nan,171,524,535,0
1.0,0.0,62,1,5025897316364122145,3.0,3.25,26,0.495004786839842,nan,nan,205,626,589,0
1.0,0.0,62,2,5025897316364122145,3.0,3.25,26,0.17219905078931924,nan,nan,205,626,589,0
1.0,0.0,62,3,5025897316364122145,3.0,3.25,26,0.02996315958648934,nan,nan,205,626,589,0
1.0,0.0,63,1,10361113519052935808,3.0,3.25,26,0.4740112177896283,nan,nan,180,464,496,0
1.0,0.0,63,2,10361113519052935808,3.0,3.25,26,0.12029869344168863,nan,nan,180,464,496,0
1.0,0.0,63,3,10361113519052935808,3.0,3.25,26,0.02778632242738871,nan,nan,180,464,496,0
1.0,0.0,64,1,15295016756812368575,3.0,3.25,26,0.4774093293160076,nan,nan,170,398,446,0
1.0,0.0,64,2,15295016756812368575,3.0,3.25,26,0.13041295388900712,nan,nan,170,398,446,0
1.0,0.0,64,3,15295016756812368575,3.0,3.25,26,0.027327785398692902,nan,nan,170,398,446,0
1.0,0.0,65,1,14321325518709575810,3.0,3.25,26,0.4767165033491307,nan,nan,165,498,498,0
1.0,0.0,65,2,14321325518709575810,3.0,3.25,26,0.08539568042683712,nan,nan,165,498,498,0
1.0,0.0,65,3,14321325518709575810,3.0,3.25,26,0.02218552498071443,nan,nan,165,498,498,0
1.0,0.0,66,1,9421619557662010937,3.0,3.25,26,0.5212677578716282,nan,nan,171,405,448,0
1.0,0.0,66,2,9421619557662010937,3.0,3.25,26,0.14171310573932347,nan,nan,171,405,448,0
1.0,0.0,66,3,9421619557662010937,3.0,3.25,26,0.020565033192404745,nan,nan,171,405,448,0
1.0,0.0,67,1,11167788529675034549,3.0,3.25,26,0.5410327023626713,nan,nan,162,452,460,0
1.0,0.0,67,2,11167788529675034549,3.0,3.25,26,0.21138172091358082,nan,nan,162,452,460,0
1.0,0.0,67,3,11167788529675034549,3.0,3.25,26,0.06600725229458518,nan,nan,162,452,460,0
1.0,0.0,68,1,5439078513372678823,3.0,3.25,26,0.5236481676907175,nan,nan,160,392,430,0
1.0,0.0,68,2,5439078513372678823,3.0,3.25,26,0.12481535079403502,nan,nan,160,392,430,0
1.0,0.0,68,3,5439078513372678823,3.0,3.25,26,0.022715241241545413,nan,nan,160,392,430,0
1.0,0.0,69,1,10914223083260512089,3.0,3.25,26,0.5214532434494153,nan,nan,162,363,420,0
1.0,0.0,69,2,10914223083260512089,3.0,3.25,26,0.14001837428606032,nan,nan,162,363,420,0
1.0,0.0,69,3,10914223083260512089,3.0,3.25,26,0.024573432187510895,nan,nan,162,363,420,0
1.0,0.0,70,1,389658128130043610,3.0,3.25,26,0.5225027290001651,nan,nan,188,558,538,0
1.0,0.0,70,2,389658128130043610,3.0,3.25,26,0.20621925089173235,nan,nan,188,558,538,0
1.0,0.0,70,3,389658128130043610,3.0,3.25,26,0.05569354999919673,nan,nan,188,558,538,0
1.0,0.0,71,1,16542718300961895131,3.0,3.25,26,0.4778375003898566,nan,nan,189,579,562,0
1.0,0.0,71,2,16542718300961895131,3.0,3.25,26,0.15557032570862023,nan,nan,189,579,562,0
1.0,0.0,71,3,16542718300961895131,3.0,3.25,26,0.03815635163900143,nan,nan,189,579,562,0
1.0,0.0,72,1,510060571390827780,3.0,3.25,26,0.46882256938181005,nan,nan,205,570,549,0
1.0,0.0,72,2,510060571390827780,3.0,3.25,26,0.1265331948812116,nan,nan,205,570,549,0
1.0,0.0,72,3,510060571390827780,3.0,3.25,26,0.033715584844175285,nan,nan,205,570,549,0
1.0,0.0,73,1,2639240261217035681,3.0,3.25,26,0.524624711382245,nan,nan,171,453,484,0
1.0,0.0,73,2,2639240261217035681,3.0,3.25,26,0.1872072375728856,nan,nan,171,453,484,0
1.0,0.0,73,3,2639240261217035681,3.0,3.25,26,0.037725380090031756,nan,nan,171,453,484,0
1.0,0.0,74,1,15140529044044558248,3.0,3.25,26,0.5194835021094247,nan,nan,180,502,485,0
1.0,0.0,74,2,15140529044044558248,3.0,3.25,26,0.19956678265741062,nan,nan,180,502,485,0
1.0,0.0,74,3,15140529044044558248,3.0,3.25,26,0.06497598848226871,nan,nan,180,502,485,0
1.0,0.0,75,1,10107027001349771786,3.0,3.25,26,0.5338585268179579,nan,nan,179,514,516,0
1.0,0.0,75,2,10107027001349771786,3.0,3.25,26,0.24662832926935638,nan,nan,179,514,516,0
1.0,0.0,75,3,10107027001349771786,3.0,3.25,26,0.07910803832404249,nan,nan,179,514,516,0
1.0,0.0,76,1,3970249624421357869,3.0,3.25,26,0.47318385225038095,nan,nan,172,363,429,0
1.0,0.0,76,2,3970249624421357869,3.0,3.25,26,0.17229170800072857,nan,nan,172,363,429,0
1.0,0.0,76,3,3970249624421357869,3.0,3.25,26,0.05086506730024488,nan,nan,172,363,429,0
1.0,0.0,77,1,14837269621533202755,3.0,3.25,26,0.45036710580709877,nan,nan,217,645,616,0
1.0,0.0,77,2,14837269621533202755,3.0,3.25,26,0.12588531345767,nan,nan,217,645,616,0
1.0,0.0,77,3,14837269621533202755,3.0,3.25,26,0.02615278515647407,nan,nan,217,645,616,0
1.0,0.0,78,1,11111924844558443216,3.0,3.25,26,0.5248054893749984,nan,nan,188,549,536,0
1.0,0.0,78,2,11111924844558443216,3.0,3.25,26,0.20651137131520658,nan,nan,188,549,536,0
1.0,0.0,78,3,11111924844558443216,3.0,3.25,26,0.06855986175284308,nan,nan,188,549,536,0
1.0,0.0,79,1,7560038977013230537,3.0,3.25,26,0.4956685319328184,nan,nan,172,497,501,0
1.0,0.0,79,2,7560038977013230537,3.0,3.25,26,0.17645732360547484,nan,nan,172,497,501,0
1.0,0.0,79,3,7560038977013230537,3.0,3.25,26,0.03732026151356446,nan,nan,172,497,501,0
1.0,0.0,80,1,1798578993318334417,3.0,3.25,26,0.4607397054028444,nan,nan,194,583,583,0
1.0,0.0,80,2,1798578993318334417,3.0,3.25,26,0.13534091401983225,nan,nan,194,583,583,0
1.0,0.0,80,3,1798578993318334417,3.0,3.25,26,0.02865415457640208,nan,nan,194,583,583,0
1.0,0.0,81,1,11832890270081557852,3.0,3.25,26,0.42332015685868224,nan,nan,200,566,555,0
1.0,0.0,81,2,11832890270081557852,3.0,3.25,26,0.14508303631802927,nan,nan,200,566,555,0
1.0,0.0,81,3,11832890270081557852,3.0,3.25,26,0.030213761649395342,nan,nan,200,566,555,0
1.0,0.0,82,1,14521800078506116004,3.0,3.25,26,0.5123126475689842,nan,nan,179,508,501,0
1.0,0.0,82,2,14521800078506116004,3.0,3.25,26,0.12061468123986732,nan,nan,179,508,501,0
1.0,0.0,82,3,14521800078506116004,3.0,3.25,26,0.012626490085009505,nan,nan,179,508,501,0
1.0,0.0,83,1,6301113738135312221,3.0,3.25,26,0.524690959234167,nan,nan,179,551,537,0
1.0,0.0,83,2,6301113738135312221,3.0,3.25,26,0.1621084698819662,nan,nan,179,551,537,0
1.0,0.0,83,3,6301113738135312221,3.0,3.25,26,0.036643619132138545,nan,nan,179,551,537,0
1.0,0.0,84,1,421299585714695891,3.0,3.25,26,0.5189666111886405,nan,nan,185,550,531,0
1.0,0.0,84,2,421299585714695891,3.0,3.25,26,0.17501021260967645,nan,nan,185,550,531,0
1.0,0.0,84,3,421299585714695891,3.0,3.25,26,0.06269354311030263,nan,nan,185,550,531,0
1.0,0.0,85,1,8871154548886056263,3.0,3.25,26,0.5464893920577885,nan,nan,206,644,604,0
1.0,0.0,85,2,8871154548886056263,3.0,3.25,26,0.1934970676630424,nan,nan,206,644,604,0
1.0,0.0,85,3,8871154548886056263,3.0,3.25,26,0.04286208422984293,nan,nan,206,644,604,0
1.0,0.0,86,1,3747562995049477517,3.0,3.25,26,0.5051506128424189,nan,nan,213,595,587,0
1.0,0.0,86,2,3747562995049477517,3.0,3.25,26,0.1650789709966077,nan,nan,213,595,587,0
1.0,0.0,86,3,3747562995049477517,3.0,3.25,26,0.03833129064761255,nan,nan,213,595,587,0
1.0,0.0,87,1,14809373455419501777,3.0,3.25,26,0.44630939306169104,nan,nan,211,632,608,0
1.0,0.0,87,2,14809373455419501777,3.0,3.25,26,0.12471188476547239,nan,nan,211,632,608,0
1.0,0.0,87,3,14809373455419501777,3.0,3.25,26,0.016234531907207354,nan,nan,211,632,608,0
1.0,0.0,88,1,10497812994639906277,3.0,3.25,26,0.4603355172215337,nan,nan,188,506,529,0
1.0,0.0,88,2,10497812994639906277,3.0,3.25,26,0.10725740760712406,nan,nan,188,506,529,0
1.0,0.0,88,3,10497812994639906277,3.0,3.25,26,0.015284759837997399,nan,nan,188,506,529,0
1.0,0.0,89,1,17599544369922608339,3.0,3.25,26,0.45198217253126927,nan,nan,167,447,491,0
1.0,0.0,89,2,17599544369922608339,3.0,3.25,26,0.1423892039853385,nan,nan,167,447,491,0
1.0,0.0,89,3,17599544369922608339,3.0,3.25,26,0.030721188026576085,nan,nan,167,447,491,0
1.0,0.0,90,1,6126331530580170088,3.0,3.25,26,0.5261277796754112,nan,nan,160,423,471,0
1.0,0.0,90,2,6126331530580170088,3.0,3.25,26,0.17565678100233117,nan,nan,160,423,471,0
1.0,0.0,90,3,6126331530580170088,3.0,3.25,26,0.029295645659562296,nan,nan,160,423,471,0
1.0,0.0,91,1,15100504143765483270,3.0,3.25,26,0.507273766037615,nan,nan,207,613,593,0
1.0,0.0,91,2,15100504143765483270,3.0,3.25,26,0.16682710691286748,nan,nan,207,613,593,0
1.0,0.0,91,3,15100504143765483270,3.0,3.25,26,0.03786384006025992,nan,nan,207,613,593,0
1.0,0.0,92,1,5305224817434708212,3.0,3.25,26,0.44288814607278615,nan,nan,202,529,504,0
1.0,0.0,92,2,5305224817434708212,3.0,3.25,26,0.14532462238182292,nan,nan,202,529,504,0
1.0,0.0,92,3,5305224817434708212,3.0,3.25,26,0.024609093660785033,nan,nan,202,529,504,0
1.0,0.0,93,1,18388011123260686962,3.0,3.25,26,0.4892606249689585,nan,nan,188,531,537,0
1.0,0.0,93,2,18388011123260686962,3.0,3.25,26,0.1733621346607484,nan,nan,188,531,537,0
1.0,0.0,93,3,18388011123260686962,3.0,3.25,26,0.0345615568958508,nan,nan,188,531,537,0
1.0,0.0,94,1,9527687266610015030,3.0,3.25,26,0.5416917012809689,nan,nan,164,438,479,0
1.0,0.0,94,2,9527687266610015030,3.0,3.25,26,0.2058271261252248,nan,nan,164,438,479,0
1.0,0.0,94,3,9527687266610015030,3.0,3.25,26,0.04895025134647143,nan,nan,164,438,479,0
1.0,0.0,95,1,2404471468047443053,3.0,3.25,26,0.5163485956625156,nan,nan,174,470,497,0
1.0,0.0,95,2,2404471468047443053,3.0,3.25,26,0.16783799269655336,nan,nan,174,470,497,0
1.0,0.0,95,3,2404471468047443053,3.0,3.25,26,0.04559234486788082,nan,nan,174,470,497,0
1.0,0.0,96,1,16514012750979417437,3.0,3.25,26,0.4936842677266847,nan,nan,187,581,563,0
1.0,0.0,96,2,16514012750979417437,3.0,3.25,26,0.13191785394283115,nan,nan,187,581,563,0
1.0,0.0,96,3,16514012750979417437,3.0,3.25,26,0.017807446265213224,nan,nan,187,581,563,0
1.0,0.0,97,1,5690754700188030646,3.0,3.25,26,0.44831913336072277,nan,nan,199,514,512,0
1.0,0.0,97,2,5690754700188030646,3.0,3.25,26,0.15699668331515476,nan,nan,199,514,512,0
1.0,0.0,97,3,5690754700188030646,3.0,3.25,26,0.043528581590867886,nan,nan,199,514,512,0
1.0,0.0,98,1,10971217492833075552,3.0,3.25,26,0.49301598355097115,nan,nan,216,624,602,0
1.0,0.0,98,2,10971217492833075552,3.0,3.25,26,0.17676367550749428,nan,nan,216,624,602,0
1.0,0.0,98,3,10971217492833075552,3.0,3.25,26,0.042221779099664104,nan,nan,216,624,602,0
1.0,0.0,99,1,4456417114439457457,3.0,3.25,26,0.5440522823993825,nan,nan,191,551,528,0
1.0,0.0,99,2,4456417114439457457,3.0,3.25,26,0.19527322204673783,nan,nan,191,551,528,0
1.0,0.0,99,3,4456417114439457457,3.0,3.25,26,0.047615953154918546,nan,nan,191,551,528,0
1.0,0.0,100,1,1585310141994049574,3.0,3.25,26,0.5109961936285418,nan,nan,191,571,550,0
1.0,0.0,100,2,1585310141994049574,3.0,3.25,26,0.1599629402413497,nan,nan,191,571,550,0
1.0,0.0,100,3,1585310141994049574,3.0,3.25,26,0.03585633793301519,nan,nan,191,571,550,0
1.0,0.0,101,1,12121865999730027455,3.0,3.25,26,0.5208342091168783,nan,nan,167,442,468,0
1.0,0.0,101,2,12121865999730027455,3.0,3.25,26,0.1831878021872333,nan,nan,167,442,468,0
1.0,0.0,101,3,12121865999730027455,3.0,3.25,26,0.05756741028497438,nan,nan,167,442,468,0
1.0,0.0,102,1,16913864570936609109,3.0,3.25,26,0.5179785829648356,nan,nan,204,556,567,0
1.0,0.0,102,2,16913864570936609109,3.0,3.25,26,0.17375542348102094,nan,nan,204,556,567,0
1.0,0.0,102,3,16913864570936609109,3.0,3.25,26,0.03446167999027046,nan,nan,204,556,567,0
1.0,0.0,103,1,9196488446895164204,3.0,3.25,26,0.4825850048956911,nan,nan,183,508,517,0
1.0,0.0,103,2,9196488446895164204,3.0,3.25,26,0.15784707878815515,nan,nan,183,508,517,0
1.0,0.0,103,3,9196488446895164204,3.0,3.25,26,0.03394319882660613,nan,nan,183,508,517,0
1.0,0.0,104,1,11412751510642110932,3.0,3.25,26,0.4654205216664153,nan,nan,163,503,505,0
1.0,0.0,104,2,11412751510642110932,3.0,3.25,26,0.11804411159988232,nan,nan,163,503,505,0
1.0,0.0,104,3,11412751510642110932,3.0,3.25,26,0.007095354302413793,nan,nan,163,503,505,0
1.0,0.0,105,1,13904347816205990391,3.0,3.25,26,0.5472567848921304,nan,nan,160,403,431,0
1.0,0.0,105,2,13904347816205990391,3.0,3.25,26,0.17897552702504468,nan,nan,160,403,431,0
1.0,0.0,105,3,13904347816205990391,3.0,3.25,26,0.07191542560729591,nan,nan,160,403,431,0
1.0,0.0,106,1,15719345270344557610,3.0,3.25,26,0.46411706172521583,nan,nan,167,461,487,0
1.0,0.0,106,2,15719345270344557610,3.0,3.25,26,0.16673191995302647,nan,nan,167,461,487,0
1.0,0.0,106,3,15719345270344557610,3.0,3.25,26,0.024626885753199837,nan,nan,167,461,487,0
1.0,0.0,107,1,13008560369002454695,3.0,3.25,26,0.4330890916597893,nan,nan,162,308,408,0
1.0,0.0,107,2,13008560369002454695,3.0,3.25,26,0.10134535799924635,nan,nan,162,308,408,0
1.0,0.0,107,3,13008560369002454695,3.0,3.25,26,0.029083845460920063,nan,nan,162,308,408,0
1.0,0.0,108,1,12156250718747450072,3.0,3.25,26,0.5475779292292956,nan,nan,166,467,483,0
1.0,0.0,108,2,12156250718747450072,3.0,3.25,26,0.24704434646981183,nan,nan,166,467,483,0
1.0,0.0,108,3,12156250718747450072,3.0,3.25,26,0.08763213803289925,nan,nan,166,467,483,0
1.0,0.0,109,1,14935066494171276945,3.0,3.25,26,0.5961266653477566,nan,nan,207,560,516,0
1.0,0.0,109,2,14935066494171276945,3.0,3.25,26,0.24940195338810422,nan,nan,207,560,516,0
1.0,0.0,109,3,14935066494171276945,3.0,3.25,26,0.08365956835404562,nan,nan,207,560,516,0
1.0,0.0,110,1,16753847941476852723,3.0,3.25,26,0.4604644859114959,nan,nan,165,389,433,0
1.0,0.0,110,2,16753847941476852723,3.0,3.25,26,0.12494133406332572,nan,nan,165,389,433,0
1.0,0.0,110,3,16753847941476852723,3.0,3.25,26,0.03692220454525657,nan,nan,165,389,433,0
1.0,0.0,111,1,2315173824290818915,3.0,3.25,26,0.5051702650736696,nan,nan,161,449,469,0
1.0,0.0,111,2,2315173824290818915,3.0,3.25,26,0.1854294820761295,nan,nan,161,449,469,0
1.0,0.0,111,3,2315173824290818915,3.0,3.25,26,0.047745375608340516,nan,nan,161,449,469,0
1.0,0.0,112,1,2867724268445247933,3.0,3.25,26,0.5245315222729042,nan,nan,190,564,542,0
1.0,0.0,112,2,2867724268445247933,3.0,3.25,26,0.17199731318004294,nan,nan,190,564,542,0
1.0,0.0,112,3,2867724268445247933,3.0,3.25,26,0.051679736112108535,nan,nan,190,564,542,0
1.0,0.0,113,1,4537272690091875229,3.0,3.25,26,0.4957697264582467,nan,nan,169,494,499,0
1.0,0.0,113,2,4537272690091875229,3.0,3.25,26,0.1706248128074027,nan,nan,169,494,499,0
1.0,0.0,113,3,4537272690091875229,3.0,3.25,26,0.03208638230863375,nan,nan,169,494,499,0
1.0,0.0,114,1,17230045255656344499,3.0,3.25,26,0.5153627099797703,nan,nan,196,580,556,0
1.0,0.0,114,2,17230045255656344499,3.0,3.25,26,0.2030647710032505,nan,nan,196,580,556,0
1.0,0.0,114,3,17230045255656344499,3.0,3.25,26,0.03687035274519434,nan,nan,196,580,556,0
1.0,0.0,115,1,2776529138531216414,3.0,3.25,26,0.5273523354602176,nan,nan,182,513,510,0
1.0,0.0,115,2,2776529138531216414,3.0,3.25,26,0.19613865343194956,nan,nan,182,513,510,0
1.0,0.0,115,3,2776529138531216414,3.0,3.25,26,0.05794833444707555,nan,nan,182,513,510,0
1.0,0.0,116,1,13918028720891036404,3.0,3.25,26,0.5425429314198996,nan,nan,175,512,525,0
1.0,0.0,116,2,13918028720891036404,3.0,3.25,26,0.2183478103905536,nan,nan,175,512,525,0
1.0,0.0,116,3,13918028720891036404,3.0,3.25,26,0.04385752511728563,nan,nan,175,512,525,0
1.0,0.0,117,1,11675939566652015478,3.0,3.25,26,0.5148096264001699,nan,nan,217,606,554,0
1.0,0.0,117,2,11675939566652015478,3.0,3.25,26,0.21745042021515434,nan,nan,217,606,554,0
1.0,0.0,117,3,11675939566652015478,3.0,3.25,26,0.07942509547563183,nan,nan,217,606,554,0
1.0,0.0,118,1,10806369073900938118,3.0,3.25,26,0.5225370929730934,nan,nan,163,390,453,0
1.0,0.0,118,2,10806369073900938118,3.0,3.25,26,0.16412895779580963,nan,nan,163,390,453,0
1.0,0.0,118,3,10806369073900938118,3.0,3.25,26,0.017642215833551717,nan,nan,163,390,453,0
1.0,0.0,119,1,13387226106372646618,3.0,3.25,26,0.482623050502414,nan,nan,207,584,568,0
1.0,0.0,119,2,13387226106372646618,3.0,3.25,26,0.15947177221576275,nan,nan,207,584,568,0
1.0,0.0,119,3,13387226106372646618,3.0,3.25,26,0.04989206521334506,nan,nan,207,584,568,0
1.0,0.25,0,1,13912047505988265829,3.0,3.25,26,0.5500695235185286,nan,nan,167,484,462,51
1.0,0.25,0,2,13912047505988265829,3.0,3.25,26,0.21235000878633162,nan,nan,167,484,462,51
1.0,0.25,0,3,13912047505988265829,3.0,3.25,26,0.06301353083623397,nan,nan,167,484,462,51
1.0,0.25,1,1,17464064603455748768,3.0,3.25,26,0.49017591506336555,nan,nan,174,435,418,53
1.0,0.25,1,2,17464064603455748768,3.0,3.25,26,0.19304459139268698,nan,nan,174,435,418,53
1.0,0.25,1,3,17464064603455748768,3.0,3.25,26,0.05582861749743366,nan,nan,174,435,418,53
1.0,0.25,2,1,12616921697618235801,3.0,3.25,26,0.5741716309339723,nan,nan,175,450,439,62
1.0,0.25,2,2,12616921697618235801,3.0,3.25,26,0.209386716425296,nan,nan,175,450,439,62
1.0,0.25,2,3,12616921697618235801,3.0,3.25,26,0.05648645477320657,nan,nan,175,450,439,62
1.0,0.25,3,1,2314317652524136692,3.0,3.25,26,0.5080088427466994,nan,nan,162,436,434,47
1.0,0.25,3,2,2314317652524136692,3.0,3.25,26,0.18005525598982042,nan,nan,162,436,434,47
1.0,0.25,3,3,2314317652524136692,3.0,3.25,26,0.048309625073615865,nan,nan,162,436,434,47
1.0,0.25,4,1,652785242492174397,3.0,3.25,26,0.6374995842396831,nan,nan,176,543,475,62
1.0,0.25,4,2,652785242492174397,3.0,3.25,26,0.2986170910919074,nan,nan,176,543,475,62
1.0,0.25,4,3,652785242492174397,3.0,3.25,26,0.11672201605620566,nan,nan,176,543,475,62
1.0,0.25,5,1,3446047694712570288,3.0,3.25,26,0.5184621523660694,nan,nan,189,401,420,45
1.0,0.25,5,2,3446047694712570288,3.0,3.25,26,0.15059989030083726,nan,nan,189,401,420,45
1.0,0.25,5,3,3446047694712570288,3.0,3.25,26,0.04139565750212544,nan,nan,189,401,420,45
1.0,0.25,6,1,1258303993920949502,3.0,3.25,26,0.5468830563218258,nan,nan,175,493,471,45
1.0,0.25,6,2,1258303993920949502,3.0,3.25,26,0.21633295949714457,nan,nan,175,493,471,45
1.0,0.25,6,3,1258303993920949502,3.0,3.25,26,0.08090656554178237,nan,nan,175,493,471,45
1.0,0.25,7,1,4736060703996584878,3.0,3.25,26,0.43152640713737056,nan,nan,168,432,457,50
1.0,0.25,7,2,4736060703996584878,3.0,3.25,26,0.1815748291290809,nan,nan,168,432,457,50
1.0,0.25,7,3,4736060703996584878,3.0,3.25,26,0.06840681970069534,nan,nan,168,432,457,50
1.0,0.25,8,1,1432326126659115646,3.0,3.25,26,0.4842546801572864,nan,nan,188,462,451,49
1.0,0.25,8,2,1432326126659115646,3.0,3.25,26,0.12820089607185298,nan,nan,188,462,451,49
1.0,0.25,8,3,1432326126659115646,3.0,3.25,26,0.012902474321693874,nan,nan,188,462,451,49
1.0,0.25,9,1,1345383893387023477,3.0,3.25,26,0.4672631087855645,nan,nan,163,362,398,34
1.0,0.25,9,2,1345383893387023477,3.0,3.25,26,0.1209154415026036,nan,nan,163,362,398,34
1.0,0.25,9,3,1345383893387023477,3.0,3.25,26,0.020977027141319785,nan,nan,163,362,398,34
1.0,0.25,10,1,2960356554369402848,3.0,3.25,26,0.5159525989199374,nan,nan,165,478,460,45
1.0,0.25,10,2,2960356554369402848,3.0,3.25,26,0.18132985221488132,nan,nan,165,478,460,45
1.0,0.25,10,3,2960356554369402848,3.0,3.25,26,0.038863581592353154,nan,nan,165,478,460,45
1.0,0.25,11,1,8550026199612131790,3.0,3.25,26,0.5054130222105061,nan,nan,167,438,450,45
1.0,0.25,11,2,8550026199612131790,3.0,3.25,26,0.1649324541868524,nan,nan,167,438,450,45
1.0,0.25,11,3,8550026199612131790,3.0,3.25,26,0.03036759838780582,nan,nan,167,438,450,45
1.0,0.25,12,1,14330615892538127700,3.0,3.25,26,0.5208853740501274,nan,nan,162,402,433,48
1.0,0.25,12,2,14330615892538127700,3.0,3.25,26,0.2190642061395902,nan,nan,162,402,433,48
1.0,0.25,12,3,14330615892538127700,3.0,3.25,26,0.11830293245318153,nan,nan,162,402,433,48
1.0,0.25,13,1,7377008881641075929,3.0,3.25,26,0.4834471188349153,nan,nan,179,418,417,35
1.0,0.25,13,2,7377008881641075929,3.0,3.25,26,0.11448172717795398,nan,nan,179,418,417,35
1.0,0.25,13,3,7377008881641075929,3.0,3.25,26,0.006028228930170413,nan,nan,179,418,417,35
1.0,0.25,14,1,8936059920432891211,3.0,3.25,26,0.48947944700475116,nan,nan,162,486,473,54
1.0,0.25,14,2,8936059920432891211,3.0,3.25,26,0.18936778384954678,nan,nan,162,486,473,54
1.0,0.25,14,3,8936059920432891211,3.0,3.25,26,0.016019812128318846,nan,nan,162,486,473,54
1.0,0.25,15,1,2964614038118559338,3.0,3.25,26,0.5274103242934856,nan,nan,173,441,460,32
1.0,0.25,15,2,2964614038118559338,3.0,3.25,26,0.19084452921228306,nan,nan,173,441,460,32
1.0,0.25,15,3,2964614038118559338,3.0,3.25,26,0.05559242019672958,nan,nan,173,441,460,32
1.0,0.25,16,1,2079645003201620578,3.0,3.25,26,0.4638670296889499,nan,nan,187,493,480,48
1.0,0.25,16,2,2079645003201620578,3.0,3.25,26,0.14468990488712452,nan,nan,187,493,480,48
1.0,0.25,16,3,2079645003201620578,3.0,3.25,26,0.034480435978838014,nan,nan,187,493,480,48
1.0,0.25,17,1,16390539229589443472,3.0,3.25,26,0.5197643509252031,nan,nan,173,534,499,57
1.0,0.25,17,2,16390539229589443472,3.0,3.25,26,0.1800441224780678,nan,nan,173,534,499,57
1.0,0.25,17,3,16390539229589443472,3.0,3.25,26,0.0857949506005081,nan,nan,173,534,499,57
1.0,0.25,18,1,1198182487979216934,3.0,3.25,26,0.4727013345189575,nan,nan,160,334,380,47
1.0,0.25,18,2,1198182487979216934,3.0,3.25,26,0.05678882181954516,nan,nan,160,334,380,47
1.0,0.25,18,3,1198182487979216934,3.0,3.25,26,0.0011396636725872896,nan,nan,160,334,380,47
1.0,0.25,19,1,13647058848286134514,3.0,3.25,26,0.5164524030664049,nan,nan,166,445,449,45
1.0,0.25,19,2,13647058848286134514,3.0,3.25,26,0.15776168135088445,nan,nan,166,445,449,45
1.0,0.25,19,3,13647058848286134514,3.0,3.25,26,0.023709979993140354,nan,nan,166,445,449,45
1.0,0.25,20,1,9040279411024392621,3.0,3.25,26,0.5546896952942043,nan,nan,183,446,457,54
1.0,0.25,20,2,9040279411024392621,3.0,3.25,26,0.21913741882723078,nan,nan,183,446,457,54
1.0,0.25,20,3,9040279411024392621,3.0,3.25,26,0.08658819072838764,nan,nan,183,446,457,54
1.0,0.25,21,1,3765048874795806699,3.0,3.25,26,0.5240411981456659,nan,nan,184,592,539,60
1.0,0.25,21,2,3765048874795806699,3.0,3.25,26,0.15842985292742792,nan,nan,184,592,539,60
1.0,0.25,21,3,3765048874795806699,3.0,3.25,26,0.040823696727252425,nan,nan,184,592,539,60
1.0,0.25,22,1,3455330486991477653,3.0,3.25,26,0.5808121108039076,nan,nan,163,346,381,43
1.0,0.25,22,2,3455330486991477653,3.0,3.25,26,0.24186033225939502,nan,nan,163,346,381,43
1.0,0.25,22,3,3455330486991477653,3.0,3.25,26,0.0842635561573327,nan,nan,163,346,381,43
1.0,0.25,23,1,846314952322339837,3.0,3.25,26,0.5044559303254693,nan,nan,195,522,496,49
1.0,0.25,23,2,846314952322339837,3.0,3.25,26,0.2163123563770752,nan,nan,195,522,496,49
1.0,0.25,23,3,846314952322339837,3.0,3.25,26,0.07537825817237408,nan,nan,195,522,496,49
1.0,0.25,24,1,18390557581088879535,3.0,3.25,26,0.41518567121290256,nan,nan,165,416,428,53
1.0,0.25,24,2,18390557581088879535,3.0,3.25,26,0.12957064323636713,nan,nan,165,416,428,53
1.0,0.25,24,3,18390557581088879535,3.0,3.25,26,0.025984206800372153,nan,nan,165,416,428,53
1.0,0.25,25,1,11684210596053000254,3.0,3.25,26,0.5752828160049896,nan,nan,168,429,439,41
1.0,0.25,25,2,11684210596053000254,3.0,3.25,26,0.2214146469150965,nan,nan,168,429,439,41
1.0,0.25,25,3,11684210596053000254,3.0,3.25,26,0.06936220220860506,nan,nan,168,429,439,41
1.0,0.25,26,1,5416000852774510453,3.0,3.25,26,0.47628802856651614,nan,nan,176,403,423,58
1.0,0.25,26,2,5416000852774510453,3.0,3.25,26,0.1987051041030659,nan,nan,176,403,423,58
1.0,0.25,26,3,5416000852774510453,3.0,3.25,26,0.05795063516230878,nan,nan,176,403,423,58
1.0,0.25,27,1,6077680523198059981,3.0,3.25,26,0.5012175997373626,nan,nan,174,441,449,55
1.0,0.25,27,2,6077680523198059981,3.0,3.25,26,0.16739055230513686,nan,nan,174,441,449,55
1.0,0.25,27,3,6077680523198059981,3.0,3.25,26,0.05366574828788716,nan,nan,174,441,449,55
1.0,0.25,28,1,6813461721049222114,3.0,3.25,26,0.5346930406399223,nan,nan,164,460,447,54
1.0,0.25,28,2,6813461721049222114,3.0,3.25,26,0.17371026060399453,nan,nan,164,460,447,54
1.0,0.25,28,3,6813461721049222114,3.0,3.25,26,0.041523278551306046,nan,nan,164,460,447,54
1.0,0.25,29,1,14585369884511676606,3.0,3.25,26,0.45345216627377505,nan,nan,165,372,394,36
1.0,0.25,29,2,14585369884511676606,3.0,3.25,26,0.13592650098916734,nan,nan,165,372,394,36
1.0,0.25,29,3,14585369884511676606,3.0,3.25,26,0.05775673970815217,nan,nan,165,372,394,36
1.0,0.25,30,1,18038171653772487858,3.0,3.25,26,0.47421700759957314,nan,nan,173,488,477,51
1.0,0.25,30,2,18038171653772487858,3.0,3.25,26,0.1579928223840443,nan,nan,173,488,477,51
1.0,0.25,30,3,18038171653772487858,3.0,3.25,26,0.06040942876784923,nan,nan,173,488,477,51
1.0,0.25,31,1,12259865150368210621,3.0,3.25,26,0.5216036696032664,nan,nan,183,523,498,58
1.0,0.25,31,2,12259865150368210621,3.0,3.25,26,0.200000474916149,nan,nan,183,523,498,58
1.0,0.25,31,3,12259865150368210621,3.0,3.25,26,0.08698717275226876,nan,nan,183,523,498,58
1.0,0.25,32,1,5536973755682356405,3.0,3.25,26,0.4930632990035872,nan,nan,169,407,422,50
1.0,0.25,32,2,5536973755682356405,3.0,3.25,26,0.22955424754617215,nan,nan,169,407,422,50
1.0,0.25,32,3,5536973755682356405,3.0,3.25,26,0.12258342651239801,nan,nan,169,407,422,50
1.0,0.25,33,1,11554612343828987520,3.0,3.25,26,0.5722130435972411,nan,nan,170,463,443,47
1.0,0.25,33,2,11554612343828987520,3.0,3.25,26,0.260217289066339,nan,nan,170,463,443,47
1.0,0.25,33,3,11554612343828987520,3.0,3.25,26,0.09335777852354944,nan,nan,170,463,443,47
1.0,0.25,34,1,7036954383553887058,3.0,3.25,26,0.5409728404160729,nan,nan,169,522,497,51
1.0,0.25,34,2,7036954383553887058,3.0,3.25,26,0.22519385508459122,nan,nan,169,522,497,51
1.0,0.25,34,3,7036954383553887058,3.0,3.25,26,0.06573312204616527,nan,nan,169,522,497,51
1.0,0.25,35,1,7756997303532718326,3.0,3.25,26,0.4653358742776503,nan,nan,184,473,481,51
1.0,0.25,35,2,7756997303532718326,3.0,3.25,26,0.13393061339647144,nan,nan,184,473,481,51
1.0,0.25,35,3,7756997303532718326,3.0,3.25,26,0.015499784560335557,nan,nan,184,473,481,51
1.0,0.25,36,1,7972429879662392868,3.0,3.25,26,0.502610732797948,nan,nan,168,489,471,41
1.0,0.25,36,2,7972429879662392868,3.0,3.25,26,0.15220473671366225,nan,nan,168,489,471,41
1.0,0.25,36,3,7972429879662392868,3.0,3.25,26,0.045657949412099434,nan,nan,168,489,471,41
1.0,0.25,37,1,3326088534745490392,3.0,3.25,26,0.5487917000971395,nan,nan,168,468,456,45
1.0,0.25,37,2,3326088534745490392,3.0,3.25,26,0.18477717058672402,nan,nan,168,468,456,45
1.0,0.25,37,3,3326088534745490392,3.0,3.25,26,0.00870274667223692,nan,nan,168,468,456,45
1.0,0.25,38,1,6625911810113060809,3.0,3.25,26,0.540307247002836,nan,nan,167,459,448,51
1.0,0.25,38,2,6625911810113060809,3.0,3.25,26,0.20129845961469578,nan,nan,167,459,448,51
1.0,0.25,38,3,6625911810113060809,3.0,3.25,26,0.053619998681594366,nan,nan,167,459,448,51
1.0,0.25,39,1,8411995592224900355,3.0,3.25,26,0.49746322917618324,nan,nan,171,492,471,44
1.0,0.25,39,2,8411995592224900355,3.0,3.25,26,0.1629877505700409,nan,nan,171,492,471,44
1.0,0.25,39,3,8411995592224900355,3.0,3.25,26,0.020447819981451475,nan,nan,171,492,471,44
1.0,0.25,40,1,309534170150314918,3.0,3.25,26,0.4288393271463127,nan,nan,163,425,437,52
1.0,0.25,40,2,309534170150314918,3.0,3.25,26,0.0778755954766613,nan,nan,163,425,437,52
1.0,0.25,40,3,309534170150314918,3.0,3.25,26,0.00584059808839807,nan,nan,163,425,437,52
1.0,0.25,41,1,5862050064967211474,3.0,3.25,26,0.4918704301158113,nan,nan,173,412,430,38
1.0,0.25,41,2,5862050064967211474,3.0,3.25,26,0.16684871760593076,nan,nan,173,412,430,38
1.0,0.25,41,3,5862050064967211474,3.0,3.25,26,0.05621425353434932,nan,nan,173,412,430,38
1.0,0.25,42,1,231987286242849960,3.0,3.25,26,0.5571316178193222,nan,nan,164,400,418,42
1.0,0.25,42,2,231987286242849960,3.0,3.25,26,0.19306598940292766,nan,nan,164,400,418,42
1.0,0.25,42,3,231987286242849960,3.0,3.25,26,0.059210317326365405,nan,nan,164,400,418,42
1.0,0.25,43,1,11811214069387281226,3.0,3.25,26,0.4746143541682833,nan,nan,172,406,441,46
1.0,0.25,43,2,11811214069387281226,3.0,3.25,26,0.1785642367207636,nan,nan,172,406,441,46
1.0,0.25,43,3,11811214069387281226,3.0,3.25,26,0.030705033968164767,nan,nan,172,406,441,46
1.0,0.25,44,1,2241779089836951401,3.0,3.25,26,0.5397372231844184,nan,nan,170,416,415,37
1.0,0.25,44,2,2241779089836951401,3.0,3.25,26,0.21494121455177334,nan,nan,170,416,415,37
1.0,0.25,44,3,2241779089836951401,3.0,3.25,26,0.03813974481755554,nan,nan,170,416,415,37
1.0,0.25,45,1,12990299644996023929,3.0,3.25,26,0.5695233804220681,nan,nan,183,550,480,50
1.0,0.25,45,2,12990299644996023929,3.0,3.25,26,0.24705659010088177,nan,nan,183,550,480,50
1.0,0.25,45,3,12990299644996023929,3.0,3.25,26,0.07147297825655495,nan,nan,183,550,480,50
1.0,0.25,46,1,8360115034955280707,3.0,3.25,26,0.550203398172953,nan,nan,165,475,463,43
1.0,0.25,46,2,8360115034955280707,3.0,3.25,26,0.16494071516146663,nan,nan,165,475,463,43
1.0,0.25,46,3,8360115034955280707,3.0,3.25,26,0.03163870288972075,nan,nan,165,475,463,43
1.0,0.25,47,1,1116135126083929133,3.0,3.25,26,0.5379795200279334,nan,nan,168,418,407,41
1.0,0.25,47,2,1116135126083929133,3.0,3.25,26,0.20196758667212983,nan,nan,168,418,407,41
1.0,0.25,47,3,1116135126083929133,3.0,3.25,26,0.04564182497188844,nan,nan,168,418,407,41
1.0,0.25,48,1,17587543419287389801,3.0,3.25,26,0.5530150557858684,nan,nan,174,402,415,40
1.0,0.25,48,2,17587543419287389801,3.0,3.25,26,0.24470592648671058,nan,nan,174,402,415,40
1.0,0.25,48,3,17587543419287389801,3.0,3.25,26,0.10280810189036962,nan,nan,174,402,415,40
1.0,0.25,49,1,7134848589462716679,3.0,3.25,26,0.5458038910224482,nan,nan,168,508,470,47
1.0,0.25,49,2,7134848589462716679,3.0,3.25,26,0.19371206868135238,nan,nan,168,508,470,47
1.0,0.25,49,3,7134848589462716679,3.0,3.25,26,0.062232227477442545,nan,nan,168,508,470,47
1.0,0.25,50,1,7094040364236104610,3.0,3.25,26,0.4645455237235309,nan,nan,214,619,557,59
1.0,0.25,50,2,7094040364236104610,3.0,3.25,26,0.14909681132374694,nan,nan,214,619,557,59
1.0,0.25,50,3,7094040364236104610,3.0,3.25,26,0.018235068654570148,nan,nan,214,619,557,59
1.0,0.25,51,1,11857259133519900973,3.0,3.25,26,0.5222816580833911,nan,nan,165,499,484,48
1.0,0.25,51,2,11857259133519900973,3.0,3.25,26,0.18008279202283212,nan,nan,165,499,484,48
1.0,0.25,51,3,11857259133519900973,3.0,3.25,26,0.0427055121395417,nan,nan,165,499,484,48
1.0,0.25,52,1,17903422945668218350,3.0,3.25,26,0.5842682739730954,nan,nan,160,431,420,50
1.0,0.25,52,2,17903422945668218350,3.0,3.25,26,0.25240708060470085,nan,nan,160,431,420,50
1.0,0.25,52,3,17903422945668218350,3.0,3.25,26,0.08312279686275195,nan,nan,160,431,420,50
1.0,0.25,53,1,3262259063576400321,3.0,3.25,26,0.4486444279921517,nan,nan,165,487,476,54
1.0,0.25,53,2,3262259063576400321,3.0,3.25,26,0.17404948661258532,nan,nan,165,487,476,54
1.0,0.25,53,3,3262259063576400321,3.0,3.25,26,0.05094311823775807,nan,nan,165,487,476,54
1.0,0.25,54,1,153188724991175532,3.0,3.25,26,0.5008551716423095,nan,nan,165,422,433,50
1.0,0.25,54,2,153188724991175532,3.0,3.25,26,0.15481422918929988,nan,nan,165,422,433,50
1.0,0.25,54,3,153188724991175532,3.0,3.25,26,0.03763930821028327,nan,nan,165,422,433,50
1.0,0.25,55,1,13710446234713684593,3.0,3.25,26,0.5295405734139028,nan,nan,180,465,452,40
1.0,0.25,55,2,13710446234713684593,3.0,3.25,26,0.18775918753395632,nan,nan,180,465,452,40
1.0,0.25,55,3,13710446234713684593,3.0,3.25,26,0.04497261623291731,nan,nan,180,465,452,40
1.0,0.25,56,1,912084334840109990,3.0,3.25,26,0.4849782520182317,nan,nan,167,427,443,49
1.0,0.25,56,2,912084334840109990,3.0,3.25,26,0.12442995186798825,nan,nan,167,427,443,49
1.0,0.25,56,3,912084334840109990,3.0,3.25,26,0.009129565981728528,nan,nan,167,427,443,49
1.0,0.25,57,1,4830171393909439179,3.0,3.25,26,0.45326312560508997,nan,nan,173,448,466,44
1.0,0.25,57,2,4830171393909439179,3.0,3.25,26,0.14396559686228522,nan,nan,173,448,466,44
1.0,0.25,57,3,4830171393909439179,3.0,3.25,26,0.05072610836061143,nan,nan,173,448,466,44
1.0,0.25,58,1,1227405043107111649,3.0,3.25,26,0.5300063666960306,nan,nan,202,552,533,64
1.0,0.25,58,2,1227405043107111649,3.0,3.25,26,0.16936238644727822,nan,nan,202,552,533,64
1.0,0.25,58,3,1227405043107111649,3.0,3.25,26,0.019581278554082385,nan,nan,202,552,533,64
1.0,0.25,59,1,474236473077458275,3.0,3.25,26,0.48257445627279716,nan,nan,173,452,458,44
1.0,0.25,59,2,474236473077458275,3.0,3.25,26,0.12476038946125972,nan,nan,173,452,458,44
1.0,0.25,59,3,474236473077458275,3.0,3.25,26,0.024544541251756383,nan,nan,173,452,458,44
1.0,0.25,60,1,17252918499721273698,3.0,3.25,26,0.42591371458437116,nan,nan,174,399,415,48
1.0,0.25,60,2,17252918499721273698,3.0,3.25,26,0.09740557279087364,nan,nan,174,399,415,48
1.0,0.25,60,3,17252918499721273698,3.0,3.25,26,0.016312436909885993,nan,nan,174,399,415,48
1.0,0.25,61,1,16889789369330494759,3.0,3.25,26,0.5235091592567186,nan,nan,160,399,393,51
1.0,0.25,61,2,16889789369330494759,3.0,3.25,26,0.1735368674858963,nan,nan,160,399,393,51
1.0,0.25,61,3,16889789369330494759,3.0,3.25,26,0.03544896781660218,nan,nan,160,399,393,51
1.0,0.25,62,1,3382747200877204275,3.0,3.25,26,0.45571623023161234,nan,nan,175,486,493,49
1.0,0.25,62,2,3382747200877204275,3.0,3.25,26,0.10124375435176763,nan,nan,175,486,493,49
1.0,0.25,62,3,3382747200877204275,3.0,3.25,26,0.009629839718522496,nan,nan,175,486,493,49
1.0,0.25,63,1,12202899265939713223,3.0,3.25,26,0.5119547756922207,nan,nan,166,418,410,41
1.0,0.25,63,2,12202899265939713223,3.0,3.25,26,0.13479714724891326,nan,nan,166,418,410,41
1.0,0.25,63,3,12202899265939713223,3.0,3.25,26,0.029208762589845512,nan,nan,166,418,410,41
1.0,0.25,64,1,11982492438751710145,3.0,3.25,26,0.43211100013913684,nan,nan,160,410,427,38
1.0,0.25,64,2,11982492438751710145,3.0,3.25,26,0.07202344509915207,nan,nan,160,410,427,38
1.0,0.25,64,3,11982492438751710145,3.0,3.25,26,0.015685635964761364,nan,nan,160,410,427,38
1.0,0.25,65,1,6889952037327245346,3.0,3.25,26,0.5314139922858255,nan,nan,167,410,425,33
1.0,0.25,65,2,6889952037327245346,3.0,3.25,26,0.16122834481755283,nan,nan,167,410,425,33
1.0,0.25,65,3,6889952037327245346,3.0,3.25,26,0.02858455159490034,nan,nan,167,410,425,33
1.0,0.25,66,1,12088410215675233660,3.0,3.25,26,0.5772464079029274,nan,nan,161,385,405,40
1.0,0.25,66,2,12088410215675233660,3.0,3.25,26,0.22742687691456925,nan,nan,161,385,405,40
1.0,0.25,66,3,12088410215675233660,3.0,3.25,26,0.05715725932337594,nan,nan,161,385,405,40
1.0,0.25,67,1,9105588619699446040,3.0,3.25,26,0.5241178065790957,nan,nan,174,520,487,56
1.0,0.25,67,2,9105588619699446040,3.0,3.25,26,0.17918318393555827,nan,nan,174,520,487,56
1.0,0.25,67,3,9105588619699446040,3.0,3.25,26,0.048479546172766494,nan,nan,174,520,487,56
1.0,0.25,68,1,8118532236304022646,3.0,3.25,26,0.5165023337092438,nan,nan,180,483,477,58
1.0,0.25,68,2,8118532236304022646,3.0,3.25,26,0.16451771357310044,nan,nan,180,483,477,58
1.0,0.25,68,3,8118532236304022646,3.0,3.25,26,0.015859461190233463,nan,nan,180,483,477,58
1.0,0.25,69,1,2007503265121469906,3.0,3.25,26,0.5043198384838584,nan,nan,165,357,389,47
1.0,0.25,69,2,2007503265121469906,3.0,3.25,26,0.18813545837669288,nan,nan,165,357,389,47
1.0,0.25,69,3,2007503265121469906,3.0,3.25,26,0.055368835003998425,nan,nan,165,357,389,47
1.0,0.25,70,1,6691186648882943086,3.0,3.25,26,0.5022525833619294,nan,nan,174,529,491,48
1.0,0.25,70,2,6691186648882943086,3.0,3.25,26,0.1803078883067323,nan,nan,174,529,491,48
1.0,0.25,70,3,6691186648882943086,3.0,3.25,26,0.0562033939999227,nan,nan,174,529,491,48
1.0,0.25,71,1,2631018039738517585,3.0,3.25,26,0.5378150036636081,nan,nan,164,356,362,50
1.0,0.25,71,2,2631018039738517585,3.0,3.25,26,0.1910311540964324,nan,nan,164,356,362,50
1.0,0.25,71,3,2631018039738517585,3.0,3.25,26,0.036756433999413377,nan,nan,164,356,362,50
1.0,0.25,72,1,363958699539469265,3.0,3.25,26,0.46288851385453256,nan,nan,171,446,449,47
1.0,0.25,72,2,363958699539469265,3.0,3.25,26,0.14225816497061824,nan,nan,171,446,449,47
1.0,0.25,72,3,363958699539469265,3.0,3.25,26,0.022813306905178434,nan,nan,171,446,449,47
1.0,0.25,73,1,8105558908733330439,3.0,3.25,26,0.5295385417891512,nan,nan,168,496,469,51
1.0,0.25,73,2,8105558908733330439,3.0,3.25,26,0.19785255418364026,nan,nan,168,496,469,51
1.0,0.25,73,3,8105558908733330439,3.0,3.25,26,0.06316647650231919,nan,nan,168,496,469,51
1.0,0.25,74,1,2186125078495033594,3.0,3.25,26,0.5836008862623785,nan,nan,171,518,480,54
1.0,0.25,74,2,2186125078495033594,3.0,3.25,26,0.21390986844317944,nan,nan,171,518,480,54
1.0,0.25,74,3,2186125078495033594,3.0,3.25,26,0.06511656021564294,nan,nan,171,518,480,54
1.0,0.25,75,1,16694797249662690125,3.0,3.25,26,0.5071879545865765,nan,nan,169,519,475,57
1.0,0.25,75,2,16694797249662690125,3.0,3.25,26,0.17267853144159842,nan,nan,169,519,475,57
1.0,0.25,75,3,16694797249662690125,3.0,3.25,26,0.037009273681316825,nan,nan,169,519,475,57
1.0,0.25,76,1,16593595934759998477,3.0,3.25,26,0.536614692530671,nan,nan,161,378,412,35
1.0,0.25,76,2,16593595934759998477,3.0,3.25,26,0.19512185757260372,nan,nan,161,378,412,35
1.0,0.25,76,3,16593595934759998477,3.0,3.25,26,0.05863660923544601,nan,nan,161,378,412,35
1.0,0.25,77,1,17863361105120428600,3.0,3.25,26,0.5360702898936685,nan,nan,177,530,499,52
1.0,0.25,77,2,17863361105120428600,3.0,3.25,26,0.1635835929239185,nan,nan,177,530,499,52
1.0,0.25,77,3,17863361105120428600,3.0,3.25,26,0.026902046268649837,nan,nan,177,530,499,52
1.0,0.25,78,1,4445016806532131274,3.0,3.25,26,0.5055663258145089,nan,nan,187,556,512,60
1.0,0.25,78,2,4445016806532131274,3.0,3.25,26,0.20697010204677954,nan,nan,187,556,512,60
1.0,0.25,78,3,4445016806532131274,3.0,3.25,26,0.08441329401349593,nan,nan,187,556,512,60
1.0,0.25,79,1,14959244151136162220,3.0,3.25,26,0.47095395386664374,nan,nan,167,415,450,38
1.0,0.25,79,2,14959244151136162220,3.0,3.25,26,0.15293226022554895,nan,nan,167,415,450,38
1.0,0.25,79,3,14959244151136162220,3.0,3.25,26,0.038796110968614024,nan,nan,167,415,450,38
1.0,0.25,80,1,11776257029520646578,3.0,3.25,26,0.46261508960779196,nan,nan,169,403,430,45
1.0,0.25,80,2,11776257029520646578,3.0,3.25,26,0.100551556274027,nan,nan,169,403,430,45
1.0,0.25,80,3,11776257029520646578,3.0,3.25,26,0.0031683361652318333,nan,nan,169,403,430,45
1.0,0.25,81,1,8560689604089270140,3.0,3.25,26,0.45527919890529656,nan,nan,173,388,416,51
1.0,0.25,81,2,8560689604089270140,3.0,3.25,26,0.14435347927090342,nan,nan,173,388,416,51
1.0,0.25,81,3,8560689604089270140,3.0,3.25,26,0.03013143914910022,nan,nan,173,388,416,51
1.0,0.25,82,1,7639904178691622435,3.0,3.25,26,0.5040035364907267,nan,nan,184,497,474,55
1.0,0.25,82,2,7639904178691622435,3.0,3.25,26,0.19476574809834796,nan,nan,184,497,474,55
1.0,0.25,82,3,7639904178691622435,3.0,3.25,26,0.06912775195756046,nan,nan,184,497,474,55
1.0,0.25,83,1,8967478460565895703,3.0,3.25,26,0.43724574847463377,nan,nan,167,396,429,36
1.0,0.25,83,2,8967478460565895703,3.0,3.25,26,0.12557454746313196,nan,nan,167,396,429,36
1.0,0.25,83,3,8967478460565895703,3.0,3.25,26,0.01612978526921349,nan,nan,167,396,429,36
1.0,0.25,84,1,18277103513472600068,3.0,3.25,26,0.5215806633138856,nan,nan,164,430,428,42
1.0,0.25,84,2,18277103513472600068,3.0,3.25,26,0.2111569975846954,nan,nan,164,430,428,42
1.0,0.25,84,3,18277103513472600068,3.0,3.25,26,0.04598168934210867,nan,nan,164,430,428,42
1.0,0.25,85,1,16272063295688245463,3.0,3.25,26,0.5612580785141823,nan,nan,164,391,397,44
1.0,0.25,85,2,16272063295688245463,3.0,3.25,26,0.26390697185527917,nan,nan,164,391,397,44
1.0,0.25,85,3,16272063295688245463,3.0,3.25,26,0.08480165969572068,nan,nan,164,391,397,44
1.0,0.25,86,1,6758502046658789419,3.0,3.25,26,0.419246097667492,nan,nan,165,467,484,57
1.0,0.25,86,2,6758502046658789419,3.0,3.25,26,0.13715567886059687,nan,nan,165,467,484,57
1.0,0.25,86,3,6758502046658789419,3.0,3.25,26,0.04342807591439209,nan,nan,165,467,484,57
1.0,0.25,87,1,9735775760093660384,3.0,3.25,26,0.4936783875188524,nan,nan,179,520,495,50
1.0,0.25,87,2,9735775760093660384,3.0,3.25,26,0.1792308559480637,nan,nan,179,520,495,50
1.0,0.25,87,3,9735775760093660384,3.0,3.25,26,0.02984231989314327,nan,nan,179,520,495,50
1.0,0.25,88,1,16681677123251224158,3.0,3.25,26,0.5426414806718117,nan,nan,189,506,481,65
1.0,0.25,88,2,16681677123251224158,3.0,3.25,26,0.17229452440902784,nan,nan,189,506,481,65
1.0,0.25,88,3,16681677123251224158,3.0,3.25,26,0.05999905985478314,nan,nan,189,506,481,65
1.0,0.25,89,1,5212515191940197814,3.0,3.25,26,0.5610906230038986,nan,nan,172,536,492,50
1.0,0.25,89,2,5212515191940197814,3.0,3.25,26,0.2133219474276332,nan,nan,172,536,492,50
1.0,0.25,89,3,5212515191940197814,3.0,3.25,26,0.07137829364988457,nan,nan,172,536,492,50
1.0,0.25,90,1,13051872741493302653,3.0,3.25,26,0.5332012217247668,nan,nan,166,365,390,38
1.0,0.25,90,2,13051872741493302653,3.0,3.25,26,0.1990879523117248,nan,nan,166,365,390,38
1.0,0.25,90,3,13051872741493302653,3.0,3.25,26,0.041148535432219344,nan,nan,166,365,390,38
1.0,0.25,91,1,7718143552163329943,3.0,3.25,26,0.509044182188308,nan,nan,163,327,379,35
1.0,0.25,91,2,7718143552163329943,3.0,3.25,26,0.1712504333305693,nan,nan,163,327,379,35
1.0,0.25,91,3,7718143552163329943,3.0,3.25,26,0.04767677417160322,nan,nan,163,327,379,35
1.0,0.25,92,1,18302387726532826756,3.0,3.25,26,0.45158634959805405,nan,nan,162,310,384,32
1.0,0.25,92,2,18302387726532826756,3.0,3.25,26,0.1612926753710844,nan,nan,162,310,384,32
1.0,0.25,92,3,18302387726532826756,3.0,3.25,26,0.014535216632712709,nan,nan,162,310,384,32
1.0,0.25,93,1,7873747198747657050,3.0,3.25,26,0.4188290305988608,nan,nan,166,446,469,57
1.0,0.25,93,2,7873747198747657050,3.0,3.25,26,0.10186407123149567,nan,nan,166,446,469,57
1.0,0.25,93,3,7873747198747657050,3.0,3.25,26,0.008864312011238955,nan,nan,166,446,469,57
1.0,0.25,94,1,16554112399660236892,3.0,3.25,26,0.4676526103154597,nan,nan,161,409,432,48
1.0,0.25,94,2,16554112399660236892,3.0,3.25,26,0.19781891064210821,nan,nan,161,409,432,48
1.0,0.25,94,3,16554112399660236892,3.0,3.25,26,0.05684180428476388,nan,nan,161,409,432,48
1.0,0.25,95,1,12799393408562193261,3.0,3.25,26,0.5881743793640424,nan,nan,178,506,490,49
1.0,0.25,95,2,12799393408562193261,3.0,3.25,26,0.26419742652478706,nan,nan,178,506,490,49
1.0,0.25,95,3,12799393408562193261,3.0,3.25,26,0.08195657063132937,nan,nan,178,506,490,49
1.0,0.25,96,1,16869740285750361171,3.0,3.25,26,0.494885267008432,nan,nan,165,427,436,56
1.0,0.25,96,2,16869740285750361171,3.0,3.25,26,0.17172625552778456,nan,nan,165,427,436,56
1.0,0.25,96,3,16869740285750361171,3.0,3.25,26,0.021918589235962425,nan,nan,165,427,436,56
1.0,0.25,97,1,13828978933710201543,3.0,3.25,26,0.5502335439551976,nan,nan,170,400,411,40
1.0,0.25,97,2,13828978933710201543,3.0,3.25,26,0.2434188700722813,nan,nan,170,400,411,40
1.0,0.25,97,3,13828978933710201543,3.0,3.25,26,0.059419444668942854,nan,nan,170,400,411,40
1.0,0.25,98,1,11226031042795422086,3.0,3.25,26,0.5516908681978238,nan,nan,165,433,464,38
1.0,0.25,98,2,11226031042795422086,3.0,3.25,26,0.14177730531996738,nan,nan,165,433,464,38
1.0,0.25,98,3,11226031042795422086,3.0,3.25,26,0.002996571276605849,nan,nan,165,433,464,38
1.0,0.25,99,1,9655920374069578299,3.0,3.25,26,0.5126392793385343,nan,nan,165,351,373,46
1.0,0.25,99,2,9655920374069578299,3.0,3.25,26,0.14404417714666304,nan,nan,165,351,373,46
1.0,0.25,99,3,9655920374069578299,3.0,3.25,26,0.042633279989446785,nan,nan,165,351,373,46
1.0,0.25,100,1,3932747562252700566,3.0,3.25,26,0.510300552409194,nan,nan,199,575,521,57
1.0,0.25,100,2,3932747562252700566,3.0,3.25,26,0.2039373388168792,nan,nan,199,575,521,57
1.0,0.25,100,3,3932747562252700566,3.0,3.25,26,0.048659052324608876,nan,nan,199,575,521,57
1.0,0.25,101,1,7918477735076380999,3.0,3.25,26,0.5510443642534606,nan,nan,176,526,485,54
1.0,0.25,101,2,7918477735076380999,3.0,3.25,26,0.19065656562667083,nan,nan,176,526,485,54
1.0,0.25,101,3,7918477735076380999,3.0,3.25,26,0.06743056453963696,nan,nan,176,526,485,54
1.0,0.25,102,1,11233934188715135325,3.0,3.25,26,0.431140301312681,nan,nan,162,384,418,41
1.0,0.25,102,2,11233934188715135325,3.0,3.25,26,0.16868842535616724,nan,nan,162,384,418,41
1.0,0.25,102,3,11233934188715135325,3.0,3.25,26,0.034665104603082274,nan,nan,162,384,418,41
1.0,0.25,103,1,11983137134737391628,3.0,3.25,26,0.5234924019519952,nan,nan,162,329,377,30
1.0,0.25,103,2,11983137134737391628,3.0,3.25,26,0.15233045741641502,nan,nan,162,329,377,30
1.0,0.25,103,3,11983137134737391628,3.0,3.25,26,0.023716048719485898,nan,nan,162,329,377,30
1.0,0.25,104,1,14600409075500678139,3.0,3.25,26,0.52441742636206,nan,nan,175,549,504,46
1.0,0.25,104,2,14600409075500678139,3.0,3.25,26,0.20769483591849264,nan,nan,175,549,504,46
1.0,0.25,104,3,14600409075500678139,3.0,3.25,26,0.05931373459394144,nan,nan,175,549,504,46
1.0,0.25,105,1,5536672479447494407,3.0,3.25,26,0.5056608739693897,nan,nan,165,486,475,45
1.0,0.25,105,2,5536672479447494407,3.0,3.25,26,0.14098722853661427,nan,nan,165,486,475,45
1.0,0.25,105,3,5536672479447494407,3.0,3.25,26,0.014506629122642611,nan,nan,165,486,475,45
1.0,0.25,106,1,13622506456500332917,3.0,3.25,26,0.5690829816595459,nan,nan,168,430,420,53
1.0,0.25,106,2,13622506456500332917,3.0,3.25,26,0.19945664856680284,nan,nan,168,430,420,53
1.0,0.25,106,3,13622506456500332917,3.0,3.25,26,0.04147842234549567,nan,nan,168,430,420,53
1.0,0.25,107,1,1746320028199242716,3.0,3.25,26,0.5369700944215308,nan,nan,180,570,518,62
1.0,0.25,107,2,1746320028199242716,3.0,3.25,26,0.2157590919061651,nan,nan,180,570,518,62
1.0,0.25,107,3,1746320028199242716,3.0,3.25,26,0.08086617684439196,nan,nan,180,570,518,62
1.0,0.25,108,1,2841903792272451610,3.0,3.25,26,0.5270266481211615,nan,nan,185,491,479,43
1.0,0.25,108,2,2841903792272451610,3.0,3.25,26,0.16475318862882335,nan,nan,185,491,479,43
1.0,0.25,108,3,2841903792272451610,3.0,3.25,26,0.048529694892149075,nan,nan,185,491,479,43
1.0,0.25,109,1,15614939869902825931,3.0,3.25,26,0.48594734533341755,nan,nan,180,506,485,46
1.0,0.25,109,2,15614939869902825931,3.0,3.25,26,0.1323320918072105,nan,nan,180,506,485,46
1.0,0.25,109,3,15614939869902825931,3.0,3.25,26,0.02158889593165789,nan,nan,180,506,485,46
1.0,0.25,110,1,13851611095892427783,3.0,3.25,26,0.5111191355431572,nan,nan,169,489,481,48
1.0,0.25,110,2,13851611095892427783,3.0,3.25,26,0.1677895153022925,nan,nan,169,489,481,48
1.0,0.25,110,3,13851611095892427783,3.0,3.25,26,0.051004113280523206,nan,nan,169,489,481,48
1.0,0.25,111,1,5796409870386855237,3.0,3.25,26,0.527245390113282,nan,nan,170,424,440,48
1.0,0.25,111,2,5796409870386855237,3.0,3.25,26,0.16736750459157257,nan,nan,170,424,440,48
1.0,0.25,111,3,5796409870386855237,3.0,3.25,26,0.02586792701689318,nan,nan,170,424,440,48
1.0,0.25,112,1,6409229722153009543,3.0,3.25,26,0.4982838401164945,nan,nan,166,484,473,50
1.0,0.25,112,2,6409229722153009543,3.0,3.25,26,0.2242981695701269,nan,nan,166,484,473,50
1.0,0.25,112,3,6409229722153009543,3.0,3.25,26,0.06626468039979766,nan,nan,166,484,473,50
1.0,0.25,113,1,3991290276423400872,3.0,3.25,26,0.5296156723099573,nan,nan,178,495,487,43
1.0,0.25,113,2,3991290276423400872,3.0,3.25,26,0.16214738679060256,nan,nan,178,495,487,43
1.0,0.25,113,3,3991290276423400872,3.0,3.25,26,0.03865643808807125,nan,nan,178,495,487,43
1.0,0.25,114,1,82016191742641333,3.0,3.25,26,0.4251647510453408,nan,nan,165,391,425,38
1.0,0.25,114,2,82016191742641333,3.0,3.25,26,0.10116615767722478,nan,nan,165,391,425,38
1.0,0.25,114,3,82016191742641333,3.0,3.25,26,0.008251170408056526,nan,nan,165,391,425,38
1.0,0.25,115,1,15133667435686869120,3.0,3.25,26,0.5007443844434176,nan,nan,188,545,517,52
1.0,0.25,115,2,15133667435686869120,3.0,3.25,26,0.17900266489685046,nan,nan,188,545,517,52
1.0,0.25,115,3,15133667435686869120,3.0,3.25,26,0.040859951886675586,nan,nan,188,545,517,52
1.0,0.25,116,1,9978064937117756217,3.0,3.25,26,0.40465855605358986,nan,nan,163,339,389,37
1.0,0.25,116,2,9978064937117756217,3.0,3.25,26,0.05777870962347262,nan,nan,163,339,389,37
1.0,0.25,116,3,9978064937117756217,3.0,3.25,26,0.009530196913355656,nan,nan,163,339,389,37
1.0,0.25,117,1,11458969465740918122,3.0,3.25,26,0.6166546408165409,nan,nan,163,416,413,56
1.0,0.25,117,2,11458969465740918122,3.0,3.25,26,0.2310443062742212,nan,nan,163,416,413,56
1.0,0.25,117,3,11458969465740918122,3.0,3.25,26,0.08956655716329465,nan,nan,163,416,413,56
1.0,0.25,118,1,10075992857938081831,3.0,3.25,26,0.583840523483668,nan,nan,168,404,393,49
1.0,0.25,118,2,10075992857938081831,3.0,3.25,26,0.23168413796835763,nan,nan,168,404,393,49
1.0,0.25,118,3,10075992857938081831,3.0,3.25,26,0.06671178867834843,nan,nan,168,404,393,49
1.0,0.25,119,1,15785471962406768952,3.0,3.25,26,0.4416787925399838,nan,nan,173,421,462,36
1.0,0.25,119,2,15785471962406768952,3.0,3.25,26,0.126032802727388,nan,nan,173,421,462,36
1.0,0.25,119,3,15785471962406768952,3.0,3.25,26,0.030551717007554918,nan,nan,173,421,462,36
1.0,0.5,0,1,10141882684479807311,3.0,3.25,26,0.4667234908545438,nan,nan,198,502,469,101
1.0,0.5,0,2,10141882684479807311,3.0,3.25,26,0.12578873249203426,nan,nan,198,502,469,101
1.0,0.5,0,3,10141882684479807311,3.0,3.25,26,0.007359138141881905,nan,nan,198,502,469,101
1.0,0.5,1,1,12884514304666577437,3.0,3.25,26,0.5629648048071796,nan,nan,160,367,389,68
1.0,0.5,1,2,12884514304666577437,3.0,3.25,26,0.19188578388804622,nan,nan,160,367,389,68
1.0,0.5,1,3,12884514304666577437,3.0,3.25,26,0.03608545359792922,nan,nan,160,367,389,68
1.0,0.5,2,1,12957881323478417144,3.0,3.25,26,0.4901565474348224,nan,nan,160,338,351,58
1.0,0.5,2,2,12957881323478417144,3.0,3.25,26,0.0869242227404363,nan,nan,160,338,351,58
1.0,0.5,2,3,12957881323478417144,3.0,3.25,26,0.0008742387665285767,nan,nan,160,338,351,58
1.0,0.5,3,1,4017386785695960293,3.0,3.25,26,0.5645563584854807,nan,nan,162,260,319,57
1.0,0.5,3,2,4017386785695960293,3.0,3.25,26,0.2693635937409495,nan,nan,162,260,319,57
1.0,0.5,3,3,4017386785695960293,3.0,3.25,26,0.143302823508982,nan,nan,162,260,319,57
1.0,0.5,4,1,10096138770018009346,3.0,3.25,26,0.5197191091602227,nan,nan,163,485,437,100
1.0,0.5,4,2,10096138770018009346,3.0,3.25,26,0.16883118412738363,nan,nan,163,485,437,100
1.0,0.5,4,3,10096138770018009346,3.0,3.25,26,0.013642465053345772,nan,nan,163,485,437,100
1.0,0.5,5,1,1313784174231233197,3.0,3.25,26,0.530946526132992,nan,nan,167,374,385,80
1.0,0.5,5,2,1313784174231233197,3.0,3.25,26,0.15056453135816167,nan,nan,167,374,385,80
1.0,0.5,5,3,1313784174231233197,3.0,3.25,26,0.0,nan,nan,167,374,385,80
1.0,0.5,6,1,10167767716426624115,3.0,3.25,26,0.5452193645551631,nan,nan,183,469,451,97
1.0,0.5,6,2,10167767716426624115,3.0,3.25,26,0.13015889045874085,nan,nan,183,469,451,97
1.0,0.5,6,3,10167767716426624115,3.0,3.25,26,0.018714288802190237,nan,nan,183,469,451,97
1.0,0.5,7,1,17930617490722225737,3.0,3.25,26,0.49249789160238644,nan,nan,174,433,381,94
1.0,0.5,7,2,17930617490722225737,3.0,3.25,26,0.2075595372749356,nan,nan,174,433,381,94
1.0,0.5,7,3,17930617490722225737,3.0,3.25,26,0.07759686550955164,nan,nan,174,433,381,94
1.0,0.5,8,1,9245636635480888611,3.0,3.25,26,0.6607975757864745,nan,nan,162,271,312,51
1.0,0.5,8,2,9245636635480888611,3.0,3.25,26,0.33766728543870617,nan,nan,162,271,312,51
1.0,0.5,8,3,9245636635480888611,3.0,3.25,26,0.16425266901040236,nan,nan,162,271,312,51
1.0,0.5,9,1,3619951716367068143,3.0,3.25,26,0.5646851071444646,nan,nan,169,384,369,80
1.0,0.5,9,2,3619951716367068143,3.0,3.25,26,0.20256123045779187,nan,nan,169,384,369,80
1.0,0.5,9,3,3619951716367068143,3.0,3.25,26,0.061643327412596344,nan,nan,169,384,369,80
1.0,0.5,10,1,1664430593824559961,3.0,3.25,26,0.5118566882702035,nan,nan,169,509,442,97
1.0,0.5,10,2,1664430593824559961,3.0,3.25,26,0.15527085163042284,nan,nan,169,509,442,97
1.0,0.5,10,3,1664430593824559961,3.0,3.25,26,0.037149449513272606,nan,nan,169,509,442,97
1.0,0.5,11,1,3731928929517453830,3.0,3.25,26,0.5489912207848711,nan,nan,162,374,370,92
1.0,0.5,11,2,3731928929517453830,3.0,3.25,26,0.21729225434338378,nan,nan,162,374,370,92
1.0,0.5,11,3,3731928929517453830,3.0,3.25,26,0.07239260256005571,nan,nan,162,374,370,92
1.0,0.5,12,1,13537749700885474901,3.0,3.25,26,0.5233330839352136,nan,nan,163,363,370,83
1.0,0.5,12,2,13537749700885474901,3.0,3.25,26,0.13281536474133115,nan,nan,163,363,370,83
1.0,0.5,12,3,13537749700885474901,3.0,3.25,26,0.009706394763509164,nan,nan,163,363,370,83
1.0,0.5,13,1,9682743310229705874,3.0,3.25,26,0.38028146962849313,nan,nan,196,445,450,95
1.0,0.5,13,2,9682743310229705874,3.0,3.25,26,0.09878782864505964,nan,nan,196,445,450,95
1.0,0.5,13,3,9682743310229705874,3.0,3.25,26,0.010150583565817403,nan,nan,196,445,450,95
1.0,0.5,14,1,3656669173986238805,3.0,3.25,26,0.5393278319482665,nan,nan,171,347,366,72
1.0,0.5,14,2,3656669173986238805,3.0,3.25,26,0.19386208148988537,nan,nan,171,347,366,72
1.0,0.5,14,3,3656669173986238805,3.0,3.25,26,0.09388154734618455,nan,nan,171,347,366,72
1.0,0.5,15,1,5900648157107300998,3.0,3.25,26,0.4735287714616318,nan,nan,163,364,390,74
1.0,0.5,15,2,5900648157107300998,3.0,3.25,26,0.11703800651031192,nan,nan,163,364,390,74
1.0,0.5,15,3,5900648157107300998,3.0,3.25,26,0.013347815261551913,nan,nan,163,364,390,74
1.0,0.5,16,1,15807060162428760534,3.0,3.25,26,0.47658070978108324,nan,nan,174,423,418,86
1.0,0.5,16,2,15807060162428760534,3.0,3.25,26,0.11189872533675958,nan,nan,174,423,418,86
1.0,0.5,16,3,15807060162428760534,3.0,3.25,26,0.0009676241480038949,nan,nan,174,423,418,86
1.0,0.5,17,1,17823420783064900206,3.0,3.25,26,0.3865990816734169,nan,nan,173,385,414,72
1.0,0.5,17,2,17823420783064900206,3.0,3.25,26,0.11401000396370331,nan,nan,173,385,414,72
1.0,0.5,17,3,17823420783064900206,3.0,3.25,26,0.020053620147430784,nan,nan,173,385,414,72
1.0,0.5,18,1,5642031854381822433,3.0,3.25,26,0.48273404861190855,nan,nan,173,451,429,102
1.0,0.5,18,2,5642031854381822433,3.0,3.25,26,0.16312585716818942,nan,nan,173,451,429,102
1.0,0.5,18,3,5642031854381822433,3.0,3.25,26,0.04240527863771932,nan,nan,173,451,429,102
1.0,0.5,19,1,7400809180986678977,3.0,3.25,26,0.609094202787719,nan,nan,165,327,360,70
1.0,0.5,19,2,7400809180986678977,3.0,3.25,26,0.197514749965626,nan,nan,165,327,360,70
1.0,0.5,19,3,7400809180986678977,3.0,3.25,26,0.039909325201478316,nan,nan,165,327,360,70
1.0,0.5,20,1,17839360351486603746,3.0,3.25,26,0.4223668120528256,nan,nan,169,389,387,76
1.0,0.5,20,2,17839360351486603746,3.0,3.25,26,0.08585932420033122,nan,nan,169,389,387,76
1.0,0.5,20,3,17839360351486603746,3.0,3.25,26,0.005295572578399679,nan,nan,169,389,387,76
1.0,0.5,21,1,11165883416639789164,3.0,3.25,26,0.5042980745887369,nan,nan,161,434,400,106
1.0,0.5,21,2,11165883416639789164,3.0,3.25,26,0.14725669348846657,nan,nan,161,434,400,106
1.0,0.5,21,3,11165883416639789164,3.0,3.25,26,0.009214278650455805,nan,nan,161,434,400,106
1.0,0.5,22,1,2774133142019229698,3.0,3.25,26,0.5656992566752636,nan,nan,174,391,388,90
1.0,0.5,22,2,2774133142019229698,3.0,3.25,26,0.24994620012052235,nan,nan,174,391,388,90
1.0,0.5,22,3,2774133142019229698,3.0,3.25,26,0.13753113533707756,nan,nan,174,391,388,90
1.0,0.5,23,1,7776463905453892854,3.0,3.25,26,0.5250012059506377,nan,nan,180,418,398,82
1.0,0.5,23,2,7776463905453892854,3.0,3.25,26,0.14625411484186326,nan,nan,180,418,398,82
1.0,0.5,23,3,7776463905453892854,3.0,3.25,26,0.04219573384760049,nan,nan,180,418,398,82
1.0,0.5,24,1,825448480098047448,3.0,3.25,26,0.38423595377519415,nan,nan,166,387,400,94
1.0,0.5,24,2,825448480098047448,3.0,3.25,26,0.09680027099238195,nan,nan,166,387,400,94
1.0,0.5,24,3,825448480098047448,3.0,3.25,26,0.029595130574656122,nan,nan,166,387,400,94
1.0,0.5,25,1,9598259236296432763,3.0,3.25,26,0.4862823814816839,nan,nan,174,382,390,86
1.0,0.5,25,2,9598259236296432763,3.0,3.25,26,0.1361839156055866,nan,nan,174,382,390,86
1.0,0.5,25,3,9598259236296432763,3.0,3.25,26,0.01645722630890039,nan,nan,174,382,390,86
1.0,0.5,26,1,12869151751472717836,3.0,3.25,26,0.5225532291586514,nan,nan,161,309,329,71
1.0,0.5,26,2,12869151751472717836,3.0,3.25,26,0.10784997001856494,nan,nan,161,309,329,71
1.0,0.5,26,3,12869151751472717836,3.0,3.25,26,0.033041239091292314,nan,nan,161,309,329,71
1.0,0.5,27,1,149687238350456730,3.0,3.25,26,0.5421134916100125,nan,nan,167,490,446,92
1.0,0.5,27,2,149687238350456730,3.0,3.25,26,0.20478635906031506,nan,nan,167,490,446,92
1.0,0.5,27,3,149687238350456730,3.0,3.25,26,0.05422963021377443,nan,nan,167,490,446,92
1.0,0.5,28,1,7454246734994841891,3.0,3.25,26,0.5264372065183797,nan,nan,165,421,407,71
1.0,0.5,28,2,7454246734994841891,3.0,3.25,26,0.21490101147711932,nan,nan,165,421,407,71
1.0,0.5,28,3,7454246734994841891,3.0,3.25,26,0.10232566720361873,nan,nan,165,421,407,71
1.0,0.5,29,1,10483757239748222131,3.0,3.25,26,0.47339464124479025,nan,nan,169,443,436,89
1.0,0.5,29,2,10483757239748222131,3.0,3.25,26,0.15818023515551824,nan,nan,169,443,436,89
1.0,0.5,29,3,10483757239748222131,3.0,3.25,26,0.039130279913821564,nan,nan,169,443,436,89
1.0,0.5,30,1,7785648529109025802,3.0,3.25,26,0.46101920753149245,nan,nan,178,424,395,95
1.0,0.5,30,2,7785648529109025802,3.0,3.25,26,0.14307615486889488,nan,nan,178,424,395,95
1.0,0.5,30,3,7785648529109025802,3.0,3.25,26,0.008299953097232339,nan,nan,178,424,395,95
1.0,0.5,31,1,5255386496322081888,3.0,3.25,26,0.592656942611723,nan,nan,178,447,416,98
1.0,0.5,31,2,5255386496322081888,3.0,3.25,26,0.23482254295581745,nan,nan,178,447,416,98
1.0,0.5,31,3,5255386496322081888,3.0,3.25,26,0.06628741803450564,nan,nan,178,447,416,98
1.0,0.5,32,1,3981722015694162349,3.0,3.25,26,0.5696077513650737,nan,nan,160,447,415,72
1.0,0.5,32,2,3981722015694162349,3.0,3.25,26,0.25644823468779115,nan,nan,160,447,415,72
1.0,0.5,32,3,3981722015694162349,3.0,3.25,26,0.04213119783363329,nan,nan,160,447,415,72
1.0,0.5,33,1,350928833031158732,3.0,3.25,26,0.5979878284585363,nan,nan,173,444,420,92
1.0,0.5,33,2,350928833031158732,3.0,3.25,26,0.15699195264991664,nan,nan,173,444,420,92
1.0,0.5,33,3,350928833031158732,3.0,3.25,26,0.032568653058716146,nan,nan,173,444,420,92
1.0,0.5,34,1,18141503011419354818,3.0,3.25,26,0.5203289879238707,nan,nan,176,356,380,80
1.0,0.5,34,2,18141503011419354818,3.0,3.25,26,0.17341898969871272,nan,nan,176,356,380,80
1.0,0.5,34,3,18141503011419354818,3.0,3.25,26,0.013644481496363204,nan,nan,176,356,380,80
1.0,0.5,35,1,11175209847988534505,3.0,3.25,26,0.5646463329471497,nan,nan,165,426,402,80
1.0,0.5,35,2,11175209847988534505,3.0,3.25,26,0.23378265260241415,nan,nan,165,426,402,80
1.0,0.5,35,3,11175209847988534505,3.0,3.25,26,0.06322767015731379,nan,nan,165,426,402,80
1.0,0.5,36,1,18299981437916741861,3.0,3.25,26,0.49994303223380016,nan,nan,167,317,358,62
1.0,0.5,36,2,18299981437916741861,3.0,3.25,26,0.16265249202744408,nan,nan,167,317,358,62
1.0,0.5,36,3,18299981437916741861,3.0,3.25,26,0.08558899508407992,nan,nan,167,317,358,62
1.0,0.5,37,1,1728365824319542438,3.0,3.25,26,0.522718223598767,nan,nan,168,321,344,50
1.0,0.5,37,2,1728365824319542438,3.0,3.25,26,0.2009713515396352,nan,nan,168,321,344,50
1.0,0.5,37,3,1728365824319542438,3.0,3.25,26,0.018907023258788326,nan,nan,168,321,344,50
1.0,0.5,38,1,14225066437779131369,3.0,3.25,26,0.6141929050723383,nan,nan,163,444,428,83
1.0,0.5,38,2,14225066437779131369,3.0,3.25,26,0.22951256855152782,nan,nan,163,444,428,83
1.0,0.5,38,3,14225066437779131369,3.0,3.25,26,0.056098504839299915,nan,nan,163,444,428,83
1.0,0.5,39,1,8008939597629394033,3.0,3.25,26,0.5696999713537889,nan,nan,161,478,416,91
1.0,0.5,39,2,8008939597629394033,3.0,3.25,26,0.20645781818355163,nan,nan,161,478,416,91
1.0,0.5,39,3,8008939597629394033,3.0,3.25,26,0.07485721587622157,nan,nan,161,478,416,91
1.0,0.5,40,1,16063016392081872936,3.0,3.25,26,0.6108280302768638,nan,nan,165,346,374,72
1.0,0.5,40,2,16063016392081872936,3.0,3.25,26,0.24767091988820605,nan,nan,165,346,374,72
1.0,0.5,40,3,16063016392081872936,3.0,3.25,26,0.03261066714309415,nan,nan,165,346,374,72
1.0,0.5,41,1,3874665332955550374,3.0,3.25,26,0.5202551715549412,nan,nan,161,443,422,72
1.0,0.5,41,2,3874665332955550374,3.0,3.25,26,0.1430662909830566,nan,nan,161,443,422,72
1.0,0.5,41,3,3874665332955550374,3.0,3.25,26,0.03008029352111524,nan,nan,161,443,422,72
1.0,0.5,42,1,7211982461154932689,3.0,3.25,26,0.5938193736890546,nan,nan,167,350,367,66
1.0,0.5,42,2,7211982461154932689,3.0,3.25,26,0.3001928892525357,nan,nan,167,350,367,66
1.0,0.5,42,3,7211982461154932689,3.0,3.25,26,0.09075917986166161,nan,nan,167,350,367,66
1.0,0.5,43,1,12867579206139275885,3.0,3.25,26,0.4622443780292421,nan,nan,164,257,310,51
1.0,0.5,43,2,12867579206139275885,3.0,3.25,26,0.14422786635964202,nan,nan,164,257,310,51
1.0,0.5,43,3,12867579206139275885,3.0,3.25,26,0.012598518760614944,nan,nan,164,257,310,51
1.0,0.5,44,1,18136779393048533305,3.0,3.25,26,0.5496481906706486,nan,nan,164,335,358,69
1.0,0.5,44,2,18136779393048533305,3.0,3.25,26,0.1958020280437225,nan,nan,164,335,358,69
1.0,0.5,44,3,18136779393048533305,3.0,3.25,26,0.0337952038077605,nan,nan,164,335,358,69
1.0,0.5,45,1,14879752446184007246,3.0,3.25,26,0.46298979339067947,nan,nan,181,378,397,82
1.0,0.5,45,2,14879752446184007246,3.0,3.25,26,0.12099348479587255,nan,nan,181,378,397,82
1.0,0.5,45,3,14879752446184007246,3.0,3.25,26,0.010959998970441557,nan,nan,181,378,397,82
1.0,0.5,46,1,12866244699223037281,3.0,3.25,26,0.4725688486493794,nan,nan,172,369,380,84
1.0,0.5,46,2,12866244699223037281,3.0,3.25,26,0.13295258324358467,nan,nan,172,369,380,84
1.0,0.5,46,3,12866244699223037281,3.0,3.25,26,0.004684003812186369,nan,nan,172,369,380,84
1.0,0.5,47,1,1282547472104094758,3.0,3.25,26,0.4729851183141876,nan,nan,160,324,354,79
1.0,0.5,47,2,1282547472104094758,3.0,3.25,26,0.1285182438537988,nan,nan,160,324,354,79
1.0,0.5,47,3,1282547472104094758,3.0,3.25,26,0.02858424567773205,nan,nan,160,324,354,79
1.0,0.5,48,1,16139753803427308817,3.0,3.25,26,0.48018816863308267,nan,nan,185,478,468,103
1.0,0.5,48,2,16139753803427308817,3.0,3.25,26,0.15092140559723183,nan,nan,185,478,468,103
1.0,0.5,48,3,16139753803427308817,3.0,3.25,26,0.02176338516534937,nan,nan,185,478,468,103
1.0,0.5,49,1,11459615528131000110,3.0,3.25,26,0.4967290178813747,nan,nan,170,449,429,95
1.0,0.5,49,2,11459615528131000110,3.0,3.25,26,0.15709259685333393,nan,nan,170,449,429,95
1.0,0.5,49,3,11459615528131000110,3.0,3.25,26,0.03484222512560931,nan,nan,170,449,429,95
1.0,0.5,50,1,7500545423965309092,3.0,3.25,26,0.48875801943661973,nan,nan,161,393,412,84
1.0,0.5,50,2,7500545423965309092,3.0,3.25,26,0.19357915746505874,nan,nan,161,393,412,84
1.0,0.5,50,3,7500545423965309092,3.0,3.25,26,0.06534183950758571,nan,nan,161,393,412,84
1.0,0.5,51,1,547571121031599418,3.0,3.25,26,0.5229897285741052,nan,nan,164,368,369,86
1.0,0.5,51,2,547571121031599418,3.0,3.25,26,0.18673538147967786,nan,nan,164,368,369,86
1.0,0.5,51,3,547571121031599418,3.0,3.25,26,0.09452859230908284,nan,nan,164,368,369,86
1.0,0.5,52,1,6465210198528427628,3.0,3.25,26,0.5328563864852838,nan,nan,181,422,415,86
1.0,0.5,52,2,6465210198528427628,3.0,3.25,26,0.15029812910295318,nan,nan,181,422,415,86
1.0,0.5,52,3,6465210198528427628,3.0,3.25,26,0.038572329131110444,nan,nan,181,422,415,86
1.0,0.5,53,1,9768693561804677423,3.0,3.25,26,0.4354425474496036,nan,nan,163,368,381,78
1.0,0.5,53,2,9768693561804677423,3.0,3.25,26,0.15151049596542412,nan,nan,163,368,381,78
1.0,0.5,53,3,9768693561804677423,3.0,3.25,26,0.0424160590023931,nan,nan,163,368,381,78
1.0,0.5,54,1,7772962466263976320,3.0,3.25,26,0.5380601762174717,nan,nan,162,436,399,87
1.0,0.5,54,2,7772962466263976320,3.0,3.25,26,0.20842517634437613,nan,nan,162,436,399,87
1.0,0.5,54,3,7772962466263976320,3.0,3.25,26,0.06075324992274699,nan,nan,162,436,399,87
1.0,0.5,55,1,4329540983147495536,3.0,3.25,26,0.4045695923672714,nan,nan,178,435,438,77
1.0,0.5,55,2,4329540983147495536,3.0,3.25,26,0.07552827076957123,nan,nan,178,435,438,77
1.0,0.5,55,3,4329540983147495536,3.0,3.25,26,0.018767682367837445,nan,nan,178,435,438,77
1.0,0.5,56,1,3140104442340568528,3.0,3.25,26,0.453239965854132,nan,nan,170,396,410,80
1.0,0.5,56,2,3140104442340568528,3.0,3.25,26,0.09638263340810496,nan,nan,170,396,410,80
1.0,0.5,56,3,3140104442340568528,3.0,3.25,26,0.008119065656311557,nan,nan,170,396,410,80
1.0,0.5,57,1,6399466324190314206,3.0,3.25,26,0.42946099000554727,nan,nan,165,456,425,103
1.0,0.5,57,2,6399466324190314206,3.0,3.25,26,0.0638919408231092,nan,nan,165,456,425,103
1.0,0.5,57,3,6399466324190314206,3.0,3.25,26,0.0034013672162339767,nan,nan,165,456,425,103
1.0,0.5,58,1,6738667187523273831,3.0,3.25,26,0.5179537325043536,nan,nan,168,352,371,66
1.0,0.5,58,2,6738667187523273831,3.0,3.25,26,0.1626630381525373,nan,nan,168,352,371,66
1.0,0.5,58,3,6738667187523273831,3.0,3.25,26,0.0638391790543576,nan,nan,168,352,371,66
1.0,0.5,59,1,14709691617580182831,3.0,3.25,26,0.5743295463858458,nan,nan,170,392,399,74
1.0,0.5,59,2,14709691617580182831,3.0,3.25,26,0.25276950186741226,nan,nan,170,392,399,74
1.0,0.5,59,3,14709691617580182831,3.0,3.25,26,0.05564315935180135,nan,nan,170,392,399,74
1.0,0.5,60,1,3406029638362159841,3.0,3.25,26,0.6522161306281518,nan,nan,162,475,429,84
1.0,0.5,60,2,3406029638362159841,3.0,3.25,26,0.2965527913927644,nan,nan,162,475,429,84
1.0,0.5,60,3,3406029638362159841,3.0,3.25,26,0.09560922791087617,nan,nan,162,475,429,84
1.0,0.5,61,1,11817096391500034512,3.0,3.25,26,0.46785453514870545,nan,nan,162,344,366,68
1.0,0.5,61,2,11817096391500034512,3.0,3.25,26,0.08718195446099933,nan,nan,162,344,366,68
1.0,0.5,61,3,11817096391500034512,3.0,3.25,26,0.008380686401164501,nan,nan,162,344,366,68
1.0,0.5,62,1,15213274569482357294,3.0,3.25,26,0.4890793813078719,nan,nan,174,402,393,78
1.0,0.5,62,2,15213274569482357294,3.0,3.25,26,0.13290598420069402,nan,nan,174,402,393,78
1.0,0.5,62,3,15213274569482357294,3.0,3.25,26,0.03541408593986286,nan,nan,174,402,393,78
1.0,0.5,63,1,10972587559654269323,3.0,3.25,26,0.48870870246575415,nan,nan,169,439,414,84
1.0,0.5,63,2,10972587559654269323,3.0,3.25,26,0.18403902779955936,nan,nan,169,439,414,84
1.0,0.5,63,3,10972587559654269323,3.0,3.25,26,0.03601935662855645,nan,nan,169,439,414,84
1.0,0.5,64,1,376068963761484757,3.0,3.25,26,0.5136830816235997,nan,nan,189,531,472,98
1.0,0.5,64,2,376068963761484757,3.0,3.25,26,0.17185278540376528,nan,nan,189,531,472,98
1.0,0.5,64,3,376068963761484757,3.0,3.25,26,0.035645335496289884,nan,nan,189,531,472,98
1.0,0.5,65,1,6145941287240225766,3.0,3.25,26,0.5533901579850252,nan,nan,167,407,407,81
1.0,0.5,65,2,6145941287240225766,3.0,3.25,26,0.24298791871065134,nan,nan,167,407,407,81
1.0,0.5,65,3,6145941287240225766,3.0,3.25,26,0.07459322793919995,nan,nan,167,407,407,81
1.0,0.5,66,1,1753094764931529542,3.0,3.25,26,0.49143616508945753,nan,nan,187,618,506,134
1.0,0.5,66,2,1753094764931529542,3.0,3.25,26,0.15057219672227107,nan,nan,187,618,506,134
1.0,0.5,66,3,1753094764931529542,3.0,3.25,26,0.05077953559594485,nan,nan,187,618,506,134
1.0,0.5,67,1,12853074674443878435,3.0,3.25,26,0.564981296572313,nan,nan,172,421,395,98
1.0,0.5,67,2,12853074674443878435,3.0,3.25,26,0.26639949395637064,nan,nan,172,421,395,98
1.0,0.5,67,3,12853074674443878435,3.0,3.25,26,0.10689279968484221,nan,nan,172,421,395,98
1.0,0.5,68,1,5906006679440319356,3.0,3.25,26,0.4987435918407579,nan,nan,166,365,372,74
1.0,0.5,68,2,5906006679440319356,3.0,3.25,26,0.17107353777389994,nan,nan,166,365,372,74
1.0,0.5,68,3,5906006679440319356,3.0,3.25,26,0.047766051465251994,nan,nan,166,365,372,74
1.0,0.5,69,1,11845481459168810237,3.0,3.25,26,0.5246488683302221,nan,nan,167,347,358,75
1.0,0.5,69,2,11845481459168810237,3.0,3.25,26,0.19521759232082728,nan,nan,167,347,358,75
1.0,0.5,69,3,11845481459168810237,3.0,3.25,26,0.03837785775187817,nan,nan,167,347,358,75
1.0,0.5,70,1,14167604195119898346,3.0,3.25,26,0.48037719579254234,nan,nan,173,329,356,78
1.0,0.5,70,2,14167604195119898346,3.0,3.25,26,0.10877483665327035,nan,nan,173,329,356,78
1.0,0.5,70,3,14167604195119898346,3.0,3.25,26,0.02066672766056014,nan,nan,173,329,356,78
1.0,0.5,71,1,16158594838805268802,3.0,3.25,26,0.4821654717558328,nan,nan,164,288,328,78
1.0,0.5,71,2,16158594838805268802,3.0,3.25,26,0.11202811955859919,nan,nan,164,288,328,78
1.0,0.5,71,3,16158594838805268802,3.0,3.25,26,0.0,nan,nan,164,288,328,78
1.0,0.5,72,1,9008551599958697811,3.0,3.25,26,0.49068482358895593,nan,nan,160,312,345,76
1.0,0.5,72,2,9008551599958697811,3.0,3.25,26,0.20330099999384776,nan,nan,160,312,345,76
1.0,0.5,72,3,9008551599958697811,3.0,3.25,26,0.04334403186239218,nan,nan,160,312,345,76
1.0,0.5,73,1,13965320168112967532,3.0,3.25,26,0.6714774418874803,nan,nan,161,352,368,76
1.0,0.5,73,2,13965320168112967532,3.0,3.25,26,0.2959206930491521,nan,nan,161,352,368,76
1.0,0.5,73,3,13965320168112967532,3.0,3.25,26,0.10276988497218374,nan,nan,161,352,368,76
1.0,0.5,74,1,16666346531189411035,3.0,3.25,26,0.38349424034428625,nan,nan,171,357,362,92
1.0,0.5,74,2,16666346531189411035,3.0,3.25,26,0.16376967772560824,nan,nan,171,357,362,92
1.0,0.5,74,3,16666346531189411035,3.0,3.25,26,0.05818483982015372,nan,nan,171,357,362,92
1.0,0.5,75,1,4936441894407385014,3.0,3.25,26,0.6052318624374122,nan,nan,161,449,423,86
1.0,0.5,75,2,4936441894407385014,3.0,3.25,26,0.25774744986728415,nan,nan,161,449,423,86
1.0,0.5,75,3,4936441894407385014,3.0,3.25,26,0.042184632035775785,nan,nan,161,449,423,86
1.0,0.5,76,1,1025929245381854476,3.0,3.25,26,0.444617513344438,nan,nan,160,361,383,79
1.0,0.5,76,2,1025929245381854476,3.0,3.25,26,0.16526182452626187,nan,nan,160,361,383,79
1.0,0.5,76,3,1025929245381854476,3.0,3.25,26,0.06256524877514007,nan,nan,160,361,383,79
1.0,0.5,77,1,7413375057040937518,3.0,3.25,26,0.5581751242469886,nan,nan,177,498,440,101
1.0,0.5,77,2,7413375057040937518,3.0,3.25,26,0.21312404709305083,nan,nan,177,498,440,101
1.0,0.5,77,3,7413375057040937518,3.0,3.25,26,0.065155145643412,nan,nan,177,498,440,101
1.0,0.5,78,1,2113432900972490909,3.0,3.25,26,0.5286185513944713,nan,nan,169,351,373,70
1.0,0.5,78,2,2113432900972490909,3.0,3.25,26,0.23885848838907603,nan,nan,169,351,373,70
1.0,0.5,78,3,2113432900972490909,3.0,3.25,26,0.0893544658674507,nan,nan,169,351,373,70
1.0,0.5,79,1,4552674716697041799,3.0,3.25,26,0.4928501029073536,nan,nan,168,421,410,100
1.0,0.5,79,2,4552674716697041799,3.0,3.25,26,0.1640983047589058,nan,nan,168,421,410,100
1.0,0.5,79,3,4552674716697041799,3.0,3.25,26,0.05391071601748677,nan,nan,168,421,410,100
1.0,0.5,80,1,10916674622110181957,3.0,3.25,26,0.5741063006495822,nan,nan,169,392,382,74
1.0,0.5,80,2,10916674622110181957,3.0,3.25,26,0.2749094010647615,nan,nan,169,392,382,74
1.0,0.5,80,3,10916674622110181957,3.0,3.25,26,0.1259313928479883,nan,nan,169,392,382,74
1.0,0.5,81,1,16371103103027493231,3.0,3.25,26,0.47134066325644025,nan,nan,175,461,423,98
1.0,0.5,81,2,16371103103027493231,3.0,3.25,26,0.14515575800453845,nan,nan,175,461,423,98
1.0,0.5,81,3,16371103103027493231,3.0,3.25,26,0.015892492277939662,nan,nan,175,461,423,98
1.0,0.5,82,1,18428123544391878023,3.0,3.25,26,0.6056994677406717,nan,nan,182,559,499,107
1.0,0.5,82,2,18428123544391878023,3.0,3.25,26,0.2586046000027352,nan,nan,182,559,499,107
1.0,0.5,82,3,18428123544391878023,3.0,3.25,26,0.07847089958196315,nan,nan,182,559,499,107
1.0,0.5,83,1,3468854884063706021,3.0,3.25,26,0.5723578815657938,nan,nan,164,480,440,79
1.0,0.5,83,2,3468854884063706021,3.0,3.25,26,0.17739902830983725,nan,nan,164,480,440,79
1.0,0.5,83,3,3468854884063706021,3.0,3.25,26,0.06802723451740335,nan,nan,164,480,440,79
1.0,0.5,84,1,5752197106888457037,3.0,3.25,26,0.5728253094088758,nan,nan,177,349,372,74
1.0,0.5,84,2,5752197106888457037,3.0,3.25,26,0.20574472272035188,nan,nan,177,349,372,74
1.0,0.5,84,3,5752197106888457037,3.0,3.25,26,0.030959375590321966,nan,nan,177,349,372,74
1.0,0.5,85,1,5440255939435550749,3.0,3.25,26,0.4139160387051431,nan,nan,161,249,332,46
1.0,0.5,85,2,5440255939435550749,3.0,3.25,26,0.12835516368018102,nan,nan,161,249,332,46
1.0,0.5,85,3,5440255939435550749,3.0,3.25,26,0.008695020887846421,nan,nan,161,249,332,46
1.0,0.5,86,1,16690976165532167868,3.0,3.25,26,0.4872311332209526,nan,nan,160,312,343,51
1.0,0.5,86,2,16690976165532167868,3.0,3.25,26,0.13399691723859672,nan,nan,160,312,343,51
1.0,0.5,86,3,16690976165532167868,3.0,3.25,26,0.02215704067787367,nan,nan,160,312,343,51
1.0,0.5,87,1,4555619998174496814,3.0,3.25,26,0.48812889222976125,nan,nan,163,396,406,72
1.0,0.5,87,2,4555619998174496814,3.0,3.25,26,0.14277242098207846,nan,nan,163,396,406,72
1.0,0.5,87,3,4555619998174496814,3.0,3.25,26,0.014917179369853373,nan,nan,163,396,406,72
1.0,0.5,88,1,8237836614502620087,3.0,3.25,26,0.41759621912910483,nan,nan,192,387,404,85
1.0,0.5,88,2,8237836614502620087,3.0,3.25,26,0.043896554845162264,nan,nan,192,387,404,85
1.0,0.5,88,3,8237836614502620087,3.0,3.25,26,0.000651890482398957,nan,nan,192,387,404,85
1.0,0.5,89,1,9039657943384343223,3.0,3.25,26,0.544907761469243,nan,nan,175,436,412,85
1.0,0.5,89,2,9039657943384343223,3.0,3.25,26,0.17480999981584364,nan,nan,175,436,412,85
1.0,0.5,89,3,9039657943384343223,3.0,3.25,26,0.028971969303530156,nan,nan,175,436,412,85
1.0,0.5,90,1,14935587352464571794,3.0,3.25,26,0.4367326321765591,nan,nan,169,402,394,95
1.0,0.5,90,2,14935587352464571794,3.0,3.25,26,0.18465225821651834,nan,nan,169,402,394,95
1.0,0.5,90,3,14935587352464571794,3.0,3.25,26,0.040009803001012825,nan,nan,169,402,394,95
1.0,0.5,91,1,15379544640238948969,3.0,3.25,26,0.4240018375980262,nan,nan,179,491,475,94
1.0,0.5,91,2,15379544640238948969,3.0,3.25,26,0.0798420795724896,nan,nan,179,491,475,94
1.0,0.5,91,3,15379544640238948969,3.0,3.25,26,0.002721217707331301,nan,nan,179,491,475,94
1.0,0.5,92,1,8226918944580088279,3.0,3.25,26,0.5201567470085673,nan,nan,162,312,355,53
1.0,0.5,92,2,8226918944580088279,3.0,3.25,26,0.14908798163644219,nan,nan,162,312,355,53
1.0,0.5,92,3,8226918944580088279,3.0,3.25,26,0.03165087644166212,nan,nan,162,312,355,53
1.0,0.5,93,1,166039657906077757,3.0,3.25,26,0.5350524430812335,nan,nan,171,344,373,79
1.0,0.5,93,2,166039657906077757,3.0,3.25,26,0.1610055490754415,nan,nan,171,344,373,79
1.0,0.5,93,3,166039657906077757,3.0,3.25,26,0.03785125337756113,nan,nan,171,344,373,79
1.0,0.5,94,1,14014715042489147424,3.0,3.25,26,0.5971817712674097,nan,nan,174,409,395,88
1.0,0.5,94,2,14014715042489147424,3.0,3.25,26,0.23930558936516574,nan,nan,174,409,395,88
1.0,0.5,94,3,14014715042489147424,3.0,3.25,26,0.06773797196842445,nan,nan,174,409,395,88
1.0,0.5,95,1,5225893295919305791,3.0,3.25,26,0.5165710362396705,nan,nan,170,380,371,70
1.0,0.5,95,2,5225893295919305791,3.0,3.25,26,0.12253671063315447,nan,nan,170,380,371,70
1.0,0.5,95,3,5225893295919305791,3.0,3.25,26,0.005930569169073049,nan,nan,170,380,371,70
1.0,0.5,96,1,12790144941360477958,3.0,3.25,26,0.5437851615429495,nan,nan,164,404,397,74
1.0,0.5,96,2,12790144941360477958,3.0,3.25,26,0.23470894968820283,nan,nan,164,404,397,74
1.0,0.5,96,3,12790144941360477958,3.0,3.25,26,0.08450877819850414,nan,nan,164,404,397,74
1.0,0.5,97,1,4729167425340923960,3.0,3.25,26,0.5462890914771243,nan,nan,162,429,403,86
1.0,0.5,97,2,4729167425340923960,3.0,3.25,26,0.18091063568384136,nan,nan,162,429,403,86
1.0,0.5,97,3,4729167425340923960,3.0,3.25,26,0.05635310759026013,nan,nan,162,429,403,86
1.0,0.5,98,1,17182000651201849770,3.0,3.25,26,0.48116633439371725,nan,nan,166,394,398,87
1.0,0.5,98,2,17182000651201849770,3.0,3.25,26,0.14747746475687956,nan,nan,166,394,398,87
1.0,0.5,98,3,17182000651201849770,3.0,3.25,26,0.014022531502872509,nan,nan,166,394,398,87
1.0,0.5,99,1,5249273145950242097,3.0,3.25,26,0.495365783605012,nan,nan,170,358,377,75
1.0,0.5,99,2,5249273145950242097,3.0,3.25,26,0.13074000429532057,nan,nan,170,358,377,75
1.0,0.5,99,3,5249273145950242097,3.0,3.25,26,0.040884205311938086,nan,nan,170,358,377,75
1.0,0.5,100,1,15990263530517193760,3.0,3.25,26,0.518892931936551,nan,nan,171,421,395,87
1.0,0.5,100,2,15990263530517193760,3.0,3.25,26,0.19702812878023146,nan,nan,171,421,395,87
1.0,0.5,100,3,15990263530517193760,3.0,3.25,26,0.06203119225549166,nan,nan,171,421,395,87
1.0,0.5,101,1,2640280535097076705,3.0,3.25,26,0.460638002030953,nan,nan,180,421,421,90
1.0,0.5,101,2,2640280535097076705,3.0,3.25,26,0.1250662167383967,nan,nan,180,421,421,90
1.0,0.5,101,3,2640280535097076705,3.0,3.25,26,0.020484312892956165,nan,nan,180,421,421,90
1.0,0.5,102,1,7552732280449668721,3.0,3.25,26,0.40972886420638766,nan,nan,162,331,360,66
1.0,0.5,102,2,7552732280449668721,3.0,3.25,26,0.09123203029965239,nan,nan,162,331,360,66
1.0,0.5,102,3,7552732280449668721,3.0,3.25,26,0.0,nan,nan,162,331,360,66
1.0,0.5,103,1,16724631299514186197,3.0,3.25,26,0.4751936387182605,nan,nan,168,397,390,95
1.0,0.5,103,2,16724631299514186197,3.0,3.25,26,0.17311005448223613,nan,nan,168,397,390,95
1.0,0.5,103,3,16724631299514186197,3.0,3.25,26,0.04037639858537124,nan,nan,168,397,390,95
1.0,0.5,104,1,11917092941189135932,3.0,3.25,26,0.5215471929298288,nan,nan,175,406,429,76
1.0,0.5,104,2,11917092941189135932,3.0,3.25,26,0.216384273682757,nan,nan,175,406,429,76
1.0,0.5,104,3,11917092941189135932,3.0,3.25,26,0.06542866388667744,nan,nan,175,406,429,76
1.0,0.5,105,1,5863391948055820525,3.0,3.25,26,0.4546602290430801,nan,nan,160,324,364,65
1.0,0.5,105,2,5863391948055820525,3.0,3.25,26,0.22268740651430768,nan,nan,160,324,364,65
1.0,0.5,105,3,5863391948055820525,3.0,3.25,26,0.07152986170333898,nan,nan,160,324,364,65
1.0,0.5,106,1,12850310587205912266,3.0,3.25,26,0.6627924856111224,nan,nan,176,430,390,84
1.0,0.5,106,2,12850310587205912266,3.0,3.25,26,0.35694135360254603,nan,nan,176,430,390,84
1.0,0.5,106,3,12850310587205912266,3.0,3.25,26,0.13333444045908877,nan,nan,176,430,390,84
1.0,0.5,107,1,706718640287317998,3.0,3.25,26,0.5467308637930335,nan,nan,170,444,423,84
1.0,0.5,107,2,706718640287317998,3.0,3.25,26,0.20840786412922713,nan,nan,170,444,423,84
1.0,0.5,107,3,706718640287317998,3.0,3.25,26,0.041927638750921786,nan,nan,170,444,423,84
1.0,0.5,108,1,5569539675673686346,3.0,3.25,26,0.5980766989762359,nan,nan,174,429,401,84
1.0,0.5,108,2,5569539675673686346,3.0,3.25,26,0.23818379011671717,nan,nan,174,429,401,84
1.0,0.5,108,3,5569539675673686346,3.0,3.25,26,0.08122577684940677,nan,nan,174,429,401,84
1.0,0.5,109,1,10712147038118131412,3.0,3.25,26,0.5712421592179703,nan,nan,165,348,367,81
1.0,0.5,109,2,10712147038118131412,3.0,3.25,26,0.23038909283206552,nan,nan,165,348,367,81
1.0,0.5,109,3,10712147038118131412,3.0,3.25,26,0.05052750095026416,nan,nan,165,348,367,81
1.0,0.5,110,1,11325783979886482722,3.0,3.25,26,0.5229834461525319,nan,nan,166,477,433,97
1.0,0.5,110,2,11325783979886482722,3.0,3.25,26,0.17354819556366285,nan,nan,166,477,433,97
1.0,0.5,110,3,11325783979886482722,3.0,3.25,26,0.07865361436907713,nan,nan,166,477,433,97
1.0,0.5,111,1,4982024723918482965,3.0,3.25,26,0.5900738449797097,nan,nan,167,385,380,66
1.0,0.5,111,2,4982024723918482965,3.0,3.25,26,0.23564479865300056,nan,nan,167,385,380,66
1.0,0.5,111,3,4982024723918482965,3.0,3.25,26,0.042427038324589175,nan,nan,167,385,380,66
1.0,0.5,112,1,13360778503664083321,3.0,3.25,26,0.5854424068526609,nan,nan,166,345,367,65
1.0,0.5,112,2,13360778503664083321,3.0,3.25,26,0.29941736632260385,nan,nan,166,345,367,65
1.0,0.5,112,3,13360778503664083321,3.0,3.25,26,0.1957071155095154,nan,nan,166,345,367,65
1.0,0.5,113,1,7368655791780099997,3.0,3.25,26,0.49934288552231104,nan,nan,166,418,407,88
1.0,0.5,113,2,7368655791780099997,3.0,3.25,26,0.1264202131453844,nan,nan,166,418,407,88
1.0,0.5,113,3,7368655791780099997,3.0,3.25,26,0.015881730734887797,nan,nan,166,418,407,88
1.0,0.5,114,1,10872664460405363832,3.0,3.25,26,0.5280917431279255,nan,nan,178,433,415,106
1.0,0.5,114,2,10872664460405363832,3.0,3.25,26,0.23378682129484865,nan,nan,178,433,415,106
1.0,0.5,114,3,10872664460405363832,3.0,3.25,26,0.06358024781973429,nan,nan,178,433,415,106
1.0,0.5,115,1,4281530585519470772,3.0,3.25,26,0.5962105169140012,nan,nan,175,438,415,92
1.0,0.5,115,2,4281530585519470772,3.0,3.25,26,0.24892938464792827,nan,nan,175,438,415,92
1.0,0.5,115,3,4281530585519470772,3.0,3.25,26,0.046793770453522246,nan,nan,175,438,415,92
1.0,0.5,116,1,9111945346618977791,3.0,3.25,26,0.6145894883319707,nan,nan,162,257,301,54
1.0,0.5,116,2,9111945346618977791,3.0,3.25,26,0.1877251829987003,nan,nan,162,257,301,54
1.0,0.5,116,3,9111945346618977791,3.0,3.25,26,0.04415786107895687,nan,nan,162,257,301,54
1.0,0.5,117,1,16563246133068453344,3.0,3.25,26,0.45111491821798216,nan,nan,178,497,460,102
1.0,0.5,117,2,16563246133068453344,3.0,3.25,26,0.1357560203376444,nan,nan,178,497,460,102
1.0,0.5,117,3,16563246133068453344,3.0,3.25,26,0.03205410182125475,nan,nan,178,497,460,102
1.0,0.5,118,1,2286414508268340651,3.0,3.25,26,0.48664778311222207,nan,nan,169,421,416,82
1.0,0.5,118,2,2286414508268340651,3.0,3.25,26,0.1358339839471837,nan,nan,169,421,416,82
1.0,0.5,118,3,2286414508268340651,3.0,3.25,26,0.03997386609030825,nan,nan,169,421,416,82
1.0,0.5,119,1,12390180984159180371,3.0,3.25,26,0.468713376858013,nan,nan,178,400,398,90
1.0,0.5,119,2,12390180984159180371,3.0,3.25,26,0.13917080508025717,nan,nan,178,400,398,90
1.0,0.5,119,3,12390180984159180371,3.0,3.25,26,0.032221969265740016,nan,nan,178,400,398,90
1.0,0.75,0,1,4210520551760111830,3.0,3.25,26,0.6583843595200505,nan,nan,176,390,353,116
1.0,0.75,0,2,4210520551760111830,3.0,3.25,26,0.32382711147269955,nan,nan,176,390,353,116
1.0,0.75,0,3,4210520551760111830,3.0,3.25,26,0.10081287816158321,nan,nan,176,390,353,116
1.0,0.75,1,1,14733291258570644494,3.0,3.25,26,0.6236457041381958,nan,nan,160,308,301,86
1.0,0.75,1,2,14733291258570644494,3.0,3.25,26,0.21178941236262866,nan,nan,160,308,301,86
1.0,0.75,1,3,14733291258570644494,3.0,3.25,26,0.06990425167354515,nan,nan,160,308,301,86
1.0,0.75,2,1,5142493769658190303,3.0,3.25,26,0.5901726419994103,nan,nan,167,461,399,121
1.0,0.75,2,2,5142493769658190303,3.0,3.25,26,0.2793322083785884,nan,nan,167,461,399,121
1.0,0.75,2,3,5142493769658190303,3.0,3.25,26,0.12783143792948465,nan,nan,167,461,399,121
1.0,0.75,3,1,10716133440615912977,3.0,3.25,26,0.6248635455739824,nan,nan,160,276,310,90
1.0,0.75,3,2,10716133440615912977,3.0,3.25,26,0.24031374027119917,nan,nan,160,276,310,90
1.0,0.75,3,3,10716133440615912977,3.0,3.25,26,0.04355462949478831,nan,nan,160,276,310,90
1.0,0.75,4,1,5868529129311884164,3.0,3.25,26,0.5486947296149586,nan,nan,169,447,407,127
1.0,0.75,4,2,5868529129311884164,3.0,3.25,26,0.18661974465980982,nan,nan,169,447,407,127
1.0,0.75,4,3,5868529129311884164,3.0,3.25,26,0.04216269677717288,nan,nan,169,447,407,127
1.0,0.75,5,1,18166788518970792388,3.0,3.25,26,0.455529679174452,nan,nan,166,401,367,141
1.0,0.75,5,2,18166788518970792388,3.0,3.25,26,0.10488835251824583,nan,nan,166,401,367,141
1.0,0.75,5,3,18166788518970792388,3.0,3.25,26,0.0021501908294361124,nan,nan,166,401,367,141
1.0,0.75,6,1,5840209914071557775,3.0,3.25,26,0.520278298104119,nan,nan,168,318,309,106
1.0,0.75,6,2,5840209914071557775,3.0,3.25,26,0.18821634884574945,nan,nan,168,318,309,106
1.0,0.75,6,3,5840209914071557775,3.0,3.25,26,0.053753192262120816,nan,nan,168,318,309,106
1.0,0.75,7,1,15871542432001803181,3.0,3.25,26,0.5999119617061559,nan,nan,163,336,349,111
1.0,0.75,7,2,15871542432001803181,3.0,3.25,26,0.3157783157154052,nan,nan,163,336,349,111
1.0,0.75,7,3,15871542432001803181,3.0,3.25,26,0.07959129919813289,nan,nan,163,336,349,111
1.0,0.75,8,1,16397884263306504333,3.0,3.25,26,0.502984525812495,nan,nan,168,331,354,94
1.0,0.75,8,2,16397884263306504333,3.0,3.25,26,0.17444598681179796,nan,nan,168,331,354,94
1.0,0.75,8,3,16397884263306504333,3.0,3.25,26,0.09528373111779945,nan,nan,168,331,354,94
1.0,0.75,9,1,4718274720976118692,3.0,3.25,26,0.6604956094947328,nan,nan,164,313,331,87
1.0,0.75,9,2,4718274720976118692,3.0,3.25,26,0.2666980770621301,nan,nan,164,313,331,87
1.0,0.75,9,3,4718274720976118692,3.0,3.25,26,0.07143591602241516,nan,nan,164,313,331,87
1.0,0.75,10,1,18306336335833449544,3.0,3.25,26,0.6312629288495516,nan,nan,160,381,360,110
1.0,0.75,10,2,18306336335833449544,3.0,3.25,26,0.2638482795956984,nan,nan,160,381,360,110
1.0,0.75,10,3,18306336335833449544,3.0,3.25,26,0.0824389196467138,nan,nan,160,381,360,110
1.0,0.75,11,1,1475247599418476018,3.0,3.25,26,0.547907326339597,nan,nan,164,363,356,107
1.0,0.75,11,2,1475247599418476018,3.0,3.25,26,0.1567393606373518,nan,nan,164,363,356,107
1.0,0.75,11,3,1475247599418476018,3.0,3.25,26,0.026748778274562655,nan,nan,164,363,356,107
1.0,0.75,12,1,16558697869703743118,3.0,3.25,26,0.5856778693459705,nan,nan,167,327,330,99
1.0,0.75,12,2,16558697869703743118,3.0,3.25,26,0.1510961320166448,nan,nan,167,327,330,99
1.0,0.75,12,3,16558697869703743118,3.0,3.25,26,0.05855765957700712,nan,nan,167,327,330,99
1.0,0.75,13,1,5044038726308241092,3.0,3.25,26,0.5430701422171301,nan,nan,165,387,371,110
1.0,0.75,13,2,5044038726308241092,3.0,3.25,26,0.1454411465270842,nan,nan,165,387,371,110
1.0,0.75,13,3,5044038726308241092,3.0,3.25,26,0.01794695427167988,nan,nan,165,387,371,110
1.0,0.75,14,1,3261554488466791568,3.0,3.25,26,0.49773210171742177,nan,nan,163,315,324,108
1.0,0.75,14,2,3261554488466791568,3.0,3.25,26,0.12512462240115624,nan,nan,163,315,324,108
1.0,0.75,14,3,3261554488466791568,3.0,3.25,26,0.008006164898875472,nan,nan,163,315,324,108
1.0,0.75,15,1,11915112712503498026,3.0,3.25,26,0.581946053767165,nan,nan,172,408,367,115
1.0,0.75,15,2,11915112712503498026,3.0,3.25,26,0.18757460545868448,nan,nan,172,408,367,115
1.0,0.75,15,3,11915112712503498026,3.0,3.25,26,0.043729046736356136,nan,nan,172,408,367,115
1.0,0.75,16,1,17949627720078297950,3.0,3.25,26,0.5214507331061369,nan,nan,165,353,350,113
1.0,0.75,16,2,17949627720078297950,3.0,3.25,26,0.1934654433876843,nan,nan,165,353,350,113
1.0,0.75,16,3,17949627720078297950,3.0,3.25,26,0.05935600764440094,nan,nan,165,353,350,113
1.0,0.75,17,1,11867868604603708910,3.0,3.25,26,0.4894879903810675,nan,nan,162,388,362,118
1.0,0.75,17,2,11867868604603708910,3.0,3.25,26,0.1584028721938456,nan,nan,162,388,362,118
1.0,0.75,17,3,11867868604603708910,3.0,3.25,26,0.045442479766918,nan,nan,162,388,362,118
1.0,0.75,18,1,4423473817643590600,3.0,3.25,26,0.6027810097547381,nan,nan,163,286,320,92
1.0,0.75,18,2,4423473817643590600,3.0,3.25,26,0.25967938045487987,nan,nan,163,286,320,92
1.0,0.75,18,3,4423473817643590600,3.0,3.25,26,0.0691133665469625,nan,nan,163,286,320,92
1.0,0.75,19,1,6638868987510416106,3.0,3.25,26,0.5174818264531512,nan,nan,168,353,360,95
1.0,0.75,19,2,6638868987510416106,3.0,3.25,26,0.19819666071951342,nan,nan,168,353,360,95
1.0,0.75,19,3,6638868987510416106,3.0,3.25,26,0.1162071903526817,nan,nan,168,353,360,95
1.0,0.75,20,1,7307264929085915073,3.0,3.25,26,0.450297804444923,nan,nan,162,368,374,106
1.0,0.75,20,2,7307264929085915073,3.0,3.25,26,0.11922849274802894,nan,nan,162,368,374,106
1.0,0.75,20,3,7307264929085915073,3.0,3.25,26,0.012131408776528364,nan,nan,162,368,374,106
1.0,0.75,21,1,5297945696811009363,3.0,3.25,26,0.543248558014765,nan,nan,165,387,369,128
1.0,0.75,21,2,5297945696811009363,3.0,3.25,26,0.18954097125795044,nan,nan,165,387,369,128
1.0,0.75,21,3,5297945696811009363,3.0,3.25,26,0.04492579768081216,nan,nan,165,387,369,128
1.0,0.75,22,1,18236361729312544330,3.0,3.25,26,0.665610771725935,nan,nan,168,334,333,96
1.0,0.75,22,2,18236361729312544330,3.0,3.25,26,0.32270251992176635,nan,nan,168,334,333,96
1.0,0.75,22,3,18236361729312544330,3.0,3.25,26,0.08411036682906517,nan,nan,168,334,333,96
1.0,0.75,23,1,12910838227367514910,3.0,3.25,26,0.5701156722036598,nan,nan,170,285,294,95
1.0,0.75,23,2,12910838227367514910,3.0,3.25,26,0.20470700758851923,nan,nan,170,285,294,95
1.0,0.75,23,3,12910838227367514910,3.0,3.25,26,0.037767940192711194,nan,nan,170,285,294,95
1.0,0.75,24,1,8557831431572189782,3.0,3.25,26,0.5292786239106975,nan,nan,160,323,319,100
1.0,0.75,24,2,8557831431572189782,3.0,3.25,26,0.2262133555178756,nan,nan,160,323,319,100
1.0,0.75,24,3,8557831431572189782,3.0,3.25,26,0.07387598245566224,nan,nan,160,323,319,100
1.0,0.75,25,1,12685639632445417789,3.0,3.25,26,0.46820581379404896,nan,nan,160,252,300,79
1.0,0.75,25,2,12685639632445417789,3.0,3.25,26,0.13289498491704377,nan,nan,160,252,300,79
1.0,0.75,25,3,12685639632445417789,3.0,3.25,26,0.0,nan,nan,160,252,300,79
1.0,0.75,26,1,16001554368828628134,3.0,3.25,26,0.6127191985642751,nan,nan,178,349,326,115
1.0,0.75,26,2,16001554368828628134,3.0,3.25,26,0.16964896050248338,nan,nan,178,349,326,115
1.0,0.75,26,3,16001554368828628134,3.0,3.25,26,0.01986297503579097,nan,nan,178,349,326,115
1.0,0.75,27,1,8548914584965064932,3.0,3.25,26,0.4860659699505593,nan,nan,187,381,363,123
1.0,0.75,27,2,8548914584965064932,3.0,3.25,26,0.1098815685843883,nan,nan,187,381,363,123
1.0,0.75,27,3,8548914584965064932,3.0,3.25,26,0.02041150696339047,nan,nan,187,381,363,123
1.0,0.75,28,1,1091853223086331184,3.0,3.25,26,0.5973220943431753,nan,nan,167,355,347,109
1.0,0.75,28,2,1091853223086331184,3.0,3.25,26,0.20306859506231573,nan,nan,167,355,347,109
1.0,0.75,28,3,1091853223086331184,3.0,3.25,26,0.0590531078414683,nan,nan,167,355,347,109
1.0,0.75,29,1,18283050363057391588,3.0,3.25,26,0.5371156781364808,nan,nan,162,300,313,98
1.0,0.75,29,2,18283050363057391588,3.0,3.25,26,0.25689448678383253,nan,nan,162,300,313,98
1.0,0.75,29,3,18283050363057391588,3.0,3.25,26,0.12974003832377276,nan,nan,162,300,313,98
1.0,0.75,30,1,8099114189648359082,3.0,3.25,26,0.48927227319701727,nan,nan,165,300,331,93
1.0,0.75,30,2,8099114189648359082,3.0,3.25,26,0.16481545519411675,nan,nan,165,300,331,93
1.0,0.75,30,3,8099114189648359082,3.0,3.25,26,0.028027582486977586,nan,nan,165,300,331,93
1.0,0.75,31,1,5408640607752544360,3.0,3.25,26,0.47517967127409766,nan,nan,164,237,283,78
1.0,0.75,31,2,5408640607752544360,3.0,3.25,26,0.06609394030218496,nan,nan,164,237,283,78
1.0,0.75,31,3,5408640607752544360,3.0,3.25,26,0.0,nan,nan,164,237,283,78
1.0,0.75,32,1,13017466295746825678,3.0,3.25,26,0.5343302938832938,nan,nan,163,318,311,98
1.0,0.75,32,2,13017466295746825678,3.0,3.25,26,0.17810700109245212,nan,nan,163,318,311,98
1.0,0.75,32,3,13017466295746825678,3.0,3.25,26,0.017188474533631364,nan,nan,163,318,311,98
1.0,0.75,33,1,14612248048653422612,3.0,3.25,26,0.4254940910057842,nan,nan,161,330,343,108
1.0,0.75,33,2,14612248048653422612,3.0,3.25,26,0.09472494838184878,nan,nan,161,330,343,108
1.0,0.75,33,3,14612248048653422612,3.0,3.25,26,0.0,nan,nan,161,330,343,108
1.0,0.75,34,1,8503763098667466589,3.0,3.25,26,0.47733984754810366,nan,nan,160,375,359,113
1.0,0.75,34,2,8503763098667466589,3.0,3.25,26,0.11687613847001625,nan,nan,160,375,359,113
1.0,0.75,34,3,8503763098667466589,3.0,3.25,26,0.04707660216265659,nan,nan,160,375,359,113
1.0,0.75,35,1,14393222043426534721,3.0,3.25,26,0.5053164819214315,nan,nan,166,408,372,135
1.0,0.75,35,2,14393222043426534721,3.0,3.25,26,0.1338984844438184,nan,nan,166,408,372,135
1.0,0.75,35,3,14393222043426534721,3.0,3.25,26,0.02773441660799927,nan,nan,166,408,372,135
1.0,0.75,36,1,996837149719282859,3.0,3.25,26,0.46944806175575393,nan,nan,162,286,318,92
1.0,0.75,36,2,996837149719282859,3.0,3.25,26,0.15952063644371337,nan,nan,162,286,318,92
1.0,0.75,36,3,996837149719282859,3.0,3.25,26,0.0,nan,nan,162,286,318,92
1.0,0.75,37,1,4759146005872042495,3.0,3.25,26,0.52558534519953,nan,nan,163,347,361,92
1.0,0.75,37,2,4759146005872042495,3.0,3.25,26,0.20874498618583573,nan,nan,163,347,361,92
1.0,0.75,37,3,4759146005872042495,3.0,3.25,26,0.06339577004523425,nan,nan,163,347,361,92
1.0,0.75,38,1,15308830725525561227,3.0,3.25,26,0.5616542742092567,nan,nan,162,318,324,97
1.0,0.75,38,2,15308830725525561227,3.0,3.25,26,0.24085720163870847,nan,nan,162,318,324,97
1.0,0.75,38,3,15308830725525561227,3.0,3.25,26,0.07989066489286613,nan,nan,162,318,324,97
1.0,0.75,39,1,13246952013449809514,3.0,3.25,26,0.5590182660989653,nan,nan,174,368,369,108
1.0,0.75,39,2,13246952013449809514,3.0,3.25,26,0.15847043706440667,nan,nan,174,368,369,108
1.0,0.75,39,3,13246952013449809514,3.0,3.25,26,0.010091700467778327,nan,nan,174,368,369,108
1.0,0.75,40,1,6395986476251725518,3.0,3.25,26,0.41777644973673067,nan,nan,160,290,329,86
1.0,0.75,40,2,6395986476251725518,3.0,3.25,26,0.07879142193679142,nan,nan,160,290,329,86
1.0,0.75,40,3,6395986476251725518,3.0,3.25,26,0.0,nan,nan,160,290,329,86
1.0,0.75,41,1,2092266954622900580,3.0,3.25,26,0.5839024948919938,nan,nan,162,343,339,108
1.0,0.75,41,2,2092266954622900580,3.0,3.25,26,0.23017613976911347,nan,nan,162,343,339,108
1.0,0.75,41,3,2092266954622900580,3.0,3.25,26,0.05552928038030061,nan,nan,162,343,339,108
1.0,0.75,42,1,9380159877973659588,3.0,3.25,26,0.49501507272919,nan,nan,169,346,350,111
1.0,0.75,42,2,9380159877973659588,3.0,3.25,26,0.1896751798464891,nan,nan,169,346,350,111
1.0,0.75,42,3,9380159877973659588,3.0,3.25,26,0.028946417403252874,nan,nan,169,346,350,111
1.0,0.75,43,1,363598457047680143,3.0,3.25,26,0.3766395453768678,nan,nan,171,284,322,92
1.0,0.75,43,2,363598457047680143,3.0,3.25,26,0.08122054585036333,nan,nan,171,284,322,92
1.0,0.75,43,3,363598457047680143,3.0,3.25,26,0.01589366515837104,nan,nan,171,284,322,92
1.0,0.75,44,1,14571266034677693778,3.0,3.25,26,0.6659560242379937,nan,nan,170,441,386,136
1.0,0.75,44,2,14571266034677693778,3.0,3.25,26,0.2946364758100316,nan,nan,170,441,386,136
1.0,0.75,44,3,14571266034677693778,3.0,3.25,26,0.14133745188016827,nan,nan,170,441,386,136
1.0,0.75,45,1,1375657290129486542,3.0,3.25,26,0.5042490405522932,nan,nan,178,476,415,121
1.0,0.75,45,2,1375657290129486542,3.0,3.25,26,0.1701531360266651,nan,nan,178,476,415,121
1.0,0.75,45,3,1375657290129486542,3.0,3.25,26,0.019658270387187402,nan,nan,178,476,415,121
1.0,0.75,46,1,14163766049522464185,3.0,3.25,26,0.4883139336341473,nan,nan,180,446,393,134
1.0,0.75,46,2,14163766049522464185,3.0,3.25,26,0.14555215264987809,nan,nan,180,446,393,134
1.0,0.75,46,3,14163766049522464185,3.0,3.25,26,0.021045146030412274,nan,nan,180,446,393,134
1.0,0.75,47,1,4876291326245011021,3.0,3.25,26,0.49964037130793343,nan,nan,168,429,402,112
1.0,0.75,47,2,4876291326245011021,3.0,3.25,26,0.16881824478404392,nan,nan,168,429,402,112
1.0,0.75,47,3,4876291326245011021,3.0,3.25,26,0.055526722116194145,nan,nan,168,429,402,112
1.0,0.75,48,1,17540859902495641547,3.0,3.25,26,0.6092284178599239,nan,nan,167,413,374,141
1.0,0.75,48,2,17540859902495641547,3.0,3.25,26,0.20202751713457331,nan,nan,167,413,374,141
1.0,0.75,48,3,17540859902495641547,3.0,3.25,26,0.1011156196035135,nan,nan,167,413,374,141
1.0,0.75,49,1,1309796537063301883,3.0,3.25,26,0.5629681461596291,nan,nan,162,265,304,86
1.0,0.75,49,2,1309796537063301883,3.0,3.25,26,0.1851538019678372,nan,nan,162,265,304,86
1.0,0.75,49,3,1309796537063301883,3.0,3.25,26,0.029897687376456997,nan,nan,162,265,304,86
1.0,0.75,50,1,4782378816943155710,3.0,3.25,26,0.561844002636519,nan,nan,165,267,309,79
1.0,0.75,50,2,4782378816943155710,3.0,3.25,26,0.1571085678264622,nan,nan,165,267,309,79
1.0,0.75,50,3,4782378816943155710,3.0,3.25,26,0.05308138034527425,nan,nan,165,267,309,79
1.0,0.75,51,1,18356457415213612114,3.0,3.25,26,0.6053299997722509,nan,nan,161,317,323,102
1.0,0.75,51,2,18356457415213612114,3.0,3.25,26,0.25504236885776577,nan,nan,161,317,323,102
1.0,0.75,51,3,18356457415213612114,3.0,3.25,26,0.04209702488213851,nan,nan,161,317,323,102
1.0,0.75,52,1,9934147810373905055,3.0,3.25,26,0.3706520733835227,nan,nan,160,285,313,102
1.0,0.75,52,2,9934147810373905055,3.0,3.25,26,0.05403126756617219,nan,nan,160,285,313,102
1.0,0.75,52,3,9934147810373905055,3.0,3.25,26,0.003947368421052632,nan,nan,160,285,313,102
1.0,0.75,53,1,9292205642497467062,3.0,3.25,26,0.45392493740354956,nan,nan,184,463,429,128
1.0,0.75,53,2,9292205642497467062,3.0,3.25,26,0.08656834565698235,nan,nan,184,463,429,128
1.0,0.75,53,3,9292205642497467062,3.0,3.25,26,0.014453712259369596,nan,nan,184,463,429,128
1.0,0.75,54,1,1359361292117015724,3.0,3.25,26,0.6156819806235976,nan,nan,181,370,340,135
1.0,0.75,54,2,1359361292117015724,3.0,3.25,26,0.28568675065226523,nan,nan,181,370,340,135
1.0,0.75,54,3,1359361292117015724,3.0,3.25,26,0.12500858726166725,nan,nan,181,370,340,135
1.0,0.75,55,1,13110221266861966578,3.0,3.25,26,0.5774456065070305,nan,nan,164,284,315,80
1.0,0.75,55,2,13110221266861966578,3.0,3.25,26,0.16779386229692908,nan,nan,164,284,315,80
1.0,0.75,55,3,13110221266861966578,3.0,3.25,26,0.009961924569158766,nan,nan,164,284,315,80
1.0,0.75,56,1,17094336030953016187,3.0,3.25,26,0.6202282151784076,nan,nan,164,355,337,115
1.0,0.75,56,2,17094336030953016187,3.0,3.25,26,0.21194038864304535,nan,nan,164,355,337,115
1.0,0.75,56,3,17094336030953016187,3.0,3.25,26,0.060862647152402825,nan,nan,164,355,337,115
1.0,0.75,57,1,10399313469044397805,3.0,3.25,26,0.45712836785711286,nan,nan,165,254,287,91
1.0,0.75,57,2,10399313469044397805,3.0,3.25,26,0.06716804004253396,nan,nan,165,254,287,91
1.0,0.75,57,3,10399313469044397805,3.0,3.25,26,0.009084762121199368,nan,nan,165,254,287,91
1.0,0.75,58,1,396369406791852341,3.0,3.25,26,0.5710505456830952,nan,nan,161,309,323,93
1.0,0.75,58,2,396369406791852341,3.0,3.25,26,0.2026496494591437,nan,nan,161,309,323,93
1.0,0.75,58,3,396369406791852341,3.0,3.25,26,0.035481339701347155,nan,nan,161,309,323,93
1.0,0.75,59,1,18443106036408503145,3.0,3.25,26,0.6083325001859612,nan,nan,175,264,302,82
1.0,0.75,59,2,18443106036408503145,3.0,3.25,26,0.22588955646746695,nan,nan,175,264,302,82
1.0,0.75,59,3,18443106036408503145,3.0,3.25,26,0.002884615384615385,nan,nan,175,264,302,82
1.0,0.75,60,1,9570848792500088936,3.0,3.25,26,0.5952590944811943,nan,nan,166,387,363,124
1.0,0.75,60,2,9570848792500088936,3.0,3.25,26,0.1476219725877306,nan,nan,166,387,363,124
1.0,0.75,60,3,9570848792500088936,3.0,3.25,26,0.029558374095709942,nan,nan,166,387,363,124
1.0,0.75,61,1,12687194587377309945,3.0,3.25,26,0.5986697968337606,nan,nan,163,366,356,113
1.0,0.75,61,2,12687194587377309945,3.0,3.25,26,0.19777601665479877,nan,nan,163,366,356,113
1.0,0.75,61,3,12687194587377309945,3.0,3.25,26,0.053843311255609184,nan,nan,163,366,356,113
1.0,0.75,62,1,3988264699951624213,3.0,3.25,26,0.5511767536991694,nan,nan,167,332,334,97
1.0,0.75,62,2,3988264699951624213,3.0,3.25,26,0.16142284423620992,nan,nan,167,332,334,97
1.0,0.75,62,3,3988264699951624213,3.0,3.25,26,0.031535617547413144,nan,nan,167,332,334,97
1.0,0.75,63,1,14018744592538984778,3.0,3.25,26,0.6410383344648294,nan,nan,160,322,327,102
1.0,0.75,63,2,14018744592538984778,3.0,3.25,26,0.3176577099703674,nan,nan,160,322,327,102
1.0,0.75,63,3,14018744592538984778,3.0,3.25,26,0.03243616881216875,nan,nan,160,322,327,102
1.0,0.75,64,1,17251725105447444120,3.0,3.25,26,0.4906219237973898,nan,nan,174,334,335,113
1.0,0.75,64,2,17251725105447444120,3.0,3.25,26,0.1851158771224518,nan,nan,174,334,335,113
1.0,0.75,64,3,17251725105447444120,3.0,3.25,26,0.05628388129131488,nan,nan,174,334,335,113
1.0,0.75,65,1,11623716538269844580,3.0,3.25,26,0.5771446437261304,nan,nan,162,329,342,114
1.0,0.75,65,2,11623716538269844580,3.0,3.25,26,0.2543185690826477,nan,nan,162,329,342,114
1.0,0.75,65,3,11623716538269844580,3.0,3.25,26,0.06116402465927051,nan,nan,162,329,342,114
1.0,0.75,66,1,4457429848056644643,3.0,3.25,26,0.6086245813195064,nan,nan,171,351,343,113
1.0,0.75,66,2,4457429848056644643,3.0,3.25,26,0.2058867852682755,nan,nan,171,351,343,113
1.0,0.75,66,3,4457429848056644643,3.0,3.25,26,0.047997982510748355,nan,nan,171,351,343,113
1.0,0.75,67,1,7239660227512089831,3.0,3.25,26,0.6720004854207159,nan,nan,164,267,300,82
1.0,0.75,67,2,7239660227512089831,3.0,3.25,26,0.3172404062236928,nan,nan,164,267,300,82
1.0,0.75,67,3,7239660227512089831,3.0,3.25,26,0.12479926476662456,nan,nan,164,267,300,82
1.0,0.75,68,1,10746497172271636147,3.0,3.25,26,0.5827627813014328,nan,nan,163,307,321,106
1.0,0.75,68,2,10746497172271636147,3.0,3.25,26,0.26100254727294253,nan,nan,163,307,321,106
1.0,0.75,68,3,10746497172271636147,3.0,3.25,26,0.037610032227720754,nan,nan,163,307,321,106
1.0,0.75,69,1,15886046455603128439,3.0,3.25,26,0.4858100293442468,nan,nan,178,386,377,116
1.0,0.75,69,2,15886046455603128439,3.0,3.25,26,0.2517641879346441,nan,nan,178,386,377,116
1.0,0.75,69,3,15886046455603128439,3.0,3.25,26,0.1098889038657214,nan,nan,178,386,377,116
1.0,0.75,70,1,7590942760298345873,3.0,3.25,26,0.5275702699423122,nan,nan,169,327,343,101
1.0,0.75,70,2,7590942760298345873,3.0,3.25,26,0.19883019011201716,nan,nan,169,327,343,101
1.0,0.75,70,3,7590942760298345873,3.0,3.25,26,0.027614612403626396,nan,nan,169,327,343,101
1.0,0.75,71,1,14347866538141293753,3.0,3.25,26,0.46364010291311053,nan,nan,165,253,294,88
1.0,0.75,71,2,14347866538141293753,3.0,3.25,26,0.05583191252664687,nan,nan,165,253,294,88
1.0,0.75,71,3,14347866538141293753,3.0,3.25,26,0.0,nan,nan,165,253,294,88
1.0,0.75,72,1,14641704769005291233,3.0,3.25,26,0.47083955234684605,nan,nan,168,295,330,87
1.0,0.75,72,2,14641704769005291233,3.0,3.25,26,0.10831790191348468,nan,nan,168,295,330,87
1.0,0.75,72,3,14641704769005291233,3.0,3.25,26,0.0,nan,nan,168,295,330,87
1.0,0.75,73,1,4415449237096870833,3.0,3.25,26,0.5149055841727022,nan,nan,162,352,356,106
1.0,0.75,73,2,4415449237096870833,3.0,3.25,26,0.13472502462019378,nan,nan,162,352,356,106
1.0,0.75,73,3,4415449237096870833,3.0,3.25,26,0.005381811891582363,nan,nan,162,352,356,106
1.0,0.75,74,1,15838022039436956854,3.0,3.25,26,0.48150524088487384,nan,nan,165,305,322,99
1.0,0.75,74,2,15838022039436956854,3.0,3.25,26,0.16714668538642424,nan,nan,165,305,322,99
1.0,0.75,74,3,15838022039436956854,3.0,3.25,26,0.022817909552543186,nan,nan,165,305,322,99
1.0,0.75,75,1,9695384546743714232,3.0,3.25,26,0.36675913246096914,nan,nan,163,278,307,91
1.0,0.75,75,2,9695384546743714232,3.0,3.25,26,0.07299859549291757,nan,nan,163,278,307,91
1.0,0.75,75,3,9695384546743714232,3.0,3.25,26,0.0009157509157509158,nan,nan,163,278,307,91
1.0,0.75,76,1,7527473358356284617,3.0,3.25,26,0.449265711735244,nan,nan,175,338,366,92
1.0,0.75,76,2,7527473358356284617,3.0,3.25,26,0.18852743187673476,nan,nan,175,338,366,92
1.0,0.75,76,3,7527473358356284617,3.0,3.25,26,0.05510992925583779,nan,nan,175,338,366,92
1.0,0.75,77,1,2362721389470318405,3.0,3.25,26,0.45740759279607496,nan,nan,160,332,321,127
1.0,0.75,77,2,2362721389470318405,3.0,3.25,26,0.14013688213047357,nan,nan,160,332,321,127
1.0,0.75,77,3,2362721389470318405,3.0,3.25,26,0.022881424429338222,nan,nan,160,332,321,127
1.0,0.75,78,1,12450099190970996377,3.0,3.25,26,0.4969291381861343,nan,nan,174,371,366,95
1.0,0.75,78,2,12450099190970996377,3.0,3.25,26,0.11272864074644577,nan,nan,174,371,366,95
1.0,0.75,78,3,12450099190970996377,3.0,3.25,26,0.007711752181061644,nan,nan,174,371,366,95
1.0,0.75,79,1,15178325811315527604,3.0,3.25,26,0.5335617225152107,nan,nan,179,314,333,99
1.0,0.75,79,2,15178325811315527604,3.0,3.25,26,0.21314957652166958,nan,nan,179,314,333,99
1.0,0.75,79,3,15178325811315527604,3.0,3.25,26,0.04840689026735538,nan,nan,179,314,333,99
1.0,0.75,80,1,2027963916910626631,3.0,3.25,26,0.4249922119950699,nan,nan,160,272,308,91
1.0,0.75,80,2,2027963916910626631,3.0,3.25,26,0.08590152169575838,nan,nan,160,272,308,91
1.0,0.75,80,3,2027963916910626631,3.0,3.25,26,0.0,nan,nan,160,272,308,91
1.0,0.75,81,1,14100752798352251950,3.0,3.25,26,0.5475524120681461,nan,nan,167,382,368,111
1.0,0.75,81,2,14100752798352251950,3.0,3.25,26,0.18379746885776277,nan,nan,167,382,368,111
1.0,0.75,81,3,14100752798352251950,3.0,3.25,26,0.03464762460079943,nan,nan,167,382,368,111
1.0,0.75,82,1,10471421151090291000,3.0,3.25,26,0.5758686635310594,nan,nan,162,303,310,100
1.0,0.75,82,2,10471421151090291000,3.0,3.25,26,0.24115238213181883,nan,nan,162,303,310,100
1.0,0.75,82,3,10471421151090291000,3.0,3.25,26,0.05579650381979295,nan,nan,162,303,310,100
1.0,0.75,83,1,748346309477319866,3.0,3.25,26,0.439199593545006,nan,nan,166,293,312,101
1.0,0.75,83,2,748346309477319866,3.0,3.25,26,0.18449347627241106,nan,nan,166,293,312,101
1.0,0.75,83,3,748346309477319866,3.0,3.25,26,0.03219988354320076,nan,nan,166,293,312,101
1.0,0.75,84,1,11835086624887547440,3.0,3.25,26,0.5197862138541298,nan,nan,177,402,398,114
1.0,0.75,84,2,11835086624887547440,3.0,3.25,26,0.16667105082876327,nan,nan,177,402,398,114
1.0,0.75,84,3,11835086624887547440,3.0,3.25,26,0.053139438518321584,nan,nan,177,402,398,114
1.0,0.75,85,1,3972101633251573864,3.0,3.25,26,0.33034741869824324,nan,nan,174,287,325,99
1.0,0.75,85,2,3972101633251573864,3.0,3.25,26,0.044600784994338206,nan,nan,174,287,325,99
1.0,0.75,85,3,3972101633251573864,3.0,3.25,26,0.0,nan,nan,174,287,325,99
1.0,0.75,86,1,3950876976552192488,3.0,3.25,26,0.5248263936407779,nan,nan,160,307,326,95
1.0,0.75,86,2,3950876976552192488,3.0,3.25,26,0.22508197495858576,nan,nan,160,307,326,95
1.0,0.75,86,3,3950876976552192488,3.0,3.25,26,0.07632682315738527,nan,nan,160,307,326,95
1.0,0.75,87,1,8984358586401107535,3.0,3.25,26,0.3683925828603133,nan,nan,169,337,343,119
1.0,0.75,87,2,8984358586401107535,3.0,3.25,26,0.06478819898086391,nan,nan,169,337,343,119
1.0,0.75,87,3,8984358586401107535,3.0,3.25,26,0.002197802197802198,nan,nan,169,337,343,119
1.0,0.75,88,1,16110402570835767158,3.0,3.25,26,0.5824223630818512,nan,nan,172,350,342,94
1.0,0.75,88,2,16110402570835767158,3.0,3.25,26,0.20575042808695532,nan,nan,172,350,342,94
1.0,0.75,88,3,16110402570835767158,3.0,3.25,26,0.041834520841791394,nan,nan,172,350,342,94
1.0,0.75,89,1,13695287131236321605,3.0,3.25,26,0.43897919369266447,nan,nan,169,322,334,118
1.0,0.75,89,2,13695287131236321605,3.0,3.25,26,0.11143640315042608,nan,nan,169,322,334,118
1.0,0.75,89,3,13695287131236321605,3.0,3.25,26,0.03683407173505301,nan,nan,169,322,334,118
1.0,0.75,90,1,5454260331187745374,3.0,3.25,26,0.4615846950280617,nan,nan,163,287,318,98
1.0,0.75,90,2,5454260331187745374,3.0,3.25,26,0.10918132803637927,nan,nan,163,287,318,98
1.0,0.75,90,3,5454260331187745374,3.0,3.25,26,0.010969352240663005,nan,nan,163,287,318,98
1.0,0.75,91,1,14917990354880427630,3.0,3.25,26,0.4769663049298986,nan,nan,162,365,363,108
1.0,0.75,91,2,14917990354880427630,3.0,3.25,26,0.13198874279403822,nan,nan,162,365,363,108
1.0,0.75,91,3,14917990354880427630,3.0,3.25,26,0.02837663888502162,nan,nan,162,365,363,108
1.0,0.75,92,1,13651897870158052435,3.0,3.25,26,0.6764252098501845,nan,nan,165,280,300,80
1.0,0.75,92,2,13651897870158052435,3.0,3.25,26,0.3134641144023161,nan,nan,165,280,300,80
1.0,0.75,92,3,13651897870158052435,3.0,3.25,26,0.13024909572673268,nan,nan,165,280,300,80
1.0,0.75,93,1,17694399183930241831,3.0,3.25,26,0.5667976727205934,nan,nan,177,425,389,121
1.0,0.75,93,2,17694399183930241831,3.0,3.25,26,0.16149385266190602,nan,nan,177,425,389,121
1.0,0.75,93,3,17694399183930241831,3.0,3.25,26,0.045131477464853124,nan,nan,177,425,389,121
1.0,0.75,94,1,3988594953958275983,3.0,3.25,26,0.47189254164401667,nan,nan,168,348,332,123
1.0,0.75,94,2,3988594953958275983,3.0,3.25,26,0.19472985125777542,nan,nan,168,348,332,123
1.0,0.75,94,3,3988594953958275983,3.0,3.25,26,0.10697495301794027,nan,nan,168,348,332,123
1.0,0.75,95,1,3837843253619889407,3.0,3.25,26,0.44337460068025436,nan,nan,165,351,345,129
1.0,0.75,95,2,3837843253619889407,3.0,3.25,26,0.161573502106223,nan,nan,165,351,345,129
1.0,0.75,95,3,3837843253619889407,3.0,3.25,26,0.05066269887753676,nan,nan,165,351,345,129
1.0,0.75,96,1,842706800651228803,3.0,3.25,26,0.5335336775397338,nan,nan,160,353,340,111
1.0,0.75,96,2,842706800651228803,3.0,3.25,26,0.2558247577103728,nan,nan,160,353,340,111
1.0,0.75,96,3,842706800651228803,3.0,3.25,26,0.09315557257213586,nan,nan,160,353,340,111
1.0,0.75,97,1,16774950114186266784,3.0,3.25,26,0.5663904911679352,nan,nan,164,340,329,109
1.0,0.75,97,2,16774950114186266784,3.0,3.25,26,0.3061645139638529,nan,nan,164,340,329,109
1.0,0.75,97,3,16774950114186266784,3.0,3.25,26,0.09394606383250816,nan,nan,164,340,329,109
1.0,0.75,98,1,7648562639682207939,3.0,3.25,26,0.5955885331917885,nan,nan,170,320,325,106
1.0,0.75,98,2,7648562639682207939,3.0,3.25,26,0.25343435321261015,nan,nan,170,320,325,106
1.0,0.75,98,3,7648562639682207939,3.0,3.25,26,0.07338991881262744,nan,nan,170,320,325,106
1.0,0.75,99,1,15852196090946310580,3.0,3.25,26,0.41190091082130437,nan,nan,161,346,349,116
1.0,0.75,99,2,15852196090946310580,3.0,3.25,26,0.12054740595281897,nan,nan,161,346,349,116
1.0,0.75,99,3,15852196090946310580,3.0,3.25,26,0.005378541680411931,nan,nan,161,346,349,116
1.0,0.75,100,1,7095664987410717044,3.0,3.25,26,0.5108186339990379,nan,nan,160,321,332,110
1.0,0.75,100,2,7095664987410717044,3.0,3.25,26,0.10331457889645003,nan,nan,160,321,332,110
1.0,0.75,100,3,7095664987410717044,3.0,3.25,26,0.0,nan,nan,160,321,332,110
1.0,0.75,101,1,13659388769913565226,3.0,3.25,26,0.5752985619861758,nan,nan,175,354,360,115
1.0,0.75,101,2,13659388769913565226,3.0,3.25,26,0.1782774207014447,nan,nan,175,354,360,115
1.0,0.75,101,3,13659388769913565226,3.0,3.25,26,0.05233676179346525,nan,nan,175,354,360,115
1.0,0.75,102,1,5616831997451001429,3.0,3.25,26,0.5009957782866853,nan,nan,177,344,347,104
1.0,0.75,102,2,5616831997451001429,3.0,3.25,26,0.1272739997833148,nan,nan,177,344,347,104
1.0,0.75,102,3,5616831997451001429,3.0,3.25,26,0.014737722015548238,nan,nan,177,344,347,104
1.0,0.75,103,1,2177490115449031607,3.0,3.25,26,0.4976730193857247,nan,nan,169,327,330,108
1.0,0.75,103,2,2177490115449031607,3.0,3.25,26,0.07817372316258873,nan,nan,169,327,330,108
1.0,0.75,103,3,2177490115449031607,3.0,3.25,26,0.006537465265271659,nan,nan,169,327,330,108
1.0,0.75,104,1,1739665758779046159,3.0,3.25,26,0.5821110418026728,nan,nan,163,355,347,113
1.0,0.75,104,2,1739665758779046159,3.0,3.25,26,0.1612203031174684,nan,nan,163,355,347,113
1.0,0.75,104,3,1739665758779046159,3.0,3.25,26,0.03494228005001,nan,nan,163,355,347,113
1.0,0.75,105,1,12273235358439602713,3.0,3.25,26,0.5004375000404945,nan,nan,163,368,359,115
1.0,0.75,105,2,12273235358439602713,3.0,3.25,26,0.15223785800156853,nan,nan,163,368,359,115
1.0,0.75,105,3,12273235358439602713,3.0,3.25,26,0.03237996329333715,nan,nan,163,368,359,115
1.0,0.75,106,1,5922855420395896867,3.0,3.25,26,0.521712273727754,nan,nan,164,356,361,101
1.0,0.75,106,2,5922855420395896867,3.0,3.25,26,0.19816534373855893,nan,nan,164,356,361,101
1.0,0.75,106,3,5922855420395896867,3.0,3.25,26,0.04218064922732467,nan,nan,164,356,361,101
1.0,0.75,107,1,11549537343295218457,3.0,3.25,26,0.46353865206906514,nan,nan,163,320,323,104
1.0,0.75,107,2,11549537343295218457,3.0,3.25,26,0.20543737665401082,nan,nan,163,320,323,104
1.0,0.75,107,3,11549537343295218457,3.0,3.25,26,0.06308296536694845,nan,nan,163,320,323,104
1.0,0.75,108,1,8495131576669291201,3.0,3.25,26,0.5650998446191323,nan,nan,176,394,367,125
1.0,0.75,108,2,8495131576669291201,3.0,3.25,26,0.20618285489957508,nan,nan,176,394,367,125
1.0,0.75,108,3,8495131576669291201,3.0,3.25,26,0.05611046696273081,nan,nan,176,394,367,125
1.0,0.75,109,1,4280429629973856738,3.0,3.25,26,0.5012303495275632,nan,nan,162,289,327,86
1.0,0.75,109,2,4280429629973856738,3.0,3.25,26,0.13707773111797877,nan,nan,162,289,327,86
1.0,0.75,109,3,4280429629973856738,3.0,3.25,26,0.0314190708927551,nan,nan,162,289,327,86
1.0,0.75,110,1,1391413850326209631,3.0,3.25,26,0.48246809483498176,nan,nan,161,303,325,95
1.0,0.75,110,2,1391413850326209631,3.0,3.25,26,0.1008839971839886,nan,nan,161,303,325,95
1.0,0.75,110,3,1391413850326209631,3.0,3.25,26,0.022211301786630402,nan,nan,161,303,325,95
1.0,0.75,111,1,5106516125474028437,3.0,3.25,26,0.4069663809182323,nan,nan,160,297,328,93
1.0,0.75,111,2,5106516125474028437,3.0,3.25,26,0.1039087372062791,nan,nan,160,297,328,93
1.0,0.75,111,3,5106516125474028437,3.0,3.25,26,0.0,nan,nan,160,297,328,93
1.0,0.75,112,1,10748024956203734223,3.0,3.25,26,0.5928750082974701,nan,nan,161,361,344,122
1.0,0.75,112,2,10748024956203734223,3.0,3.25,26,0.1793962747207526,nan,nan,161,361,344,122
1.0,0.75,112,3,10748024956203734223,3.0,3.25,26,0.020033873492008504,nan,nan,161,361,344,122
1.0,0.75,113,1,11754596385180606934,3.0,3.25,26,0.4331635966925178,nan,nan,181,241,289,83
1.0,0.75,113,2,11754596385180606934,3.0,3.25,26,0.061753956786631974,nan,nan,181,241,289,83
1.0,0.75,113,3,11754596385180606934,3.0,3.25,26,0.0,nan,nan,181,241,289,83
1.0,0.75,114,1,1271532573401909997,3.0,3.25,26,0.5249565080312057,nan,nan,164,350,345,112
1.0,0.75,114,2,1271532573401909997,3.0,3.25,26,0.1512302107853815,nan,nan,164,350,345,112
1.0,0.75,114,3,1271532573401909997,3.0,3.25,26,0.006157394752282479,nan,nan,164,350,345,112
1.0,0.75,115,1,6524508976961958386,3.0,3.25,26,0.6088287307786644,nan,nan,165,315,319,101
1.0,0.75,115,2,6524508976961958386,3.0,3.25,26,0.2474482542781828,nan,nan,165,315,319,101
1.0,0.75,115,3,6524508976961958386,3.0,3.25,26,0.07981570415170419,nan,nan,165,315,319,101
1.0,0.75,116,1,1079963580801429495,3.0,3.25,26,0.646586733058009,nan,nan,174,392,359,102
1.0,0.75,116,2,1079963580801429495,3.0,3.25,26,0.27339486843983896,nan,nan,174,392,359,102
1.0,0.75,116,3,1079963580801429495,3.0,3.25,26,0.06669605471999406,nan,nan,174,392,359,102
1.0,0.75,117,1,6137575858872406271,3.0,3.25,26,0.49433997150720965,nan,nan,169,305,321,96
1.0,0.75,117,2,6137575858872406271,3.0,3.25,26,0.12063415302442343,nan,nan,169,305,321,96
1.0,0.75,117,3,6137575858872406271,3.0,3.25,26,0.010421482400399735,nan,nan,169,305,321,96
1.0,0.75,118,1,11913648490437426616,3.0,3.25,26,0.520204342578518,nan,nan,164,343,348,111
1.0,0.75,118,2,11913648490437426616,3.0,3.25,26,0.18410241628013196,nan,nan,164,343,348,111
1.0,0.75,118,3,11913648490437426616,3.0,3.25,26,0.025231814779307287,nan,nan,164,343,348,111
1.0,0.75,119,1,9020014410182066280,3.0,3.25,26,0.6175978357907171,nan,nan,171,365,371,107
1.0,0.75,119,2,9020014410182066280,3.0,3.25,26,0.2691802658112949,nan,nan,171,365,371,107
1.0,0.75,119,3,9020014410182066280,3.0,3.25,26,0.0664398485110827,nan,nan,171,365,371,107
1.0,1.0,0,1,5165106716136305622,3.0,3.25,26,0.5307899090157154,nan,nan,166,285,295,120
1.0,1.0,0,2,5165106716136305622,3.0,3.25,26,0.12433829611248964,nan,nan,166,285,295,120
1.0,1.0,0,3,5165106716136305622,3.0,3.25,26,0.059687758478081054,nan,nan,166,285,295,120
1.0,1.0,1,1,4557433748732618822,3.0,3.25,26,0.5856027000320182,nan,nan,173,346,329,145
1.0,1.0,1,2,4557433748732618822,3.0,3.25,26,0.18272851559614706,nan,nan,173,346,329,145
1.0,1.0,1,3,4557433748732618822,3.0,3.25,26,0.06536667697681889,nan,nan,173,346,329,145
1.0,1.0,2,1,4304377790376169196,3.0,3.25,26,0.5935722197490592,nan,nan,160,313,298,126
1.0,1.0,2,2,4304377790376169196,3.0,3.25,26,0.22648168919274975,nan,nan,160,313,298,126
1.0,1.0,2,3,4304377790376169196,3.0,3.25,26,0.06482762228337796,nan,nan,160,313,298,126
1.0,1.0,3,1,7247391223601918628,3.0,3.25,26,0.44097484102164064,nan,nan,160,260,279,108
1.0,1.0,3,2,7247391223601918628,3.0,3.25,26,0.07705347119271806,nan,nan,160,260,279,108
1.0,1.0,3,3,7247391223601918628,3.0,3.25,26,0.0,nan,nan,160,260,279,108
1.0,1.0,4,1,15574551395164308904,3.0,3.25,26,0.543985171078744,nan,nan,179,367,338,137
1.0,1.0,4,2,15574551395164308904,3.0,3.25,26,0.1978557037616479,nan,nan,179,367,338,137
1.0,1.0,4,3,15574551395164308904,3.0,3.25,26,0.04118813681979684,nan,nan,179,367,338,137
1.0,1.0,5,1,2176721485419238855,3.0,3.25,26,0.5698346761797176,nan,nan,165,332,309,123
1.0,1.0,5,2,2176721485419238855,3.0,3.25,26,0.17506034812861002,nan,nan,165,332,309,123
1.0,1.0,5,3,2176721485419238855,3.0,3.25,26,0.024208583489474935,nan,nan,165,332,309,123
1.0,1.0,6,1,4480342480350910235,3.0,3.25,26,0.4998456393477456,nan,nan,168,320,309,142
1.0,1.0,6,2,4480342480350910235,3.0,3.25,26,0.17759512003895167,nan,nan,168,320,309,142
1.0,1.0,6,3,4480342480350910235,3.0,3.25,26,0.0640963381824293,nan,nan,168,320,309,142
1.0,1.0,7,1,18340391038560769414,3.0,3.25,26,0.5936190226827044,nan,nan,175,393,366,146
1.0,1.0,7,2,18340391038560769414,3.0,3.25,26,0.35162820431535313,nan,nan,175,393,366,146
1.0,1.0,7,3,18340391038560769414,3.0,3.25,26,0.18755349034400284,nan,nan,175,393,366,146
1.0,1.0,8,1,108752672861696509,3.0,3.25,26,0.5490293510393536,nan,nan,163,227,280,89
1.0,1.0,8,2,108752672861696509,3.0,3.25,26,0.293694007338431,nan,nan,163,227,280,89
1.0,1.0,8,3,108752672861696509,3.0,3.25,26,0.12921075892176673,nan,nan,163,227,280,89
1.0,1.0,9,1,1595698056734393192,3.0,3.25,26,0.5526886670124534,nan,nan,162,223,263,88
1.0,1.0,9,2,1595698056734393192,3.0,3.25,26,0.2657399456964103,nan,nan,162,223,263,88
1.0,1.0,9,3,1595698056734393192,3.0,3.25,26,0.16844837813219518,nan,nan,162,223,263,88
1.0,1.0,10,1,5596056098975674795,3.0,3.25,26,0.660154093937397,nan,nan,167,294,302,116
1.0,1.0,10,2,5596056098975674795,3.0,3.25,26,0.34679767515882853,nan,nan,167,294,302,116
1.0,1.0,10,3,5596056098975674795,3.0,3.25,26,0.17833885808365624,nan,nan,167,294,302,116
1.0,1.0,11,1,5467655506324732849,3.0,3.25,26,0.6230806198058807,nan,nan,169,261,289,106
1.0,1.0,11,2,5467655506324732849,3.0,3.25,26,0.22532226426350246,nan,nan,169,261,289,106
1.0,1.0,11,3,5467655506324732849,3.0,3.25,26,0.0,nan,nan,169,261,289,106
1.0,1.0,12,1,12958840880758717484,3.0,3.25,26,0.4968883445944917,nan,nan,165,253,284,108
1.0,1.0,12,2,12958840880758717484,3.0,3.25,26,0.1596574820038089,nan,nan,165,253,284,108
1.0,1.0,12,3,12958840880758717484,3.0,3.25,26,0.03308983481397275,nan,nan,165,253,284,108
1.0,1.0,13,1,12478740449149944449,3.0,3.25,26,0.45692138469117766,nan,nan,174,312,313,125
1.0,1.0,13,2,12478740449149944449,3.0,3.25,26,0.20178856194793404,nan,nan,174,312,313,125
1.0,1.0,13,3,12478740449149944449,3.0,3.25,26,0.03712560399800373,nan,nan,174,312,313,125
1.0,1.0,14,1,10933335970869804567,3.0,3.25,26,0.5702623407190898,nan,nan,166,366,331,127
1.0,1.0,14,2,10933335970869804567,3.0,3.25,26,0.21175007850625335,nan,nan,166,366,331,127
1.0,1.0,14,3,10933335970869804567,3.0,3.25,26,0.05759452423693419,nan,nan,166,366,331,127
1.0,1.0,15,1,9759223040199414950,3.0,3.25,26,0.5103172327480403,nan,nan,161,287,294,121
1.0,1.0,15,2,9759223040199414950,3.0,3.25,26,0.1191921281661822,nan,nan,161,287,294,121
1.0,1.0,15,3,9759223040199414950,3.0,3.25,26,0.0,nan,nan,161,287,294,121
1.0,1.0,16,1,11875665841976931568,3.0,3.25,26,0.5630547146287639,nan,nan,171,348,331,123
1.0,1.0,16,2,11875665841976931568,3.0,3.25,26,0.165712657585879,nan,nan,171,348,331,123
1.0,1.0,16,3,11875665841976931568,3.0,3.25,26,0.024643502603584718,nan,nan,171,348,331,123
1.0,1.0,17,1,11485347784860266091,3.0,3.25,26,0.561993897502352,nan,nan,160,252,273,105
1.0,1.0,17,2,11485347784860266091,3.0,3.25,26,0.2103888219510987,nan,nan,160,252,273,105
1.0,1.0,17,3,11485347784860266091,3.0,3.25,26,0.09805561115992172,nan,nan,160,252,273,105
1.0,1.0,18,1,12735290762724771940,3.0,3.25,26,0.5137028946890368,nan,nan,162,253,263,99
1.0,1.0,18,2,12735290762724771940,3.0,3.25,26,0.1084694717141257,nan,nan,162,253,263,99
1.0,1.0,18,3,12735290762724771940,3.0,3.25,26,0.0,nan,nan,162,253,263,99
1.0,1.0,19,1,10366711456418878811,3.0,3.25,26,0.5641701084472464,nan,nan,170,262,275,118
1.0,1.0,19,2,10366711456418878811,3.0,3.25,26,0.22529639968419982,nan,nan,170,262,275,118
1.0,1.0,19,3,10366711456418878811,3.0,3.25,26,0.03885161541585346,nan,nan,170,262,275,118
1.0,1.0,20,1,3684609020118019901,3.0,3.25,26,0.6077153451781764,nan,nan,166,333,318,125
1.0,1.0,20,2,3684609020118019901,3.0,3.25,26,0.2457699816523346,nan,nan,166,333,318,125
1.0,1.0,20,3,3684609020118019901,3.0,3.25,26,0.04681116723779944,nan,nan,166,333,318,125
1.0,1.0,21,1,18177228558568038979,3.0,3.25,26,0.5015103137334926,nan,nan,164,326,314,123
1.0,1.0,21,2,18177228558568038979,3.0,3.25,26,0.23445882986951408,nan,nan,164,326,314,123
1.0,1.0,21,3,18177228558568038979,3.0,3.25,26,0.0598451968890172,nan,nan,164,326,314,123
1.0,1.0,22,1,12790283386968221576,3.0,3.25,26,0.5556822978573642,nan,nan,172,243,273,100
1.0,1.0,22,2,12790283386968221576,3.0,3.25,26,0.20544754390908235,nan,nan,172,243,273,100
1.0,1.0,22,3,12790283386968221576,3.0,3.25,26,0.0720697590060985,nan,nan,172,243,273,100
1.0,1.0,23,1,5872663203107907891,3.0,3.25,26,0.6047658519707599,nan,nan,162,356,299,145
1.0,1.0,23,2,5872663203107907891,3.0,3.25,26,0.27911008689681105,nan,nan,162,356,299,145
1.0,1.0,23,3,5872663203107907891,3.0,3.25,26,0.07549145541125589,nan,nan,162,356,299,145
1.0,1.0,24,1,3704109006080763087,3.0,3.25,26,0.5028105390108532,nan,nan,179,321,294,146
1.0,1.0,24,2,3704109006080763087,3.0,3.25,26,0.1866208028049732,nan,nan,179,321,294,146
1.0,1.0,24,3,3704109006080763087,3.0,3.25,26,0.07073188911674448,nan,nan,179,321,294,146
1.0,1.0,25,1,17720008775814152031,3.0,3.25,26,0.505541867490397,nan,nan,166,298,303,118
1.0,1.0,25,2,17720008775814152031,3.0,3.25,26,0.11369490891549715,nan,nan,166,298,303,118
1.0,1.0,25,3,17720008775814152031,3.0,3.25,26,0.0,nan,nan,166,298,303,118
1.0,1.0,26,1,2631868053430087069,3.0,3.25,26,0.5770748309147521,nan,nan,161,283,299,114
1.0,1.0,26,2,2631868053430087069,3.0,3.25,26,0.19102080694901152,nan,nan,161,283,299,114
1.0,1.0,26,3,2631868053430087069,3.0,3.25,26,0.0010683760683760683,nan,nan,161,283,299,114
1.0,1.0,27,1,18221275189920473540,3.0,3.25,26,0.4494214141272966,nan,nan,172,338,321,143
1.0,1.0,27,2,18221275189920473540,3.0,3.25,26,0.15119634221801406,nan,nan,172,338,321,143
1.0,1.0,27,3,18221275189920473540,3.0,3.25,26,0.019408466235091626,nan,nan,172,338,321,143
1.0,1.0,28,1,3918244416950607035,3.0,3.25,26,0.47121913174544755,nan,nan,162,233,268,105
1.0,1.0,28,2,3918244416950607035,3.0,3.25,26,0.050219079166447606,nan,nan,162,233,268,105
1.0,1.0,28,3,3918244416950607035,3.0,3.25,26,0.0,nan,nan,162,233,268,105
1.0,1.0,29,1,9037975649938071492,3.0,3.25,26,0.5937123517215052,nan,nan,164,220,260,98
1.0,1.0,29,2,9037975649938071492,3.0,3.25,26,0.27804022826906116,nan,nan,164,220,260,98
1.0,1.0,29,3,9037975649938071492,3.0,3.25,26,0.14383842701920502,nan,nan,164,220,260,98
1.0,1.0,30,1,6312369145187192463,3.0,3.25,26,0.5029891815174073,nan,nan,163,278,295,110
1.0,1.0,30,2,6312369145187192463,3.0,3.25,26,0.24629365929769145,nan,nan,163,278,295,110
1.0,1.0,30,3,6312369145187192463,3.0,3.25,26,0.0932452628017144,nan,nan,163,278,295,110
1.0,1.0,31,1,11150273068968453125,3.0,3.25,26,0.456052036199095,nan,nan,166,273,290,127
1.0,1.0,31,2,11150273068968453125,3.0,3.25,26,0.08056514778651001,nan,nan,166,273,290,127
1.0,1.0,31,3,11150273068968453125,3.0,3.25,26,0.039270428144267164,nan,nan,166,273,290,127
1.0,1.0,32,1,17126428233521502045,3.0,3.25,26,0.6458262709069997,nan,nan,164,236,278,95
1.0,1.0,32,2,17126428233521502045,3.0,3.25,26,0.4129042317622067,nan,nan,164,236,278,95
1.0,1.0,32,3,17126428233521502045,3.0,3.25,26,0.20749060521866433,nan,nan,164,236,278,95
1.0,1.0,33,1,18141746058628842525,3.0,3.25,26,0.6866351269185279,nan,nan,173,270,278,114
1.0,1.0,33,2,18141746058628842525,3.0,3.25,26,0.3011570419465156,nan,nan,173,270,278,114
1.0,1.0,33,3,18141746058628842525,3.0,3.25,26,0.11834969841042717,nan,nan,173,270,278,114
1.0,1.0,34,1,12967930961733642931,3.0,3.25,26,0.48550531798285324,nan,nan,169,254,269,109
1.0,1.0,34,2,12967930961733642931,3.0,3.25,26,0.12138068652831172,nan,nan,169,254,269,109
1.0,1.0,34,3,12967930961733642931,3.0,3.25,26,0.05055666865679702,nan,nan,169,254,269,109
1.0,1.0,35,1,5984863081845089289,3.0,3.25,26,0.3948715281667227,nan,nan,166,262,298,105
1.0,1.0,35,2,5984863081845089289,3.0,3.25,26,0.17644970399547064,nan,nan,166,262,298,105
1.0,1.0,35,3,5984863081845089289,3.0,3.25,26,0.040867246788299436,nan,nan,166,262,298,105
1.0,1.0,36,1,1989942868362009718,3.0,3.25,26,0.6267428223949962,nan,nan,165,216,258,96
1.0,1.0,36,2,1989942868362009718,3.0,3.25,26,0.31830488352227476,nan,nan,165,216,258,96
1.0,1.0,36,3,1989942868362009718,3.0,3.25,26,0.04557399122616513,nan,nan,165,216,258,96
1.0,1.0,37,1,13782618616044001364,3.0,3.25,26,0.5402889223957389,nan,nan,160,280,285,116
1.0,1.0,37,2,13782618616044001364,3.0,3.25,26,0.179627972273062,nan,nan,160,280,285,116
1.0,1.0,37,3,13782618616044001364,3.0,3.25,26,0.04723829964316085,nan,nan,160,280,285,116
1.0,1.0,38,1,14860928188176484571,3.0,3.25,26,0.49466423845705204,nan,nan,168,351,333,135
1.0,1.0,38,2,14860928188176484571,3.0,3.25,26,0.1695294365206925,nan,nan,168,351,333,135
1.0,1.0,38,3,14860928188176484571,3.0,3.25,26,0.017253983276000265,nan,nan,168,351,333,135
1.0,1.0,39,1,4887748053624473382,3.0,3.25,26,0.5691086683606204,nan,nan,165,330,308,139
1.0,1.0,39,2,4887748053624473382,3.0,3.25,26,0.24039289770503297,nan,nan,165,330,308,139
1.0,1.0,39,3,4887748053624473382,3.0,3.25,26,0.0907907363350435,nan,nan,165,330,308,139
1.0,1.0,40,1,17534838839639400822,3.0,3.25,26,0.5041792880104674,nan,nan,170,314,311,112
1.0,1.0,40,2,17534838839639400822,3.0,3.25,26,0.06719893623419751,nan,nan,170,314,311,112
1.0,1.0,40,3,17534838839639400822,3.0,3.25,26,0.002191023780283577,nan,nan,170,314,311,112
1.0,1.0,41,1,1663720651497962565,3.0,3.25,26,0.409694669656719,nan,nan,175,288,303,112
1.0,1.0,41,2,1663720651497962565,3.0,3.25,26,0.10238510303738005,nan,nan,175,288,303,112
1.0,1.0,41,3,1663720651497962565,3.0,3.25,26,0.01515580008227067,nan,nan,175,288,303,112
1.0,1.0,42,1,12896550727371947014,3.0,3.25,26,0.6644097804214858,nan,nan,164,195,250,78
1.0,1.0,42,2,12896550727371947014,3.0,3.25,26,0.257917265442349,nan,nan,164,195,250,78
1.0,1.0,42,3,12896550727371947014,3.0,3.25,26,0.04020941123783931,nan,nan,164,195,250,78
1.0,1.0,43,1,8815455995095353615,3.0,3.25,26,0.5355287746607446,nan,nan,161,321,308,133
1.0,1.0,43,2,8815455995095353615,3.0,3.25,26,0.11913881997621963,nan,nan,161,321,308,133
1.0,1.0,43,3,8815455995095353615,3.0,3.25,26,0.007581669538191276,nan,nan,161,321,308,133
1.0,1.0,44,1,8224734928593670316,3.0,3.25,26,0.5878667395102322,nan,nan,163,315,312,138
1.0,1.0,44,2,8224734928593670316,3.0,3.25,26,0.20463778095591223,nan,nan,163,315,312,138
1.0,1.0,44,3,8224734928593670316,3.0,3.25,26,0.0,nan,nan,163,315,312,138
1.0,1.0,45,1,701306337925383831,3.0,3.25,26,0.5852349171036602,nan,nan,161,269,293,106
1.0,1.0,45,2,701306337925383831,3.0,3.25,26,0.28927827826604235,nan,nan,161,269,293,106
1.0,1.0,45,3,701306337925383831,3.0,3.25,26,0.15353221120740582,nan,nan,161,269,293,106
1.0,1.0,46,1,7762686425656188115,3.0,3.25,26,0.4572385131555087,nan,nan,166,308,319,119
1.0,1.0,46,2,7762686425656188115,3.0,3.25,26,0.10209847327126112,nan,nan,166,308,319,119
1.0,1.0,46,3,7762686425656188115,3.0,3.25,26,0.012546966305517689,nan,nan,166,308,319,119
1.0,1.0,47,1,4062176539850822118,3.0,3.25,26,0.5420393851914987,nan,nan,167,290,304,116
1.0,1.0,47,2,4062176539850822118,3.0,3.25,26,0.1737023366264189,nan,nan,167,290,304,116
1.0,1.0,47,3,4062176539850822118,3.0,3.25,26,0.005406439027128682,nan,nan,167,290,304,116
1.0,1.0,48,1,9343397555007340073,3.0,3.25,26,0.5696111954039025,nan,nan,169,334,317,133
1.0,1.0,48,2,9343397555007340073,3.0,3.25,26,0.24056463580162807,nan,nan,169,334,317,133
1.0,1.0,48,3,9343397555007340073,3.0,3.25,26,0.080242188128942,nan,nan,169,334,317,133
1.0,1.0,49,1,4725066684905394117,3.0,3.25,26,0.608994039219792,nan,nan,165,237,275,101
1.0,1.0,49,2,4725066684905394117,3.0,3.25,26,0.2153293925200279,nan,nan,165,237,275,101
1.0,1.0,49,3,4725066684905394117,3.0,3.25,26,0.06996922685885894,nan,nan,165,237,275,101
1.0,1.0,50,1,4172226861972586314,3.0,3.25,26,0.5543956628852835,nan,nan,162,231,271,89
1.0,1.0,50,2,4172226861972586314,3.0,3.25,26,0.16777176937383537,nan,nan,162,231,271,89
1.0,1.0,50,3,4172226861972586314,3.0,3.25,26,0.03499409235173646,nan,nan,162,231,271,89
1.0,1.0,51,1,4349082619306946599,3.0,3.25,26,0.46559561750873374,nan,nan,165,311,295,133
1.0,1.0,51,2,4349082619306946599,3.0,3.25,26,0.10177833567950592,nan,nan,165,311,295,133
1.0,1.0,51,3,4349082619306946599,3.0,3.25,26,0.021724040897485825,nan,nan,165,311,295,133
1.0,1.0,52,1,4301080875688442233,3.0,3.25,26,0.4098833004602235,nan,nan,167,293,297,131
1.0,1.0,52,2,4301080875688442233,3.0,3.25,26,0.08644641683103223,nan,nan,167,293,297,131
1.0,1.0,52,3,4301080875688442233,3.0,3.25,26,0.0,nan,nan,167,293,297,131
1.0,1.0,53,1,6550401382216984465,3.0,3.25,26,0.6549457168086601,nan,nan,167,246,271,102
1.0,1.0,53,2,6550401382216984465,3.0,3.25,26,0.24584956567869154,nan,nan,167,246,271,102
1.0,1.0,53,3,6550401382216984465,3.0,3.25,26,0.08633786630928807,nan,nan,167,246,271,102
1.0,1.0,54,1,17480085522294071656,3.0,3.25,26,0.5917279838746835,nan,nan,160,255,275,109
1.0,1.0,54,2,17480085522294071656,3.0,3.25,26,0.12797012854510223,nan,nan,160,255,275,109
1.0,1.0,54,3,17480085522294071656,3.0,3.25,26,0.0131059898266376,nan,nan,160,255,275,109
1.0,1.0,55,1,12057463478713712821,3.0,3.25,26,0.599356802818983,nan,nan,160,220,264,85
1.0,1.0,55,2,12057463478713712821,3.0,3.25,26,0.22474213772878954,nan,nan,160,220,264,85
1.0,1.0,55,3,12057463478713712821,3.0,3.25,26,0.0511297031666887,nan,nan,160,220,264,85
1.0,1.0,56,1,221748458337762705,3.0,3.25,26,0.48455372711960903,nan,nan,174,331,320,140
1.0,1.0,56,2,221748458337762705,3.0,3.25,26,0.04558663369372162,nan,nan,174,331,320,140
1.0,1.0,56,3,221748458337762705,3.0,3.25,26,0.0,nan,nan,174,331,320,140
1.0,1.0,57,1,14220279201016030389,3.0,3.25,26,0.46768927216646916,nan,nan,163,269,278,121
1.0,1.0,57,2,14220279201016030389,3.0,3.25,26,0.07988436989410294,nan,nan,163,269,278,121
1.0,1.0,57,3,14220279201016030389,3.0,3.25,26,0.013041556145004423,nan,nan,163,269,278,121
1.0,1.0,58,1,2901781616715622260,3.0,3.25,26,0.5884007297050773,nan,nan,161,191,252,78
1.0,1.0,58,2,2901781616715622260,3.0,3.25,26,0.33822337083206655,nan,nan,161,191,252,78
1.0,1.0,58,3,2901781616715622260,3.0,3.25,26,0.07658645702123962,nan,nan,161,191,252,78
1.0,1.0,59,1,15109574000306324060,3.0,3.25,26,0.41150303858173715,nan,nan,166,291,298,122
1.0,1.0,59,2,15109574000306324060,3.0,3.25,26,0.15302844634045967,nan,nan,166,291,298,122
1.0,1.0,59,3,15109574000306324060,3.0,3.25,26,0.0,nan,nan,166,291,298,122
1.0,1.0,60,1,3164728733403704869,3.0,3.25,26,0.4884372839001989,nan,nan,167,304,303,127
1.0,1.0,60,2,3164728733403704869,3.0,3.25,26,0.12143207980617007,nan,nan,167,304,303,127
1.0,1.0,60,3,3164728733403704869,3.0,3.25,26,0.0011312217194570135,nan,nan,167,304,303,127
1.0,1.0,61,1,3330153640237084729,3.0,3.25,26,0.47424783997806613,nan,nan,165,252,276,98
1.0,1.0,61,2,3330153640237084729,3.0,3.25,26,0.07279587245643335,nan,nan,165,252,276,98
1.0,1.0,61,3,3330153640237084729,3.0,3.25,26,0.0240327058807359,nan,nan,165,252,276,98
1.0,1.0,62,1,10521007171142793690,3.0,3.25,26,0.3717390066074277,nan,nan,172,239,271,117
1.0,1.0,62,2,10521007171142793690,3.0,3.25,26,0.011077063961679345,nan,nan,172,239,271,117
1.0,1.0,62,3,10521007171142793690,3.0,3.25,26,0.0030818540433925046,nan,nan,172,239,271,117
1.0,1.0,63,1,6798700957258189452,3.0,3.25,26,0.5356376534064831,nan,nan,169,318,316,138
1.0,1.0,63,2,6798700957258189452,3.0,3.25,26,0.29290745661548745,nan,nan,169,318,316,138
1.0,1.0,63,3,6798700957258189452,3.0,3.25,26,0.0781217920169826,nan,nan,169,318,316,138
1.0,1.0,64,1,12464792444431644768,3.0,3.25,26,0.5169107886976596,nan,nan,164,253,275,109
1.0,1.0,64,2,12464792444431644768,3.0,3.25,26,0.16523157397249533,nan,nan,164,253,275,109
1.0,1.0,64,3,12464792444431644768,3.0,3.25,26,0.04295145872470351,nan,nan,164,253,275,109
1.0,1.0,65,1,7151296112867456907,3.0,3.25,26,0.5139401193718081,nan,nan,179,340,342,134
1.0,1.0,65,2,7151296112867456907,3.0,3.25,26,0.18998110259969844,nan,nan,179,340,342,134
1.0,1.0,65,3,7151296112867456907,3.0,3.25,26,0.10641746531808202,nan,nan,179,340,342,134
1.0,1.0,66,1,10871044782394250837,3.0,3.25,26,0.4178506435085384,nan,nan,167,256,284,113
1.0,1.0,66,2,10871044782394250837,3.0,3.25,26,0.1114216474034288,nan,nan,167,256,284,113
1.0,1.0,66,3,10871044782394250837,3.0,3.25,26,0.0,nan,nan,167,256,284,113
1.0,1.0,67,1,1174879912386416857,3.0,3.25,26,0.6216121309225373,nan,nan,164,273,275,101
1.0,1.0,67,2,1174879912386416857,3.0,3.25,26,0.1837950423982815,nan,nan,164,273,275,101
1.0,1.0,67,3,1174879912386416857,3.0,3.25,26,0.008853335661844491,nan,nan,164,273,275,101
1.0,1.0,68,1,13141179399809860855,3.0,3.25,26,0.5381784884162182,nan,nan,164,317,291,155
1.0,1.0,68,2,13141179399809860855,3.0,3.25,26,0.17920181889013667,nan,nan,164,317,291,155
1.0,1.0,68,3,13141179399809860855,3.0,3.25,26,0.012536260044331948,nan,nan,164,317,291,155
1.0,1.0,69,1,797155086777564821,3.0,3.25,26,0.47614792031022096,nan,nan,173,309,301,142
1.0,1.0,69,2,797155086777564821,3.0,3.25,26,0.18879958385581355,nan,nan,173,309,301,142
1.0,1.0,69,3,797155086777564821,3.0,3.25,26,0.056832311696925195,nan,nan,173,309,301,142
1.0,1.0,70,1,6431736540011281206,3.0,3.25,26,0.47106217366763276,nan,nan,169,326,332,128
1.0,1.0,70,2,6431736540011281206,3.0,3.25,26,0.2047180840915332,nan,nan,169,326,332,128
1.0,1.0,70,3,6431736540011281206,3.0,3.25,26,0.058264941748192335,nan,nan,169,326,332,128
1.0,1.0,71,1,8789052981295474941,3.0,3.25,26,0.5989503854778995,nan,nan,165,271,287,113
1.0,1.0,71,2,8789052981295474941,3.0,3.25,26,0.26617768695567545,nan,nan,165,271,287,113
1.0,1.0,71,3,8789052981295474941,3.0,3.25,26,0.11596736596736593,nan,nan,165,271,287,113
1.0,1.0,72,1,17263605689307092423,3.0,3.25,26,0.6272955010210356,nan,nan,167,326,316,121
1.0,1.0,72,2,17263605689307092423,3.0,3.25,26,0.3130389691118157,nan,nan,167,326,316,121
1.0,1.0,72,3,17263605689307092423,3.0,3.25,26,0.07326929739602271,nan,nan,167,326,316,121
1.0,1.0,73,1,5701131758404641837,3.0,3.25,26,0.5924478367364153,nan,nan,163,345,328,131
1.0,1.0,73,2,5701131758404641837,3.0,3.25,26,0.21485096954008812,nan,nan,163,345,328,131
1.0,1.0,73,3,5701131758404641837,3.0,3.25,26,0.01871823579135779,nan,nan,163,345,328,131
1.0,1.0,74,1,3350035470212453196,3.0,3.25,26,0.41364760810355583,nan,nan,166,306,305,119
1.0,1.0,74,2,3350035470212453196,3.0,3.25,26,0.078797362870475,nan,nan,166,306,305,119
1.0,1.0,74,3,3350035470212453196,3.0,3.25,26,0.0,nan,nan,166,306,305,119
1.0,1.0,75,1,6389921859933007056,3.0,3.25,26,0.6537700747073484,nan,nan,166,335,308,127
1.0,1.0,75,2,6389921859933007056,3.0,3.25,26,0.21098293498620274,nan,nan,166,335,308,127
1.0,1.0,75,3,6389921859933007056,3.0,3.25,26,0.062157394984900464,nan,nan,166,335,308,127
1.0,1.0,76,1,9536017201052191628,3.0,3.25,26,0.317009829586962,nan,nan,165,313,329,124
1.0,1.0,76,2,9536017201052191628,3.0,3.25,26,0.07742611667782681,nan,nan,165,313,329,124
1.0,1.0,76,3,9536017201052191628,3.0,3.25,26,0.0,nan,nan,165,313,329,124
1.0,1.0,77,1,12469558506744727715,3.0,3.25,26,0.6050113489451724,nan,nan,172,297,296,129
1.0,1.0,77,2,12469558506744727715,3.0,3.25,26,0.2563560826428473,nan,nan,172,297,296,129
1.0,1.0,77,3,12469558506744727715,3.0,3.25,26,0.04100342059900883,nan,nan,172,297,296,129
1.0,1.0,78,1,15262091038952831380,3.0,3.25,26,0.42584257847415746,nan,nan,165,244,269,114
1.0,1.0,78,2,15262091038952831380,3.0,3.25,26,0.1059550099023783,nan,nan,165,244,269,114
1.0,1.0,78,3,15262091038952831380,3.0,3.25,26,0.010989010989010988,nan,nan,165,244,269,114
1.0,1.0,79,1,5823193022165257852,3.0,3.25,26,0.6433521912884631,nan,nan,166,318,311,133
1.0,1.0,79,2,5823193022165257852,3.0,3.25,26,0.33089641191448843,nan,nan,166,318,311,133
1.0,1.0,79,3,5823193022165257852,3.0,3.25,26,0.061210467165552354,nan,nan,166,318,311,133
1.0,1.0,80,1,4730951036504029949,3.0,3.25,26,0.5263621378002648,nan,nan,176,300,304,133
1.0,1.0,80,2,4730951036504029949,3.0,3.25,26,0.20736891251941422,nan,nan,176,300,304,133
1.0,1.0,80,3,4730951036504029949,3.0,3.25,26,0.03940189997046184,nan,nan,176,300,304,133
1.0,1.0,81,1,4098426710436800488,3.0,3.25,26,0.38951298923264055,nan,nan,163,249,298,91
1.0,1.0,81,2,4098426710436800488,3.0,3.25,26,0.18510651658801125,nan,nan,163,249,298,91
1.0,1.0,81,3,4098426710436800488,3.0,3.25,26,0.032368507600733294,nan,nan,163,249,298,91
1.0,1.0,82,1,6520781439463287176,3.0,3.25,26,0.6091693165548873,nan,nan,169,424,362,157
1.0,1.0,82,2,6520781439463287176,3.0,3.25,26,0.24217639359239682,nan,nan,169,424,362,157
1.0,1.0,82,3,6520781439463287176,3.0,3.25,26,0.06838005110050058,nan,nan,169,424,362,157
1.0,1.0,83,1,3424773751781489833,3.0,3.25,26,0.5995158768856566,nan,nan,178,425,359,167
1.0,1.0,83,2,3424773751781489833,3.0,3.25,26,0.1940774223381809,nan,nan,178,425,359,167
1.0,1.0,83,3,3424773751781489833,3.0,3.25,26,0.03852124947549495,nan,nan,178,425,359,167
1.0,1.0,84,1,12422622974296250170,3.0,3.25,26,0.46571543546344596,nan,nan,163,318,315,138
1.0,1.0,84,2,12422622974296250170,3.0,3.25,26,0.2152661318443812,nan,nan,163,318,315,138
1.0,1.0,84,3,12422622974296250170,3.0,3.25,26,0.11785075176321863,nan,nan,163,318,315,138
1.0,1.0,85,1,519599761723879586,3.0,3.25,26,0.431969503247419,nan,nan,161,262,284,107
1.0,1.0,85,2,519599761723879586,3.0,3.25,26,0.14058211914911664,nan,nan,161,262,284,107
1.0,1.0,85,3,519599761723879586,3.0,3.25,26,0.07285464455129467,nan,nan,161,262,284,107
1.0,1.0,86,1,10471764616519319896,3.0,3.25,26,0.44699734263796675,nan,nan,166,294,304,118
1.0,1.0,86,2,10471764616519319896,3.0,3.25,26,0.16184729903995074,nan,nan,166,294,304,118
1.0,1.0,86,3,10471764616519319896,3.0,3.25,26,0.07806157864675542,nan,nan,166,294,304,118
1.0,1.0,87,1,14449324369507486945,3.0,3.25,26,0.6213436905748082,nan,nan,160,312,304,104
1.0,1.0,87,2,14449324369507486945,3.0,3.25,26,0.3004971225711878,nan,nan,160,312,304,104
1.0,1.0,87,3,14449324369507486945,3.0,3.25,26,0.13051316417283151,nan,nan,160,312,304,104
1.0,1.0,88,1,3067323267581876360,3.0,3.25,26,0.3909188748820856,nan,nan,164,300,302,133
1.0,1.0,88,2,3067323267581876360,3.0,3.25,26,0.06571153607942905,nan,nan,164,300,302,133
1.0,1.0,88,3,3067323267581876360,3.0,3.25,26,0.0,nan,nan,164,300,302,133
1.0,1.0,89,1,13282196051820755555,3.0,3.25,26,0.586112146614924,nan,nan,161,265,277,104
1.0,1.0,89,2,13282196051820755555,3.0,3.25,26,0.2636411039574583,nan,nan,161,265,277,104
1.0,1.0,89,3,13282196051820755555,3.0,3.25,26,0.04676300446708129,nan,nan,161,265,277,104
1.0,1.0,90,1,4392324089618586603,3.0,3.25,26,0.5575845311795821,nan,nan,163,336,321,135
1.0,1.0,90,2,4392324089618586603,3.0,3.25,26,0.1528711742055868,nan,nan,163,336,321,135
1.0,1.0,90,3,4392324089618586603,3.0,3.25,26,0.05441695920997493,nan,nan,163,336,321,135
1.0,1.0,91,1,16862359185698422742,3.0,3.25,26,0.4799750217554187,nan,nan,160,315,305,138
1.0,1.0,91,2,16862359185698422742,3.0,3.25,26,0.10762609755001375,nan,nan,160,315,305,138
1.0,1.0,91,3,16862359185698422742,3.0,3.25,26,0.015400316192171394,nan,nan,160,315,305,138
1.0,1.0,92,1,5866682745979190956,3.0,3.25,26,0.5322071542659779,nan,nan,162,295,301,118
1.0,1.0,92,2,5866682745979190956,3.0,3.25,26,0.16377682995330053,nan,nan,162,295,301,118
1.0,1.0,92,3,5866682745979190956,3.0,3.25,26,0.03390918390918392,nan,nan,162,295,301,118
1.0,1.0,93,1,3030878479819256060,3.0,3.25,26,0.6649664479642458,nan,nan,170,353,329,131
1.0,1.0,93,2,3030878479819256060,3.0,3.25,26,0.30656121202536235,nan,nan,170,353,329,131
1.0,1.0,93,3,3030878479819256060,3.0,3.25,26,0.05318459857238933,nan,nan,170,353,329,131
1.0,1.0,94,1,12632660028945936997,3.0,3.25,26,0.5873766739949798,nan,nan,164,315,305,135
1.0,1.0,94,2,12632660028945936997,3.0,3.25,26,0.25143259325878775,nan,nan,164,315,305,135
1.0,1.0,94,3,12632660028945936997,3.0,3.25,26,0.0681329668490874,nan,nan,164,315,305,135
1.0,1.0,95,1,18318223047079228732,3.0,3.25,26,0.4175142861597711,nan,nan,160,259,286,111
1.0,1.0,95,2,18318223047079228732,3.0,3.25,26,0.05917257213243836,nan,nan,160,259,286,111
1.0,1.0,95,3,18318223047079228732,3.0,3.25,26,0.015285996055226823,nan,nan,160,259,286,111
1.0,1.0,96,1,2097386746786829193,3.0,3.25,26,0.5856657396209102,nan,nan,167,283,290,124
1.0,1.0,96,2,2097386746786829193,3.0,3.25,26,0.1870350907326223,nan,nan,167,283,290,124
1.0,1.0,96,3,2097386746786829193,3.0,3.25,26,0.060090349885997055,nan,nan,167,283,290,124
1.0,1.0,97,1,7792791457809211436,3.0,3.25,26,0.5143677342543576,nan,nan,164,300,297,130
1.0,1.0,97,2,7792791457809211436,3.0,3.25,26,0.15173112215279508,nan,nan,164,300,297,130
1.0,1.0,97,3,7792791457809211436,3.0,3.25,26,0.05558974481039258,nan,nan,164,300,297,130
1.0,1.0,98,1,18147607626365995479,3.0,3.25,26,0.5427339607606468,nan,nan,178,321,314,135
1.0,1.0,98,2,18147607626365995479,3.0,3.25,26,0.19112716462869525,nan,nan,178,321,314,135
1.0,1.0,98,3,18147607626365995479,3.0,3.25,26,0.006660412757973733,nan,nan,178,321,314,135
1.0,1.0,99,1,10218929656637329111,3.0,3.25,26,0.6405462233979888,nan,nan,160,298,299,127
1.0,1.0,99,2,10218929656637329111,3.0,3.25,26,0.17617424805520826,nan,nan,160,298,299,127
1.0,1.0,99,3,10218929656637329111,3.0,3.25,26,0.02674397283691727,nan,nan,160,298,299,127
1.0,1.0,100,1,17072536021668395214,3.0,3.25,26,0.6058508080779661,nan,nan,165,307,311,113
1.0,1.0,100,2,17072536021668395214,3.0,3.25,26,0.28997690749110616,nan,nan,165,307,311,113
1.0,1.0,100,3,17072536021668395214,3.0,3.25,26,0.10408487685825639,nan,nan,165,307,311,113
1.0,1.0,101,1,2534586132641841826,3.0,3.25,26,0.5573380573612613,nan,nan,166,252,287,81
1.0,1.0,101,2,2534586132641841826,3.0,3.25,26,0.20135426883217677,nan,nan,166,252,287,81
1.0,1.0,101,3,2534586132641841826,3.0,3.25,26,0.04930550807754951,nan,nan,166,252,287,81
1.0,1.0,102,1,5622645351583975833,3.0,3.25,26,0.5004096873048486,nan,nan,176,304,307,126
1.0,1.0,102,2,5622645351583975833,3.0,3.25,26,0.14831659492475424,nan,nan,176,304,307,126
1.0,1.0,102,3,5622645351583975833,3.0,3.25,26,0.040044631221101794,nan,nan,176,304,307,126
1.0,1.0,103,1,4120722564217785304,3.0,3.25,26,0.4303021254108209,nan,nan,160,242,278,100
1.0,1.0,103,2,4120722564217785304,3.0,3.25,26,0.13363068091328956,nan,nan,160,242,278,100
1.0,1.0,103,3,4120722564217785304,3.0,3.25,26,0.0016025641025641025,nan,nan,160,242,278,100
1.0,1.0,104,1,15312040067153470470,3.0,3.25,26,0.46721052780890504,nan,nan,169,344,350,126
1.0,1.0,104,2,15312040067153470470,3.0,3.25,26,0.0906329978338092,nan,nan,169,344,350,126
1.0,1.0,104,3,15312040067153470470,3.0,3.25,26,0.0,nan,nan,169,344,350,126
1.0,1.0,105,1,10657986410053328715,3.0,3.25,26,0.6508302773791598,nan,nan,171,323,313,127
1.0,1.0,105,2,10657986410053328715,3.0,3.25,26,0.29435122173682376,nan,nan,171,323,313,127
1.0,1.0,105,3,10657986410053328715,3.0,3.25,26,0.08235014202193505,nan,nan,171,323,313,127
1.0,1.0,106,1,9992200421453303182,3.0,3.25,26,0.5267209914268738,nan,nan,160,256,274,109
1.0,1.0,106,2,9992200421453303182,3.0,3.25,26,0.2827874739639444,nan,nan,160,256,274,109
1.0,1.0,106,3,9992200421453303182,3.0,3.25,26,0.14820310408545698,nan,nan,160,256,274,109
1.0,1.0,107,1,371776285784094095,3.0,3.25,26,0.7414983124707363,nan,nan,165,295,301,99
1.0,1.0,107,2,371776285784094095,3.0,3.25,26,0.3780406539114813,nan,nan,165,295,301,99
1.0,1.0,107,3,371776285784094095,3.0,3.25,26,0.10218801047901191,nan,nan,165,295,301,99
1.0,1.0,108,1,1729400152145788652,3.0,3.25,26,0.44460612827509505,nan,nan,172,351,325,157
1.0,1.0,108,2,1729400152145788652,3.0,3.25,26,0.07030276268386648,nan,nan,172,351,325,157
1.0,1.0,108,3,1729400152145788652,3.0,3.25,26,0.011385227601595454,nan,nan,172,351,325,157
1.0,1.0,109,1,470854344758525044,3.0,3.25,26,0.6259516612314209,nan,nan,171,311,309,130
1.0,1.0,109,2,470854344758525044,3.0,3.25,26,0.24882887059617584,nan,nan,171,311,309,130
1.0,1.0,109,3,470854344758525044,3.0,3.25,26,0.06788883665241421,nan,nan,171,311,309,130
1.0,1.0,110,1,16222322939822701688,3.0,3.25,26,0.6041133209330647,nan,nan,173,333,320,129
1.0,1.0,110,2,16222322939822701688,3.0,3.25,26,0.21190434805638989,nan,nan,173,333,320,129
1.0,1.0,110,3,16222322939822701688,3.0,3.25,26,0.028614572218378213,nan,nan,173,333,320,129
1.0,1.0,111,1,10849698135782855294,3.0,3.25,26,0.5724879043953272,nan,nan,160,266,273,121
1.0,1.0,111,2,10849698135782855294,3.0,3.25,26,0.20917029789641736,nan,nan,160,266,273,121
1.0,1.0,111,3,10849698135782855294,3.0,3.25,26,0.02362859332107237,nan,nan,160,266,273,121
1.0,1.0,112,1,16172913582377981048,3.0,3.25,26,0.4804355065305233,nan,nan,167,348,323,126
1.0,1.0,112,2,16172913582377981048,3.0,3.25,26,0.1461791951817288,nan,nan,167,348,323,126
1.0,1.0,112,3,16172913582377981048,3.0,3.25,26,0.04049969304522348,nan,nan,167,348,323,126
1.0,1.0,113,1,16117629602741508484,3.0,3.25,26,0.4546068258509525,nan,nan,168,303,314,121
1.0,1.0,113,2,16117629602741508484,3.0,3.25,26,0.07058165982041689,nan,nan,168,303,314,121
1.0,1.0,113,3,16117629602741508484,3.0,3.25,26,0.006188460201963578,nan,nan,168,303,314,121
1.0,1.0,114,1,12060763611707854592,3.0,3.25,26,0.5305955137269741,nan,nan,165,253,267,127
1.0,1.0,114,2,12060763611707854592,3.0,3.25,26,0.13262981644580316,nan,nan,165,253,267,127
1.0,1.0,114,3,12060763611707854592,3.0,3.25,26,0.0,nan,nan,165,253,267,127
1.0,1.0,115,1,13613864968830068348,3.0,3.25,26,0.4950810054640701,nan,nan,167,282,303,109
1.0,1.0,115,2,13613864968830068348,3.0,3.25,26,0.16928627521013667,nan,nan,167,282,303,109
1.0,1.0,115,3,13613864968830068348,3.0,3.25,26,0.04606784805432813,nan,nan,167,282,303,109
1.0,1.0,116,1,3558502262957548474,3.0,3.25,26,0.4280171266230966,nan,nan,160,273,309,107
1.0,1.0,116,2,3558502262957548474,3.0,3.25,26,0.12764541427298864,nan,nan,160,273,309,107
1.0,1.0,116,3,3558502262957548474,3.0,3.25,26,0.03142414860681115,nan,nan,160,273,309,107
1.0,1.0,117,1,16190656387243810600,3.0,3.25,26,0.3668926888582715,nan,nan,174,331,322,142
1.0,1.0,117,2,16190656387243810600,3.0,3.25,26,0.06508602696687499,nan,nan,174,331,322,142
1.0,1.0,117,3,16190656387243810600,3.0,3.25,26,0.010920546878801148,nan,nan,174,331,322,142
1.0,1.0,118,1,13204821738113196466,3.0,3.25,26,0.48240228811044894,nan,nan,169,343,315,147
1.0,1.0,118,2,13204821738113196466,3.0,3.25,26,0.09001572395711872,nan,nan,169,343,315,147
1.0,1.0,118,3,13204821738113196466,3.0,3.25,26,0.0,nan,nan,169,343,315,147
1.0,1.0,119,1,11028730107909268435,3.0,3.25,26,0.5170601995751285,nan,nan,178,351,348,134
1.0,1.0,119,2,11028730107909268435,3.0,3.25,26,0.1000120063587771,nan,nan,178,351,348,134
1.0,1.0,119,3,11028730107909268435,3.0,3.25,26,0.006840439077281183,nan,nan,178,351,348,134
1.5,0.0,0,1,5000901509661947107,3.0,3.25,26,0.6278785259477994,nan,nan,692,1673,1143,0
1.5,0.0,0,2,5000901509661947107,3.0,3.25,26,0.29345591601753634,nan,nan,692,1673,1143,0
1.5,0.0,0,3,5000901509661947107,3.0,3.25,26,0.08883685547443584,nan,nan,692,1673,1143,0
1.5,0.0,1,1,15834809930184590351,3.0,3.25,26,0.5663811666829859,nan,nan,1006,2467,1629,0
1.5,0.0,1,2,15834809930184590351,3.0,3.25,26,0.22558440581020117,nan,nan,1006,2467,1629,0
1.5,0.0,1,3,15834809930184590351,3.0,3.25,26,0.07342913553601832,nan,nan,1006,2467,1629,0
1.5,0.0,2,1,12699408823390843798,3.0,3.25,26,0.6139761873107468,nan,nan,769,1848,1239,0
1.5,0.0,2,2,12699408823390843798,3.0,3.25,26,0.2816114955300805,nan,nan,769,1848,1239,0
1.5,0.0,2,3,12699408823390843798,3.0,3.25,26,0.10491689185418886,nan,nan,769,1848,1239,0
1.5,0.0,3,1,13095616298231226654,3.0,3.25,26,0.6220435556366369,nan,nan,984,2113,1296,0
1.5,0.0,3,2,13095616298231226654,3.0,3.25,26,0.29313896522149474,nan,nan,984,2113,1296,0
1.5,0.0,3,3,13095616298231226654,3.0,3.25,26,0.10256603948406608,nan,nan,984,2113,1296,0
1.5,0.0,4,1,4192900062398496832,3.0,3.25,26,0.604142482876648,nan,nan,839,1942,1270,0
1.5,0.0,4,2,4192900062398496832,3.0,3.25,26,0.27578888304084315,nan,nan,839,1942,1270,0
1.5,0.0,4,3,4192900062398496832,3.0,3.25,26,0.11589008442239133,nan,nan,839,1942,1270,0
1.5,0.0,5,1,5926957499256483241,3.0,3.25,26,0.6090423049945717,nan,nan,964,2354,1550,0
1.5,0.0,5,2,5926957499256483241,3.0,3.25,26,0.28492331036351504,nan,nan,964,2354,1550,0
1.5,0.0,5,3,5926957499256483241,3.0,3.25,26,0.09825741697885045,nan,nan,964,2354,1550,0
1.5,0.0,6,1,16507764271163501920,3.0,3.25,26,0.586551943872462,nan,nan,948,2204,1416,0
1.5,0.0,6,2,16507764271163501920,3.0,3.25,26,0.2650205718571683,nan,nan,948,2204,1416,0
1.5,0.0,6,3,16507764271163501920,3.0,3.25,26,0.09018182419987013,nan,nan,948,2204,1416,0
1.5,0.0,7,1,5629286686412319289,3.0,3.25,26,0.5867668776782277,nan,nan,727,1930,1371,0
1.5,0.0,7,2,5629286686412319289,3.0,3.25,26,0.2487289269893882,nan,nan,727,1930,1371,0
1.5,0.0,7,3,5629286686412319289,3.0,3.25,26,0.08016102056873822,nan,nan,727,1930,1371,0
1.5,0.0,8,1,9975445636145261003,3.0,3.25,26,0.6004139828785061,nan,nan,964,2303,1501,0
1.5,0.0,8,2,9975445636145261003,3.0,3.25,26,0.2493565415218174,nan,nan,964,2303,1501,0
1.5,0.0,8,3,9975445636145261003,3.0,3.25,26,0.08572635966072396,nan,nan,964,2303,1501,0
1.5,0.0,9,1,4286042991116609507,3.0,3.25,26,0.5911406306733284,nan,nan,711,1656,1106,0
1.5,0.0,9,2,4286042991116609507,3.0,3.25,26,0.23528883981854565,nan,nan,711,1656,1106,0
1.5,0.0,9,3,4286042991116609507,3.0,3.25,26,0.08005493761153773,nan,nan,711,1656,1106,0
1.5,0.0,10,1,596976584493591830,3.0,3.25,26,0.6291132896346535,nan,nan,1003,2236,1398,0
1.5,0.0,10,2,596976584493591830,3.0,3.25,26,0.2601866123839071,nan,nan,1003,2236,1398,0
1.5,0.0,10,3,596976584493591830,3.0,3.25,26,0.08876495521215765,nan,nan,1003,2236,1398,0
1.5,0.0,11,1,12565566346749434586,3.0,3.25,26,0.5765476924002155,nan,nan,732,1898,1329,0
1.5,0.0,11,2,12565566346749434586,3.0,3.25,26,0.2398815759842187,nan,nan,732,1898,1329,0
1.5,0.0,11,3,12565566346749434586,3.0,3.25,26,0.07867277169062908,nan,nan,732,1898,1329,0
1.5,0.0,12,1,14440035938848173257,3.0,3.25,26,0.5959973802978971,nan,nan,681,1646,1136,0
1.5,0.0,12,2,14440035938848173257,3.0,3.25,26,0.25813937592934433,nan,nan,681,1646,1136,0
1.5,0.0,12,3,14440035938848173257,3.0,3.25,26,0.07297781330392585,nan,nan,681,1646,1136,0
1.5,0.0,13,1,14689490667419830538,3.0,3.25,26,0.5682854812785212,nan,nan,722,1712,1156,0
1.5,0.0,13,2,14689490667419830538,3.0,3.25,26,0.24094856741013246,nan,nan,722,1712,1156,0
1.5,0.0,13,3,14689490667419830538,3.0,3.25,26,0.058968842019736914,nan,nan,722,1712,1156,0
1.5,0.0,14,1,4592366423453840995,3.0,3.25,26,0.5856983325554966,nan,nan,735,1805,1231,0
1.5,0.0,14,2,4592366423453840995,3.0,3.25,26,0.25251110659611614,nan,nan,735,1805,1231,0
1.5,0.0,14,3,4592366423453840995,3.0,3.25,26,0.0825169331027616,nan,nan,735,1805,1231,0
1.5,0.0,15,1,16675159046499701558,3.0,3.25,26,0.5862130572820672,nan,nan,691,1701,1171,0
1.5,0.0,15,2,16675159046499701558,3.0,3.25,26,0.26839252388928786,nan,nan,691,1701,1171,0
1.5,0.0,15,3,16675159046499701558,3.0,3.25,26,0.09116886616932177,nan,nan,691,1701,1171,0
1.5,0.0,16,1,18184812773594591716,3.0,3.25,26,0.6096252942915966,nan,nan,807,1926,1279,0
1.5,0.0,16,2,18184812773594591716,3.0,3.25,26,0.30638882796207123,nan,nan,807,1926,1279,0
1.5,0.0,16,3,18184812773594591716,3.0,3.25,26,0.1212315758257905,nan,nan,807,1926,1279,0
1.5,0.0,17,1,8921056625213720888,3.0,3.25,26,0.5954243702635563,nan,nan,899,2168,1430,0
1.5,0.0,17,2,8921056625213720888,3.0,3.25,26,0.2507371428967785,nan,nan,899,2168,1430,0
1.5,0.0,17,3,8921056625213720888,3.0,3.25,26,0.08780541717347863,nan,nan,899,2168,1430,0
1.5,0.0,18,1,3905584137480892393,3.0,3.25,26,0.6124144800078449,nan,nan,878,1959,1248,0
1.5,0.0,18,2,3905584137480892393,3.0,3.25,26,0.26534361330670986,nan,nan,878,1959,1248,0
1.5,0.0,18,3,3905584137480892393,3.0,3.25,26,0.09348288805460453,nan,nan,878,1959,1248,0
1.5,0.0,19,1,10569310618484066830,3.0,3.25,26,0.6137053740448635,nan,nan,785,1784,1160,0
1.5,0.0,19,2,10569310618484066830,3.0,3.25,26,0.26924274687276617,nan,nan,785,1784,1160,0
1.5,0.0,19,3,10569310618484066830,3.0,3.25,26,0.08855980029718642,nan,nan,785,1784,1160,0
1.5,0.0,20,1,15099636475832387613,3.0,3.25,26,0.5891416832156591,nan,nan,824,1856,1200,0
1.5,0.0,20,2,15099636475832387613,3.0,3.25,26,0.23739754245570086,nan,nan,824,1856,1200,0
1.5,0.0,20,3,15099636475832387613,3.0,3.25,26,0.0781985006488024,nan,nan,824,1856,1200,0
1.5,0.0,21,1,11599600515187323070,3.0,3.25,26,0.6396464912747974,nan,nan,1155,2485,1495,0
1.5,0.0,21,2,11599600515187323070,3.0,3.25,26,0.28597556739062646,nan,nan,1155,2485,1495,0
1.5,0.0,21,3,11599600515187323070,3.0,3.25,26,0.10609227339215152,nan,nan,1155,2485,1495,0
1.5,0.0,22,1,18365137666525544895,3.0,3.25,26,0.6074747712716841,nan,nan,862,1989,1287,0
1.5,0.0,22,2,18365137666525544895,3.0,3.25,26,0.2444578002183701,nan,nan,862,1989,1287,0
1.5,0.0,22,3,18365137666525544895,3.0,3.25,26,0.06769500285128877,nan,nan,862,1989,1287,0
1.5,0.0,23,1,16754675781649758691,3.0,3.25,26,0.5840786436145031,nan,nan,792,1860,1230,0
1.5,0.0,23,2,16754675781649758691,3.0,3.25,26,0.22816088849705457,nan,nan,792,1860,1230,0
1.5,0.0,23,3,16754675781649758691,3.0,3.25,26,0.05592432417859065,nan,nan,792,1860,1230,0
1.5,0.0,24,1,4148526849394817053,3.0,3.25,26,0.607436863483798,nan,nan,850,2128,1447,0
1.5,0.0,24,2,4148526849394817053,3.0,3.25,26,0.25829377540219467,nan,nan,850,2128,1447,0
1.5,0.0,24,3,4148526849394817053,3.0,3.25,26,0.07452015170128436,nan,nan,850,2128,1447,0
1.5,0.0,25,1,14758083610089146952,3.0,3.25,26,0.5816978566639821,nan,nan,712,1784,1236,0
1.5,0.0,25,2,14758083610089146952,3.0,3.25,26,0.24406742056927555,nan,nan,712,1784,1236,0
1.5,0.0,25,3,14758083610089146952,3.0,3.25,26,0.07818645564956335,nan,nan,712,1784,1236,0
1.5,0.0,26,1,16988102180099406833,3.0,3.25,26,0.5939360337176482,nan,nan,796,1890,1257,0
1.5,0.0,26,2,16988102180099406833,3.0,3.25,26,0.25191608697437423,nan,nan,796,1890,1257,0
1.5,0.0,26,3,16988102180099406833,3.0,3.25,26,0.07938507230542317,nan,nan,796,1890,1257,0
1.5,0.0,27,1,15714208320315306108,3.0,3.25,26,0.624716773732412,nan,nan,914,2166,1414,0
1.5,0.0,27,2,15714208320315306108,3.0,3.25,26,0.2711660369133058,nan,nan,914,2166,1414,0
1.5,0.0,27,3,15714208320315306108,3.0,3.25,26,0.09180538870722803,nan,nan,914,2166,1414,0
1.5,0.0,28,1,4496498375836029652,3.0,3.25,26,0.6179913158959939,nan,nan,867,2039,1336,0
1.5,0.0,28,2,4496498375836029652,3.0,3.25,26,0.2893840437471743,nan,nan,867,2039,1336,0
1.5,0.0,28,3,4496498375836029652,3.0,3.25,26,0.1294004457872982,nan,nan,867,2039,1336,0
1.5,0.0,29,1,13740217494250516160,3.0,3.25,26,0.5901118091009233,nan,nan,606,1542,1101,0
1.5,0.0,29,2,13740217494250516160,3.0,3.25,26,0.26170331065272057,nan,nan,606,1542,1101,0
1.5,0.0,29,3,13740217494250516160,3.0,3.25,26,0.09329508369069621,nan,nan,606,1542,1101,0
1.5,0.0,30,1,6373449735936089320,3.0,3.25,26,0.596219019391386,nan,nan,750,1793,1203,0
1.5,0.0,30,2,6373449735936089320,3.0,3.25,26,0.2802920821714607,nan,nan,750,1793,1203,0
1.5,0.0,30,3,6373449735936089320,3.0,3.25,26,0.09279335913961785,nan,nan,750,1793,1203,0
1.5,0.0,31,1,3972728824682276415,3.0,3.25,26,0.6303349176129148,nan,nan,852,1940,1248,0
1.5,0.0,31,2,3972728824682276415,3.0,3.25,26,0.2838986997327156,nan,nan,852,1940,1248,0
1.5,0.0,31,3,3972728824682276415,3.0,3.25,26,0.10663276182839253,nan,nan,852,1940,1248,0
1.5,0.0,32,1,17134308587772286989,3.0,3.25,26,0.6189714076288927,nan,nan,1036,2416,1544,0
1.5,0.0,32,2,17134308587772286989,3.0,3.25,26,0.28381276125452287,nan,nan,1036,2416,1544,0
1.5,0.0,32,3,17134308587772286989,3.0,3.25,26,0.10051368491616573,nan,nan,1036,2416,1544,0
1.5,0.0,33,1,16812509047758397346,3.0,3.25,26,0.6151285201312372,nan,nan,793,1916,1285,0
1.5,0.0,33,2,16812509047758397346,3.0,3.25,26,0.260889523345189,nan,nan,793,1916,1285,0
1.5,0.0,33,3,16812509047758397346,3.0,3.25,26,0.08889826656426615,nan,nan,793,1916,1285,0
1.5,0.0,34,1,2779044927997847599,3.0,3.25,26,0.5784357158171928,nan,nan,907,2236,1492,0
1.5,0.0,34,2,2779044927997847599,3.0,3.25,26,0.23841514277353384,nan,nan,907,2236,1492,0
1.5,0.0,34,3,2779044927997847599,3.0,3.25,26,0.07787755714506873,nan,nan,907,2236,1492,0
1.5,0.0,35,1,17040682038401636532,3.0,3.25,26,0.5988028105931875,nan,nan,704,1780,1236,0
1.5,0.0,35,2,17040682038401636532,3.0,3.25,26,0.25624905124365277,nan,nan,704,1780,1236,0
1.5,0.0,35,3,17040682038401636532,3.0,3.25,26,0.08087981292338771,nan,nan,704,1780,1236,0
1.5,0.0,36,1,7719502220728544377,3.0,3.25,26,0.5821051746401357,nan,nan,865,2112,1409,0
1.5,0.0,36,2,7719502220728544377,3.0,3.25,26,0.23054662129553802,nan,nan,865,2112,1409,0
1.5,0.0,36,3,7719502220728544377,3.0,3.25,26,0.0594802599059772,nan,nan,865,2112,1409,0
1.5,0.0,37,1,12983496293219816270,3.0,3.25,26,0.6166650545282033,nan,nan,709,1652,1106,0
1.5,0.0,37,2,12983496293219816270,3.0,3.25,26,0.2714717904206027,nan,nan,709,1652,1106,0
1.5,0.0,37,3,12983496293219816270,3.0,3.25,26,0.0792083909710778,nan,nan,709,1652,1106,0
1.5,0.0,38,1,13151181984493300267,3.0,3.25,26,0.575257261679824,nan,nan,798,1959,1321,0
1.5,0.0,38,2,13151181984493300267,3.0,3.25,26,0.2272885554586198,nan,nan,798,1959,1321,0
1.5,0.0,38,3,13151181984493300267,3.0,3.25,26,0.05716271339921351,nan,nan,798,1959,1321,0
1.5,0.0,39,1,3252354256232457361,3.0,3.25,26,0.5889617444457008,nan,nan,987,2320,1494,0
1.5,0.0,39,2,3252354256232457361,3.0,3.25,26,0.23332397615603015,nan,nan,987,2320,1494,0
1.5,0.0,39,3,3252354256232457361,3.0,3.25,26,0.06450548976969733,nan,nan,987,2320,1494,0
1.5,0.0,40,1,17295908641772978572,3.0,3.25,26,0.6040202771739931,nan,nan,754,1836,1242,0
1.5,0.0,40,2,17295908641772978572,3.0,3.25,26,0.26763979769066637,nan,nan,754,1836,1242,0
1.5,0.0,40,3,17295908641772978572,3.0,3.25,26,0.09471891331122939,nan,nan,754,1836,1242,0
1.5,0.0,41,1,14230707658699100464,3.0,3.25,26,0.5947710661814827,nan,nan,787,2037,1410,0
1.5,0.0,41,2,14230707658699100464,3.0,3.25,26,0.2527440890499213,nan,nan,787,2037,1410,0
1.5,0.0,41,3,14230707658699100464,3.0,3.25,26,0.08905635363737287,nan,nan,787,2037,1410,0
1.5,0.0,42,1,3393148999887263920,3.0,3.25,26,0.604699358637852,nan,nan,936,2251,1475,0
1.5,0.0,42,2,3393148999887263920,3.0,3.25,26,0.2588237834009663,nan,nan,936,2251,1475,0
1.5,0.0,42,3,3393148999887263920,3.0,3.25,26,0.09112797976023955,nan,nan,936,2251,1475,0
1.5,0.0,43,1,10276228813012705875,3.0,3.25,26,0.6124787112690506,nan,nan,1303,2838,1696,0
1.5,0.0,43,2,10276228813012705875,3.0,3.25,26,0.2604419731575095,nan,nan,1303,2838,1696,0
1.5,0.0,43,3,10276228813012705875,3.0,3.25,26,0.08553511096163385,nan,nan,1303,2838,1696,0
1.5,0.0,44,1,8187751526195069010,3.0,3.25,26,0.6063210179236099,nan,nan,956,2108,1312,0
1.5,0.0,44,2,8187751526195069010,3.0,3.25,26,0.25421067545653736,nan,nan,956,2108,1312,0
1.5,0.0,44,3,8187751526195069010,3.0,3.25,26,0.08011505236371602,nan,nan,956,2108,1312,0
1.5,0.0,45,1,15635397721964594179,3.0,3.25,26,0.5973814145698384,nan,nan,927,2168,1402,0
1.5,0.0,45,2,15635397721964594179,3.0,3.25,26,0.26133687078862605,nan,nan,927,2168,1402,0
1.5,0.0,45,3,15635397721964594179,3.0,3.25,26,0.08486570101240035,nan,nan,927,2168,1402,0
1.5,0.0,46,1,15301677425736638563,3.0,3.25,26,0.5808072771827407,nan,nan,853,2220,1533,0
1.5,0.0,46,2,15301677425736638563,3.0,3.25,26,0.2454731338684818,nan,nan,853,2220,1533,0
1.5,0.0,46,3,15301677425736638563,3.0,3.25,26,0.0778527083472189,nan,nan,853,2220,1533,0
1.5,0.0,47,1,9281445509519415557,3.0,3.25,26,0.5873101087596457,nan,nan,753,1884,1293,0
1.5,0.0,47,2,9281445509519415557,3.0,3.25,26,0.23224888326928858,nan,nan,753,1884,1293,0
1.5,0.0,47,3,9281445509519415557,3.0,3.25,26,0.07532255512645834,nan,nan,753,1884,1293,0
1.5,0.0,48,1,15565383076824720540,3.0,3.25,26,0.6180873689210267,nan,nan,819,1822,1164,0
1.5,0.0,48,2,15565383076824720540,3.0,3.25,26,0.27205373590842064,nan,nan,819,1822,1164,0
1.5,0.0,48,3,15565383076824720540,3.0,3.25,26,0.11130189038175628,nan,nan,819,1822,1164,0
1.5,0.0,49,1,15961984608474852437,3.0,3.25,26,0.5868356998343187,nan,nan,883,2150,1428,0
1.5,0.0,49,2,15961984608474852437,3.0,3.25,26,0.23608174349596137,nan,nan,883,2150,1428,0
1.5,0.0,49,3,15961984608474852437,3.0,3.25,26,0.07302621480602106,nan,nan,883,2150,1428,0
1.5,0.0,50,1,16983186556373620688,3.0,3.25,26,0.597200654611721,nan,nan,1069,2515,1606,0
1.5,0.0,50,2,16983186556373620688,3.0,3.25,26,0.24505895471517836,nan,nan,1069,2515,1606,0
1.5,0.0,50,3,16983186556373620688,3.0,3.25,26,0.07089359919514396,nan,nan,1069,2515,1606,0
1.5,0.0,51,1,10073461561933509121,3.0,3.25,26,0.6151848169663858,nan,nan,1014,2395,1547,0
1.5,0.0,51,2,10073461561933509121,3.0,3.25,26,0.2890440415756112,nan,nan,1014,2395,1547,0
1.5,0.0,51,3,10073461561933509121,3.0,3.25,26,0.10941417445330999,nan,nan,1014,2395,1547,0
1.5,0.0,52,1,10135316991189258263,3.0,3.25,26,0.6165984144041299,nan,nan,697,1772,1242,0
1.5,0.0,52,2,10135316991189258263,3.0,3.25,26,0.2791512914682842,nan,nan,697,1772,1242,0
1.5,0.0,52,3,10135316991189258263,3.0,3.25,26,0.09345812823397519,nan,nan,697,1772,1242,0
1.5,0.0,53,1,13654810395624193743,3.0,3.25,26,0.6278329787181351,nan,nan,950,2253,1465,0
1.5,0.0,53,2,13654810395624193743,3.0,3.25,26,0.2851735314993301,nan,nan,950,2253,1465,0
1.5,0.0,53,3,13654810395624193743,3.0,3.25,26,0.10302883503670977,nan,nan,950,2253,1465,0
1.5,0.0,54,1,14507642748527115755,3.0,3.25,26,0.6145072918188834,nan,nan,755,1772,1177,0
1.5,0.0,54,2,14507642748527115755,3.0,3.25,26,0.26152724344658684,nan,nan,755,1772,1177,0
1.5,0.0,54,3,14507642748527115755,3.0,3.25,26,0.0885153416330562,nan,nan,755,1772,1177,0
1.5,0.0,55,1,679829131760147170,3.0,3.25,26,0.5905996879113213,nan,nan,822,1947,1285,0
1.5,0.0,55,2,679829131760147170,3.0,3.25,26,0.2579628619404172,nan,nan,822,1947,1285,0
1.5,0.0,55,3,679829131760147170,3.0,3.25,26,0.08724448065811422,nan,nan,822,1947,1285,0
1.5,0.0,56,1,17618203301613148812,3.0,3.25,26,0.61738708291604,nan,nan,869,2049,1340,0
1.5,0.0,56,2,17618203301613148812,3.0,3.25,26,0.299399813745863,nan,nan,869,2049,1340,0
1.5,0.0,56,3,17618203301613148812,3.0,3.25,26,0.11145639069196069,nan,nan,869,2049,1340,0
1.5,0.0,57,1,11838350745907445989,3.0,3.25,26,0.6025459774507895,nan,nan,872,1981,1270,0
1.5,0.0,57,2,11838350745907445989,3.0,3.25,26,0.25991578314262387,nan,nan,872,1981,1270,0
1.5,0.0,57,3,11838350745907445989,3.0,3.25,26,0.09476009966957136,nan,nan,872,1981,1270,0
1.5,0.0,58,1,16573848747143053974,3.0,3.25,26,0.6019972167297062,nan,nan,878,1989,1271,0
1.5,0.0,58,2,16573848747143053974,3.0,3.25,26,0.27517296969008825,nan,nan,878,1989,1271,0
1.5,0.0,58,3,16573848747143053974,3.0,3.25,26,0.09135496264134305,nan,nan,878,1989,1271,0
1.5,0.0,59,1,14737339693909010282,3.0,3.25,26,0.5820672383927912,nan,nan,849,2040,1351,0
1.5,0.0,59,2,14737339693909010282,3.0,3.25,26,0.22001692057632238,nan,nan,849,2040,1351,0
1.5,0.0,59,3,14737339693909010282,3.0,3.25,26,0.05669849763856391,nan,nan,849,2040,1351,0
1.5,0.0,60,1,15155271516699995655,3.0,3.25,26,0.6190645246213317,nan,nan,822,1938,1276,0
1.5,0.0,60,2,15155271516699995655,3.0,3.25,26,0.28190424425985056,nan,nan,822,1938,1276,0
1.5,0.0,60,3,15155271516699995655,3.0,3.25,26,0.09753035861486206,nan,nan,822,1938,1276,0
1.5,0.0,61,1,15578387401451821473,3.0,3.25,26,0.6108356103293373,nan,nan,883,2126,1404,0
1.5,0.0,61,2,15578387401451821473,3.0,3.25,26,0.24204302554236462,nan,nan,883,2126,1404,0
1.5,0.0,61,3,15578387401451821473,3.0,3.25,26,0.07574674113261316,nan,nan,883,2126,1404,0
1.5,0.0,62,1,4229411697375671688,3.0,3.25,26,0.5985042342361867,nan,nan,756,1917,1321,0
1.5,0.0,62,2,4229411697375671688,3.0,3.25,26,0.2628397501903712,nan,nan,756,1917,1321,0
1.5,0.0,62,3,4229411697375671688,3.0,3.25,26,0.08994964208633356,nan,nan,756,1917,1321,0
1.5,0.0,63,1,14964159093402406593,3.0,3.25,26,0.6029703333901494,nan,nan,809,1973,1325,0
1.5,0.0,63,2,14964159093402406593,3.0,3.25,26,0.2533744080981978,nan,nan,809,1973,1325,0
1.5,0.0,63,3,14964159093402406593,3.0,3.25,26,0.08926510004220616,nan,nan,809,1973,1325,0
1.5,0.0,64,1,14517297283773573538,3.0,3.25,26,0.6153484224793223,nan,nan,1183,2633,1612,0
1.5,0.0,64,2,14517297283773573538,3.0,3.25,26,0.2648603689164914,nan,nan,1183,2633,1612,0
1.5,0.0,64,3,14517297283773573538,3.0,3.25,26,0.09322698713546405,nan,nan,1183,2633,1612,0
1.5,0.0,65,1,5110315267937793075,3.0,3.25,26,0.5906412025429717,nan,nan,1053,2459,1566,0
1.5,0.0,65,2,5110315267937793075,3.0,3.25,26,0.25867889172757635,nan,nan,1053,2459,1566,0
1.5,0.0,65,3,5110315267937793075,3.0,3.25,26,0.08821334152958345,nan,nan,1053,2459,1566,0
1.5,0.0,66,1,16657231248300939718,3.0,3.25,26,0.5978171908167215,nan,nan,671,1633,1122,0
1.5,0.0,66,2,16657231248300939718,3.0,3.25,26,0.2796888741833713,nan,nan,671,1633,1122,0
1.5,0.0,66,3,16657231248300939718,3.0,3.25,26,0.10824679023705236,nan,nan,671,1633,1122,0
1.5,0.0,67,1,17299045590723724278,3.0,3.25,26,0.607843557568364,nan,nan,763,1826,1225,0
1.5,0.0,67,2,17299045590723724278,3.0,3.25,26,0.2564529640586181,nan,nan,763,1826,1225,0
1.5,0.0,67,3,17299045590723724278,3.0,3.25,26,0.0788751439061859,nan,nan,763,1826,1225,0
1.5,0.0,68,1,7996568318484533470,3.0,3.25,26,0.6012885016441877,nan,nan,588,1442,1014,0
1.5,0.0,68,2,7996568318484533470,3.0,3.25,26,0.24862423920103474,nan,nan,588,1442,1014,0
1.5,0.0,68,3,7996568318484533470,3.0,3.25,26,0.08257635983468295,nan,nan,588,1442,1014,0
1.5,0.0,69,1,4375808750517048709,3.0,3.25,26,0.6168671262131663,nan,nan,808,1945,1301,0
1.5,0.0,69,2,4375808750517048709,3.0,3.25,26,0.2710626314486322,nan,nan,808,1945,1301,0
1.5,0.0,69,3,4375808750517048709,3.0,3.25,26,0.09969209737246759,nan,nan,808,1945,1301,0
1.5,0.0,70,1,12985605225246429821,3.0,3.25,26,0.6321596833497168,nan,nan,756,1727,1131,0
1.5,0.0,70,2,12985605225246429821,3.0,3.25,26,0.2944256596320725,nan,nan,756,1727,1131,0
1.5,0.0,70,3,12985605225246429821,3.0,3.25,26,0.12315939632806493,nan,nan,756,1727,1131,0
1.5,0.0,71,1,14669838994695716612,3.0,3.25,26,0.5926303001030215,nan,nan,725,1810,1245,0
1.5,0.0,71,2,14669838994695716612,3.0,3.25,26,0.2564203186109837,nan,nan,725,1810,1245,0
1.5,0.0,71,3,14669838994695716612,3.0,3.25,26,0.09605558033329714,nan,nan,725,1810,1245,0
1.5,0.0,72,1,6293730812299885828,3.0,3.25,26,0.6143279230147568,nan,nan,974,2276,1466,0
1.5,0.0,72,2,6293730812299885828,3.0,3.25,26,0.2739004671321501,nan,nan,974,2276,1466,0
1.5,0.0,72,3,6293730812299885828,3.0,3.25,26,0.08842316627418326,nan,nan,974,2276,1466,0
1.5,0.0,73,1,2981338529528841755,3.0,3.25,26,0.6066490854187514,nan,nan,777,1820,1208,0
1.5,0.0,73,2,2981338529528841755,3.0,3.25,26,0.26226018932311335,nan,nan,777,1820,1208,0
1.5,0.0,73,3,2981338529528841755,3.0,3.25,26,0.08891117864095631,nan,nan,777,1820,1208,0
1.5,0.0,74,1,10888266796067191356,3.0,3.25,26,0.5880084920287421,nan,nan,812,2041,1391,0
1.5,0.0,74,2,10888266796067191356,3.0,3.25,26,0.24510124335941277,nan,nan,812,2041,1391,0
1.5,0.0,74,3,10888266796067191356,3.0,3.25,26,0.08540232813081007,nan,nan,812,2041,1391,0
1.5,0.0,75,1,2790282627869689694,3.0,3.25,26,0.6056777337661917,nan,nan,655,1683,1188,0
1.5,0.0,75,2,2790282627869689694,3.0,3.25,26,0.26288340994739207,nan,nan,655,1683,1188,0
1.5,0.0,75,3,2790282627869689694,3.0,3.25,26,0.10315859878831152,nan,nan,655,1683,1188,0
1.5,0.0,76,1,11614642460976084324,3.0,3.25,26,0.6052569795462558,nan,nan,775,1853,1238,0
1.5,0.0,76,2,11614642460976084324,3.0,3.25,26,0.2702664798166214,nan,nan,775,1853,1238,0
1.5,0.0,76,3,11614642460976084324,3.0,3.25,26,0.09027472207752127,nan,nan,775,1853,1238,0
1.5,0.0,77,1,10868208624468273024,3.0,3.25,26,0.6028028958926671,nan,nan,900,2090,1351,0
1.5,0.0,77,2,10868208624468273024,3.0,3.25,26,0.2890290786470928,nan,nan,900,2090,1351,0
1.5,0.0,77,3,10868208624468273024,3.0,3.25,26,0.10980031515763965,nan,nan,900,2090,1351,0
1.5,0.0,78,1,13791136751587975658,3.0,3.25,26,0.5962517233989728,nan,nan,808,1887,1241,0
1.5,0.0,78,2,13791136751587975658,3.0,3.25,26,0.2555468235201767,nan,nan,808,1887,1241,0
1.5,0.0,78,3,13791136751587975658,3.0,3.25,26,0.0816392560532586,nan,nan,808,1887,1241,0
1.5,0.0,79,1,6614933659368488255,3.0,3.25,26,0.594182747171793,nan,nan,628,1528,1062,0
1.5,0.0,79,2,6614933659368488255,3.0,3.25,26,0.23651045246552402,nan,nan,628,1528,1062,0
1.5,0.0,79,3,6614933659368488255,3.0,3.25,26,0.06901250059430013,nan,nan,628,1528,1062,0
1.5,0.0,80,1,9663996460641851859,3.0,3.25,26,0.5990400424471077,nan,nan,853,1968,1277,0
1.5,0.0,80,2,9663996460641851859,3.0,3.25,26,0.2535261125778744,nan,nan,853,1968,1277,0
1.5,0.0,80,3,9663996460641851859,3.0,3.25,26,0.07935490625175189,nan,nan,853,1968,1277,0
1.5,0.0,81,1,5347206086314445805,3.0,3.25,26,0.5844829567624904,nan,nan,1066,2418,1513,0
1.5,0.0,81,2,5347206086314445805,3.0,3.25,26,0.2391976957705513,nan,nan,1066,2418,1513,0
1.5,0.0,81,3,5347206086314445805,3.0,3.25,26,0.07695198806795887,nan,nan,1066,2418,1513,0
1.5,0.0,82,1,7217950704884536429,3.0,3.25,26,0.584178788617932,nan,nan,888,2195,1467,0
1.5,0.0,82,2,7217950704884536429,3.0,3.25,26,0.25245931662653726,nan,nan,888,2195,1467,0
1.5,0.0,82,3,7217950704884536429,3.0,3.25,26,0.09480871644711798,nan,nan,888,2195,1467,0
1.5,0.0,83,1,17613024041921563224,3.0,3.25,26,0.5947209404691846,nan,nan,772,1887,1279,0
1.5,0.0,83,2,17613024041921563224,3.0,3.25,26,0.2489505173050943,nan,nan,772,1887,1279,0
1.5,0.0,83,3,17613024041921563224,3.0,3.25,26,0.10774960116370322,nan,nan,772,1887,1279,0
1.5,0.0,84,1,4339712776565697150,3.0,3.25,26,0.6047195041663934,nan,nan,799,1904,1267,0
1.5,0.0,84,2,4339712776565697150,3.0,3.25,26,0.24683964230439462,nan,nan,799,1904,1267,0
1.5,0.0,84,3,4339712776565697150,3.0,3.25,26,0.08291519467559644,nan,nan,799,1904,1267,0
1.5,0.0,85,1,8852598730269030001,3.0,3.25,26,0.5945579343957005,nan,nan,722,1876,1314,0
1.5,0.0,85,2,8852598730269030001,3.0,3.25,26,0.2402106639391535,nan,nan,722,1876,1314,0
1.5,0.0,85,3,8852598730269030001,3.0,3.25,26,0.06900848273480585,nan,nan,722,1876,1314,0
1.5,0.0,86,1,8384168949632004395,3.0,3.25,26,0.6008018648247483,nan,nan,770,1883,1273,0
1.5,0.0,86,2,8384168949632004395,3.0,3.25,26,0.2501123863932965,nan,nan,770,1883,1273,0
1.5,0.0,86,3,8384168949632004395,3.0,3.25,26,0.0865370917954004,nan,nan,770,1883,1273,0
1.5,0.0,87,1,15869029126879078892,3.0,3.25,26,0.5818811706317167,nan,nan,820,2016,1356,0
1.5,0.0,87,2,15869029126879078892,3.0,3.25,26,0.2302661978757128,nan,nan,820,2016,1356,0
1.5,0.0,87,3,15869029126879078892,3.0,3.25,26,0.07335393771984547,nan,nan,820,2016,1356,0
1.5,0.0,88,1,8248707916877528319,3.0,3.25,26,0.5795787831374516,nan,nan,707,1782,1237,0
1.5,0.0,88,2,8248707916877528319,3.0,3.25,26,0.24623948839600918,nan,nan,707,1782,1237,0
1.5,0.0,88,3,8248707916877528319,3.0,3.25,26,0.08201014631915901,nan,nan,707,1782,1237,0
1.5,0.0,89,1,3742981846438462825,3.0,3.25,26,0.6017855043721628,nan,nan,878,2149,1433,0
1.5,0.0,89,2,3742981846438462825,3.0,3.25,26,0.2589669711100954,nan,nan,878,2149,1433,0
1.5,0.0,89,3,3742981846438462825,3.0,3.25,26,0.08256035330671081,nan,nan,878,2149,1433,0
1.5,0.0,90,1,13594114056752256204,3.0,3.25,26,0.5948234292787218,nan,nan,954,2284,1490,0
1.5,0.0,90,2,13594114056752256204,3.0,3.25,26,0.253231068242744,nan,nan,954,2284,1490,0
1.5,0.0,90,3,13594114056752256204,3.0,3.25,26,0.08724210506936919,nan,nan,954,2284,1490,0
1.5,0.0,91,1,10140338837093631843,3.0,3.25,26,0.6059245249206318,nan,nan,1000,2337,1498,0
1.5,0.0,91,2,10140338837093631843,3.0,3.25,26,0.2726477183420165,nan,nan,1000,2337,1498,0
1.5,0.0,91,3,10140338837093631843,3.0,3.25,26,0.11345893265186516,nan,nan,1000,2337,1498,0
1.5,0.0,92,1,14858252345502271130,3.0,3.25,26,0.60390065096331,nan,nan,832,1969,1297,0
1.5,0.0,92,2,14858252345502271130,3.0,3.25,26,0.2537529854776252,nan,nan,832,1969,1297,0
1.5,0.0,92,3,14858252345502271130,3.0,3.25,26,0.0803485198931799,nan,nan,832,1969,1297,0
1.5,0.0,93,1,17259720565119063030,3.0,3.25,26,0.6175409247317601,nan,nan,652,1564,1073,0
1.5,0.0,93,2,17259720565119063030,3.0,3.25,26,0.2885146177608516,nan,nan,652,1564,1073,0
1.5,0.0,93,3,17259720565119063030,3.0,3.25,26,0.09025105219191693,nan,nan,652,1564,1073,0
1.5,0.0,94,1,18360827827765547460,3.0,3.25,26,0.5956866178792664,nan,nan,829,2002,1334,0
1.5,0.0,94,2,18360827827765547460,3.0,3.25,26,0.23303427686804107,nan,nan,829,2002,1334,0
1.5,0.0,94,3,18360827827765547460,3.0,3.25,26,0.0674290031533786,nan,nan,829,2002,1334,0
1.5,0.0,95,1,13150964559214820440,3.0,3.25,26,0.5777941660957225,nan,nan,592,1512,1080,0
1.5,0.0,95,2,13150964559214820440,3.0,3.25,26,0.22953405945006436,nan,nan,592,1512,1080,0
1.5,0.0,95,3,13150964559214820440,3.0,3.25,26,0.07240151884686685,nan,nan,592,1512,1080,0
1.5,0.0,96,1,12779814634876203132,3.0,3.25,26,0.6183820664705988,nan,nan,645,1454,972,0
1.5,0.0,96,2,12779814634876203132,3.0,3.25,26,0.2575649499375125,nan,nan,645,1454,972,0
1.5,0.0,96,3,12779814634876203132,3.0,3.25,26,0.07281969761702482,nan,nan,645,1454,972,0
1.5,0.0,97,1,4317066148618405610,3.0,3.25,26,0.5902475820111199,nan,nan,833,2074,1404,0
1.5,0.0,97,2,4317066148618405610,3.0,3.25,26,0.2367405466412443,nan,nan,833,2074,1404,0
1.5,0.0,97,3,4317066148618405610,3.0,3.25,26,0.06281760095786457,nan,nan,833,2074,1404,0
1.5,0.0,98,1,11791953443970885412,3.0,3.25,26,0.5739623127071144,nan,nan,738,1790,1212,0
1.5,0.0,98,2,11791953443970885412,3.0,3.25,26,0.23699913857811203,nan,nan,738,1790,1212,0
1.5,0.0,98,3,11791953443970885412,3.0,3.25,26,0.07435948544618028,nan,nan,738,1790,1212,0
1.5,0.0,99,1,17443028430729097168,3.0,3.25,26,0.6147475206293888,nan,nan,759,1762,1164,0
1.5,0.0,99,2,17443028430729097168,3.0,3.25,26,0.2645205004272203,nan,nan,759,1762,1164,0
1.5,0.0,99,3,17443028430729097168,3.0,3.25,26,0.08824061138151205,nan,nan,759,1762,1164,0
1.5,0.0,100,1,7750989656020891919,3.0,3.25,26,0.6232790265604896,nan,nan,843,1944,1263,0
1.5,0.0,100,2,7750989656020891919,3.0,3.25,26,0.27723620814396005,nan,nan,843,1944,1263,0
1.5,0.0,100,3,7750989656020891919,3.0,3.25,26,0.10437385829340899,nan,nan,843,1944,1263,0
1.5,0.0,101,1,12286560535047857741,3.0,3.25,26,0.573124866097213,nan,nan,693,1813,1282,0
1.5,0.0,101,2,12286560535047857741,3.0,3.25,26,0.24369273067879016,nan,nan,693,1813,1282,0
1.5,0.0,101,3,12286560535047857741,3.0,3.25,26,0.0808585897188129,nan,nan,693,1813,1282,0
1.5,0.0,102,1,4970411570389533200,3.0,3.25,26,0.6063752200038911,nan,nan,920,2121,1367,0
1.5,0.0,102,2,4970411570389533200,3.0,3.25,26,0.2758250941771079,nan,nan,920,2121,1367,0
1.5,0.0,102,3,4970411570389533200,3.0,3.25,26,0.11522314069656338,nan,nan,920,2121,1367,0
1.5,0.0,103,1,6613228285366484970,3.0,3.25,26,0.5954601731711505,nan,nan,856,1997,1301,0
1.5,0.0,103,2,6613228285366484970,3.0,3.25,26,0.2550559997494117,nan,nan,856,1997,1301,0
1.5,0.0,103,3,6613228285366484970,3.0,3.25,26,0.07430821638634173,nan,nan,856,1997,1301,0
1.5,0.0,104,1,14101273723522518525,3.0,3.25,26,0.6113062739373821,nan,nan,1031,2399,1530,0
1.5,0.0,104,2,14101273723522518525,3.0,3.25,26,0.26691620723616416,nan,nan,1031,2399,1530,0
1.5,0.0,104,3,14101273723522518525,3.0,3.25,26,0.08993648185058278,nan,nan,1031,2399,1530,0
1.5,0.0,105,1,15870174183437288275,3.0,3.25,26,0.581902962571104,nan,nan,763,1889,1286,0
1.5,0.0,105,2,15870174183437288275,3.0,3.25,26,0.24105359343915247,nan,nan,763,1889,1286,0
1.5,0.0,105,3,15870174183437288275,3.0,3.25,26,0.07775638784606699,nan,nan,763,1889,1286,0
1.5,0.0,106,1,6874616922778761548,3.0,3.25,26,0.580994309838158,nan,nan,751,1925,1335,0
1.5,0.0,106,2,6874616922778761548,3.0,3.25,26,0.2081913275832833,nan,nan,751,1925,1335,0
1.5,0.0,106,3,6874616922778761548,3.0,3.25,26,0.06031343701115609,nan,nan,751,1925,1335,0
1.5,0.0,107,1,6407633641930616482,3.0,3.25,26,0.6134707057467039,nan,nan,974,2262,1449,0
1.5,0.0,107,2,6407633641930616482,3.0,3.25,26,0.2695162927575913,nan,nan,974,2262,1449,0
1.5,0.0,107,3,6407633641930616482,3.0,3.25,26,0.09033193550119896,nan,nan,974,2262,1449,0
1.5,0.0,108,1,13465924031901869232,3.0,3.25,26,0.58063331542061,nan,nan,771,1852,1241,0
1.5,0.0,108,2,13465924031901869232,3.0,3.25,26,0.23624080844827086,nan,nan,771,1852,1241,0
1.5,0.0,108,3,13465924031901869232,3.0,3.25,26,0.07426142176188556,nan,nan,771,1852,1241,0
1.5,0.0,109,1,8275601033212515826,3.0,3.25,26,0.6072806490376392,nan,nan,1019,2356,1500,0
1.5,0.0,109,2,8275601033212515826,3.0,3.25,26,0.26791954624950337,nan,nan,1019,2356,1500,0
1.5,0.0,109,3,8275601033212515826,3.0,3.25,26,0.08657739693343565,nan,nan,1019,2356,1500,0
1.5,0.0,110,1,9561202762267505379,3.0,3.25,26,0.5854157381786201,nan,nan,684,1711,1193,0
1.5,0.0,110,2,9561202762267505379,3.0,3.25,26,0.22223036659312306,nan,nan,684,1711,1193,0
1.5,0.0,110,3,9561202762267505379,3.0,3.25,26,0.07931648976254373,nan,nan,684,1711,1193,0
1.5,0.0,111,1,11583611404925726653,3.0,3.25,26,0.6079079822497445,nan,nan,836,2047,1375,0
1.5,0.0,111,2,11583611404925726653,3.0,3.25,26,0.2792308916758724,nan,nan,836,2047,1375,0
1.5,0.0,111,3,11583611404925726653,3.0,3.25,26,0.10867587766246617,nan,nan,836,2047,1375,0
1.5,0.0,112,1,14610975102697716365,3.0,3.25,26,0.5812797546614324,nan,nan,787,1921,1305,0
1.5,0.0,112,2,14610975102697716365,3.0,3.25,26,0.24242534501617552,nan,nan,787,1921,1305,0
1.5,0.0,112,3,14610975102697716365,3.0,3.25,26,0.08209839189482934,nan,nan,787,1921,1305,0
1.5,0.0,113,1,5550710968623211437,3.0,3.25,26,0.6267801168291659,nan,nan,858,2053,1355,0
1.5,0.0,113,2,5550710968623211437,3.0,3.25,26,0.28011349867581686,nan,nan,858,2053,1355,0
1.5,0.0,113,3,5550710968623211437,3.0,3.25,26,0.09382362009763537,nan,nan,858,2053,1355,0
1.5,0.0,114,1,14557098511960572166,3.0,3.25,26,0.5949519044157128,nan,nan,757,1796,1205,0
1.5,0.0,114,2,14557098511960572166,3.0,3.25,26,0.2676287029480192,nan,nan,757,1796,1205,0
1.5,0.0,114,3,14557098511960572166,3.0,3.25,26,0.0933177013576355,nan,nan,757,1796,1205,0
1.5,0.0,115,1,12893688271491963068,3.0,3.25,26,0.6030648904620702,nan,nan,964,2328,1524,0
1.5,0.0,115,2,12893688271491963068,3.0,3.25,26,0.26357851674760147,nan,nan,964,2328,1524,0
1.5,0.0,115,3,12893688271491963068,3.0,3.25,26,0.08103945648474832,nan,nan,964,2328,1524,0
1.5,0.0,116,1,14305299377908616251,3.0,3.25,26,0.5624329252631731,nan,nan,748,1995,1408,0
1.5,0.0,116,2,14305299377908616251,3.0,3.25,26,0.2028163910657067,nan,nan,748,1995,1408,0
1.5,0.0,116,3,14305299377908616251,3.0,3.25,26,0.06609051845414257,nan,nan,748,1995,1408,0
1.5,0.0,117,1,8576205265177336268,3.0,3.25,26,0.6303829795961413,nan,nan,872,1969,1264,0
1.5,0.0,117,2,8576205265177336268,3.0,3.25,26,0.2850657402217954,nan,nan,872,1969,1264,0
1.5,0.0,117,3,8576205265177336268,3.0,3.25,26,0.10050226102880919,nan,nan,872,1969,1264,0
1.5,0.0,118,1,12545930514246748412,3.0,3.25,26,0.6104328280696059,nan,nan,756,1816,1225,0
1.5,0.0,118,2,12545930514246748412,3.0,3.25,26,0.2807835730028313,nan,nan,756,1816,1225,0
1.5,0.0,118,3,12545930514246748412,3.0,3.25,26,0.10554950659122898,nan,nan,756,1816,1225,0
1.5,0.0,119,1,1367225408970371683,3.0,3.25,26,0.6300886517659716,nan,nan,1049,2359,1472,0
1.5,0.0,119,2,1367225408970371683,3.0,3.25,26,0.29221738554773646,nan,nan,1049,2359,1472,0
1.5,0.0,119,3,1367225408970371683,3.0,3.25,26,0.09741798004819155,nan,nan,1049,2359,1472,0
1.5,0.25,0,1,13894582885413173510,3.0,3.25,26,0.6098469383624168,nan,nan,489,1441,972,145
1.5,0.25,0,2,13894582885413173510,3.0,3.25,26,0.2617926606667496,nan,nan,489,1441,972,145
1.5,0.25,0,3,13894582885413173510,3.0,3.25,26,0.08682040874238234,nan,nan,489,1441,972,145
1.5,0.25,1,1,13048185438898173722,3.0,3.25,26,0.5724570828639773,nan,nan,507,1563,1080,140
1.5,0.25,1,2,13048185438898173722,3.0,3.25,26,0.24313774476022854,nan,nan,507,1563,1080,140
1.5,0.25,1,3,13048185438898173722,3.0,3.25,26,0.10226982204320902,nan,nan,507,1563,1080,140
1.5,0.25,2,1,4665138206038524812,3.0,3.25,26,0.5871685110527167,nan,nan,604,1719,1132,151
1.5,0.25,2,2,4665138206038524812,3.0,3.25,26,0.25457559116434025,nan,nan,604,1719,1132,151
1.5,0.25,2,3,4665138206038524812,3.0,3.25,26,0.08509026224038656,nan,nan,604,1719,1132,151
1.5,0.25,3,1,12462470494290119328,3.0,3.25,26,0.6355810093249652,nan,nan,374,1160,822,128
1.5,0.25,3,2,12462470494290119328,3.0,3.25,26,0.2902857352237967,nan,nan,374,1160,822,128
1.5,0.25,3,3,12462470494290119328,3.0,3.25,26,0.1050562078473166,nan,nan,374,1160,822,128
1.5,0.25,4,1,17920527252380248330,3.0,3.25,26,0.6025336011189153,nan,nan,555,1599,1060,144
1.5,0.25,4,2,17920527252380248330,3.0,3.25,26,0.23161350935962763,nan,nan,555,1599,1060,144
1.5,0.25,4,3,17920527252380248330,3.0,3.25,26,0.07140221716519655,nan,nan,555,1599,1060,144
1.5,0.25,5,1,7994042024622432075,3.0,3.25,26,0.6059620319240808,nan,nan,575,1558,1011,137
1.5,0.25,5,2,7994042024622432075,3.0,3.25,26,0.26132292567072335,nan,nan,575,1558,1011,137
1.5,0.25,5,3,7994042024622432075,3.0,3.25,26,0.07491913461798419,nan,nan,575,1558,1011,137
1.5,0.25,6,1,7595036402289975469,3.0,3.25,26,0.6032765455491312,nan,nan,549,1574,1031,159
1.5,0.25,6,2,7595036402289975469,3.0,3.25,26,0.26084427962390866,nan,nan,549,1574,1031,159
1.5,0.25,6,3,7595036402289975469,3.0,3.25,26,0.07657289344489727,nan,nan,549,1574,1031,159
1.5,0.25,7,1,4864156294294091270,3.0,3.25,26,0.5980104396886444,nan,nan,549,1576,1040,147
1.5,0.25,7,2,4864156294294091270,3.0,3.25,26,0.26454935500143534,nan,nan,549,1576,1040,147
1.5,0.25,7,3,4864156294294091270,3.0,3.25,26,0.0806207868073441,nan,nan,549,1576,1040,147
1.5,0.25,8,1,16100977060295645117,3.0,3.25,26,0.639228291458015,nan,nan,608,1705,1109,157
1.5,0.25,8,2,16100977060295645117,3.0,3.25,26,0.3041075278815693,nan,nan,608,1705,1109,157
1.5,0.25,8,3,16100977060295645117,3.0,3.25,26,0.11133962818870947,nan,nan,608,1705,1109,157
1.5,0.25,9,1,1581036428929301138,3.0,3.25,26,0.6275328618627964,nan,nan,792,2075,1261,185
1.5,0.25,9,2,1581036428929301138,3.0,3.25,26,0.31387885500290924,nan,nan,792,2075,1261,185
1.5,0.25,9,3,1581036428929301138,3.0,3.25,26,0.12886118187703283,nan,nan,792,2075,1261,185
1.5,0.25,10,1,9253789744493218990,3.0,3.25,26,0.6013326110597429,nan,nan,640,1783,1151,154
1.5,0.25,10,2,9253789744493218990,3.0,3.25,26,0.24969717939643238,nan,nan,640,1783,1151,154
1.5,0.25,10,3,9253789744493218990,3.0,3.25,26,0.07095682068051626,nan,nan,640,1783,1151,154
1.5,0.25,11,1,4078507133607327537,3.0,3.25,26,0.6166261753340835,nan,nan,532,1599,1081,149
1.5,0.25,11,2,4078507133607327537,3.0,3.25,26,0.2932286970962198,nan,nan,532,1599,1081,149
1.5,0.25,11,3,4078507133607327537,3.0,3.25,26,0.1157902889204945,nan,nan,532,1599,1081,149
1.5,0.25,12,1,13135097902216309092,3.0,3.25,26,0.6153809462700535,nan,nan,568,1591,1048,137
1.5,0.25,12,2,13135097902216309092,3.0,3.25,26,0.2756516719760111,nan,nan,568,1591,1048,137
1.5,0.25,12,3,13135097902216309092,3.0,3.25,26,0.08789409101829904,nan,nan,568,1591,1048,137
1.5,0.25,13,1,4466594403636935855,3.0,3.25,26,0.628422369414603,nan,nan,670,1911,1252,156
1.5,0.25,13,2,4466594403636935855,3.0,3.25,26,0.28935534835078836,nan,nan,670,1911,1252,156
1.5,0.25,13,3,4466594403636935855,3.0,3.25,26,0.09807758045256715,nan,nan,670,1911,1252,156
1.5,0.25,14,1,11822082610739894955,3.0,3.25,26,0.6522289978198945,nan,nan,630,1671,1082,124
1.5,0.25,14,2,11822082610739894955,3.0,3.25,26,0.2909728098545478,nan,nan,630,1671,1082,124
1.5,0.25,14,3,11822082610739894955,3.0,3.25,26,0.09475207672318177,nan,nan,630,1671,1082,124
1.5,0.25,15,1,13203315158567267270,3.0,3.25,26,0.5998556008232291,nan,nan,486,1355,910,120
1.5,0.25,15,2,13203315158567267270,3.0,3.25,26,0.2124387897247013,nan,nan,486,1355,910,120
1.5,0.25,15,3,13203315158567267270,3.0,3.25,26,0.061109281535960853,nan,nan,486,1355,910,120
1.5,0.25,16,1,5230291939711358933,3.0,3.25,26,0.6096889934356877,nan,nan,487,1557,1086,153
1.5,0.25,16,2,5230291939711358933,3.0,3.25,26,0.2652413153918927,nan,nan,487,1557,1086,153
1.5,0.25,16,3,5230291939711358933,3.0,3.25,26,0.08710896212722401,nan,nan,487,1557,1086,153
1.5,0.25,17,1,12463283216579738952,3.0,3.25,26,0.5616463608377351,nan,nan,391,1162,812,125
1.5,0.25,17,2,12463283216579738952,3.0,3.25,26,0.20831290398747754,nan,nan,391,1162,812,125
1.5,0.25,17,3,12463283216579738952,3.0,3.25,26,0.06419404725917414,nan,nan,391,1162,812,125
1.5,0.25,18,1,2605317852883977393,3.0,3.25,26,0.5999259654131036,nan,nan,544,1685,1131,172
1.5,0.25,18,2,2605317852883977393,3.0,3.25,26,0.2427090238127809,nan,nan,544,1685,1131,172
1.5,0.25,18,3,2605317852883977393,3.0,3.25,26,0.06866503953115939,nan,nan,544,1685,1131,172
1.5,0.25,19,1,3305351310571640368,3.0,3.25,26,0.5626458084373498,nan,nan,438,1332,925,129
1.5,0.25,19,2,3305351310571640368,3.0,3.25,26,0.23230106884757026,nan,nan,438,1332,925,129
1.5,0.25,19,3,3305351310571640368,3.0,3.25,26,0.09365615674316446,nan,nan,438,1332,925,129
1.5,0.25,20,1,5148397694506580628,3.0,3.25,26,0.6343608283578347,nan,nan,484,1425,951,150
1.5,0.25,20,2,5148397694506580628,3.0,3.25,26,0.30284538348948903,nan,nan,484,1425,951,150
1.5,0.25,20,3,5148397694506580628,3.0,3.25,26,0.12258862576455025,nan,nan,484,1425,951,150
1.5,0.25,21,1,14126930297296239130,3.0,3.25,26,0.615327299131405,nan,nan,455,1351,919,140
1.5,0.25,21,2,14126930297296239130,3.0,3.25,26,0.2547750275218833,nan,nan,455,1351,919,140
1.5,0.25,21,3,14126930297296239130,3.0,3.25,26,0.07219161066053961,nan,nan,455,1351,919,140
1.5,0.25,22,1,17721681558410497923,3.0,3.25,26,0.6354771665358242,nan,nan,619,1686,1073,154
1.5,0.25,22,2,17721681558410497923,3.0,3.25,26,0.3001910565201159,nan,nan,619,1686,1073,154
1.5,0.25,22,3,17721681558410497923,3.0,3.25,26,0.10569446576934348,nan,nan,619,1686,1073,154
1.5,0.25,23,1,12283269548806005309,3.0,3.25,26,0.6222659736282559,nan,nan,652,1757,1109,164
1.5,0.25,23,2,12283269548806005309,3.0,3.25,26,0.2723633678504153,nan,nan,652,1757,1109,164
1.5,0.25,23,3,12283269548806005309,3.0,3.25,26,0.10691652140717248,nan,nan,652,1757,1109,164
1.5,0.25,24,1,17668157346725960412,3.0,3.25,26,0.5862939019411377,nan,nan,440,1403,982,152
1.5,0.25,24,2,17668157346725960412,3.0,3.25,26,0.24093576318379872,nan,nan,440,1403,982,152
1.5,0.25,24,3,17668157346725960412,3.0,3.25,26,0.08092289861596604,nan,nan,440,1403,982,152
1.5,0.25,25,1,6334356527642550396,3.0,3.25,26,0.6533257785767563,nan,nan,543,1460,955,123
1.5,0.25,25,2,6334356527642550396,3.0,3.25,26,0.345336170930451,nan,nan,543,1460,955,123
1.5,0.25,25,3,6334356527642550396,3.0,3.25,26,0.16446013047563476,nan,nan,543,1460,955,123
1.5,0.25,26,1,17751150354376319282,3.0,3.25,26,0.6143073748374928,nan,nan,592,1575,1003,140
1.5,0.25,26,2,17751150354376319282,3.0,3.25,26,0.26511223131401385,nan,nan,592,1575,1003,140
1.5,0.25,26,3,17751150354376319282,3.0,3.25,26,0.08879151722581423,nan,nan,592,1575,1003,140
1.5,0.25,27,1,13012915472127743455,3.0,3.25,26,0.5908939379989154,nan,nan,470,1440,991,139
1.5,0.25,27,2,13012915472127743455,3.0,3.25,26,0.24150832109701584,nan,nan,470,1440,991,139
1.5,0.25,27,3,13012915472127743455,3.0,3.25,26,0.07512875753460438,nan,nan,470,1440,991,139
1.5,0.25,28,1,4199306243136355712,3.0,3.25,26,0.6208386002961844,nan,nan,542,1472,959,134
1.5,0.25,28,2,4199306243136355712,3.0,3.25,26,0.2928510504568013,nan,nan,542,1472,959,134
1.5,0.25,28,3,4199306243136355712,3.0,3.25,26,0.10508589955346617,nan,nan,542,1472,959,134
1.5,0.25,29,1,8096214629893449246,3.0,3.25,26,0.5791479808713693,nan,nan,461,1414,982,131
1.5,0.25,29,2,8096214629893449246,3.0,3.25,26,0.20652232674154464,nan,nan,461,1414,982,131
1.5,0.25,29,3,8096214629893449246,3.0,3.25,26,0.06007814855255668,nan,nan,461,1414,982,131
1.5,0.25,30,1,7241541742059485802,3.0,3.25,26,0.640562870535892,nan,nan,460,1310,886,127
1.5,0.25,30,2,7241541742059485802,3.0,3.25,26,0.28257517655904224,nan,nan,460,1310,886,127
1.5,0.25,30,3,7241541742059485802,3.0,3.25,26,0.09577058711993638,nan,nan,460,1310,886,127
1.5,0.25,31,1,2320437613661664190,3.0,3.25,26,0.6122531989444832,nan,nan,638,1857,1214,167
1.5,0.25,31,2,2320437613661664190,3.0,3.25,26,0.24004777656941836,nan,nan,638,1857,1214,167
1.5,0.25,31,3,2320437613661664190,3.0,3.25,26,0.0849371669042036,nan,nan,638,1857,1214,167
1.5,0.25,32,1,1295901226595184599,3.0,3.25,26,0.6080054044060733,nan,nan,509,1449,960,145
1.5,0.25,32,2,1295901226595184599,3.0,3.25,26,0.2484803687317025,nan,nan,509,1449,960,145
1.5,0.25,32,3,1295901226595184599,3.0,3.25,26,0.05818240623239511,nan,nan,509,1449,960,145
1.5,0.25,33,1,2203413875144863178,3.0,3.25,26,0.61687185712167,nan,nan,581,1649,1069,159
1.5,0.25,33,2,2203413875144863178,3.0,3.25,26,0.24144505608860609,nan,nan,581,1649,1069,159
1.5,0.25,33,3,2203413875144863178,3.0,3.25,26,0.07372626320425996,nan,nan,581,1649,1069,159
1.5,0.25,34,1,11042378913491753387,3.0,3.25,26,0.6092509924766388,nan,nan,498,1470,987,145
1.5,0.25,34,2,11042378913491753387,3.0,3.25,26,0.27124109386558776,nan,nan,498,1470,987,145
1.5,0.25,34,3,11042378913491753387,3.0,3.25,26,0.07870897769409421,nan,nan,498,1470,987,145
1.5,0.25,35,1,10391905431915069973,3.0,3.25,26,0.6511620047251279,nan,nan,573,1543,1000,135
1.5,0.25,35,2,10391905431915069973,3.0,3.25,26,0.29690422037030995,nan,nan,573,1543,1000,135
1.5,0.25,35,3,10391905431915069973,3.0,3.25,26,0.09995280366242633,nan,nan,573,1543,1000,135
1.5,0.25,36,1,4096799597398214830,3.0,3.25,26,0.6472178522212848,nan,nan,434,1333,934,127
1.5,0.25,36,2,4096799597398214830,3.0,3.25,26,0.31133594472419596,nan,nan,434,1333,934,127
1.5,0.25,36,3,4096799597398214830,3.0,3.25,26,0.11668032299201575,nan,nan,434,1333,934,127
1.5,0.25,37,1,5699663101613684417,3.0,3.25,26,0.5974669094437739,nan,nan,498,1505,1024,145
1.5,0.25,37,2,5699663101613684417,3.0,3.25,26,0.2586721472155587,nan,nan,498,1505,1024,145
1.5,0.25,37,3,5699663101613684417,3.0,3.25,26,0.06545575766038424,nan,nan,498,1505,1024,145
1.5,0.25,38,1,7900028536141385332,3.0,3.25,26,0.5828953923943966,nan,nan,433,1380,962,146
1.5,0.25,38,2,7900028536141385332,3.0,3.25,26,0.21522482043373778,nan,nan,433,1380,962,146
1.5,0.25,38,3,7900028536141385332,3.0,3.25,26,0.04587589056804097,nan,nan,433,1380,962,146
1.5,0.25,39,1,1070377888661922011,3.0,3.25,26,0.6065787479563978,nan,nan,575,1604,1032,163
1.5,0.25,39,2,1070377888661922011,3.0,3.25,26,0.2646959752951848,nan,nan,575,1604,1032,163
1.5,0.25,39,3,1070377888661922011,3.0,3.25,26,0.08885268060991074,nan,nan,575,1604,1032,163
1.5,0.25,40,1,8564032388072210791,3.0,3.25,26,0.5887100321114354,nan,nan,449,1312,925,125
1.5,0.25,40,2,8564032388072210791,3.0,3.25,26,0.26284579323058294,nan,nan,449,1312,925,125
1.5,0.25,40,3,8564032388072210791,3.0,3.25,26,0.08706109667568139,nan,nan,449,1312,925,125
1.5,0.25,41,1,4368560455423057022,3.0,3.25,26,0.6012032187689831,nan,nan,529,1616,1097,156
1.5,0.25,41,2,4368560455423057022,3.0,3.25,26,0.26540607919920534,nan,nan,529,1616,1097,156
1.5,0.25,41,3,4368560455423057022,3.0,3.25,26,0.07978905389664045,nan,nan,529,1616,1097,156
1.5,0.25,42,1,897821281404213090,3.0,3.25,26,0.6304763190159076,nan,nan,685,1880,1190,167
1.5,0.25,42,2,897821281404213090,3.0,3.25,26,0.29511120688298526,nan,nan,685,1880,1190,167
1.5,0.25,42,3,897821281404213090,3.0,3.25,26,0.11832767000202185,nan,nan,685,1880,1190,167
1.5,0.25,43,1,10840576196622409132,3.0,3.25,26,0.6094070255239163,nan,nan,514,1472,959,161
1.5,0.25,43,2,10840576196622409132,3.0,3.25,26,0.24709081665026725,nan,nan,514,1472,959,161
1.5,0.25,43,3,10840576196622409132,3.0,3.25,26,0.07565504283031678,nan,nan,514,1472,959,161
1.5,0.25,44,1,6371568016429282321,3.0,3.25,26,0.6161094318779922,nan,nan,498,1427,953,136
1.5,0.25,44,2,6371568016429282321,3.0,3.25,26,0.28844835234263166,nan,nan,498,1427,953,136
1.5,0.25,44,3,6371568016429282321,3.0,3.25,26,0.1021892452292018,nan,nan,498,1427,953,136
1.5,0.25,45,1,10647971780494579523,3.0,3.25,26,0.60631573895703,nan,nan,523,1471,995,117
1.5,0.25,45,2,10647971780494579523,3.0,3.25,26,0.29789517887986033,nan,nan,523,1471,995,117
1.5,0.25,45,3,10647971780494579523,3.0,3.25,26,0.10499791345964798,nan,nan,523,1471,995,117
1.5,0.25,46,1,14580310124540376583,3.0,3.25,26,0.6252284846604416,nan,nan,637,1753,1126,154
1.5,0.25,46,2,14580310124540376583,3.0,3.25,26,0.27300629037419005,nan,nan,637,1753,1126,154
1.5,0.25,46,3,14580310124540376583,3.0,3.25,26,0.08760225984996274,nan,nan,637,1753,1126,154
1.5,0.25,47,1,1231194354503697231,3.0,3.25,26,0.6046440879913036,nan,nan,541,1576,1056,152
1.5,0.25,47,2,1231194354503697231,3.0,3.25,26,0.2360310616498154,nan,nan,541,1576,1056,152
1.5,0.25,47,3,1231194354503697231,3.0,3.25,26,0.07065622284012224,nan,nan,541,1576,1056,152
1.5,0.25,48,1,13197495169729641760,3.0,3.25,26,0.5659615699342097,nan,nan,481,1488,1018,150
1.5,0.25,48,2,13197495169729641760,3.0,3.25,26,0.19795053547644878,nan,nan,481,1488,1018,150
1.5,0.25,48,3,13197495169729641760,3.0,3.25,26,0.044602916170254324,nan,nan,481,1488,1018,150
1.5,0.25,49,1,13696834810755837396,3.0,3.25,26,0.591115209721658,nan,nan,301,972,726,105
1.5,0.25,49,2,13696834810755837396,3.0,3.25,26,0.22193588644442588,nan,nan,301,972,726,105
1.5,0.25,49,3,13696834810755837396,3.0,3.25,26,0.05478246678531517,nan,nan,301,972,726,105
1.5,0.25,50,1,11622227338551883077,3.0,3.25,26,0.5780569406242646,nan,nan,375,1270,930,132
1.5,0.25,50,2,11622227338551883077,3.0,3.25,26,0.2505464012786104,nan,nan,375,1270,930,132
1.5,0.25,50,3,11622227338551883077,3.0,3.25,26,0.08110663876589787,nan,nan,375,1270,930,132
1.5,0.25,51,1,16732745129869758604,3.0,3.25,26,0.5901028107229476,nan,nan,501,1415,960,114
1.5,0.25,51,2,16732745129869758604,3.0,3.25,26,0.22558782632919025,nan,nan,501,1415,960,114
1.5,0.25,51,3,16732745129869758604,3.0,3.25,26,0.07026835084764566,nan,nan,501,1415,960,114
1.5,0.25,52,1,6782366582128702850,3.0,3.25,26,0.5922609755046853,nan,nan,434,1303,905,143
1.5,0.25,52,2,6782366582128702850,3.0,3.25,26,0.2242850829663288,nan,nan,434,1303,905,143
1.5,0.25,52,3,6782366582128702850,3.0,3.25,26,0.062425517048679796,nan,nan,434,1303,905,143
1.5,0.25,53,1,7090858464259720888,3.0,3.25,26,0.5557944959117262,nan,nan,396,1258,899,134
1.5,0.25,53,2,7090858464259720888,3.0,3.25,26,0.19936664964361744,nan,nan,396,1258,899,134
1.5,0.25,53,3,7090858464259720888,3.0,3.25,26,0.049399859784485974,nan,nan,396,1258,899,134
1.5,0.25,54,1,10949168012511249175,3.0,3.25,26,0.6137704299223239,nan,nan,571,1547,995,141
1.5,0.25,54,2,10949168012511249175,3.0,3.25,26,0.2726526770572032,nan,nan,571,1547,995,141
1.5,0.25,54,3,10949168012511249175,3.0,3.25,26,0.10614078422497829,nan,nan,571,1547,995,141
1.5,0.25,55,1,8776582314404922803,3.0,3.25,26,0.5835216982621971,nan,nan,589,1837,1254,170
1.5,0.25,55,2,8776582314404922803,3.0,3.25,26,0.24430973370308873,nan,nan,589,1837,1254,170
1.5,0.25,55,3,8776582314404922803,3.0,3.25,26,0.08440351000483266,nan,nan,589,1837,1254,170
1.5,0.25,56,1,17354033282459542421,3.0,3.25,26,0.6122715060827462,nan,nan,580,1679,1099,161
1.5,0.25,56,2,17354033282459542421,3.0,3.25,26,0.2592884594107073,nan,nan,580,1679,1099,161
1.5,0.25,56,3,17354033282459542421,3.0,3.25,26,0.09968112983566965,nan,nan,580,1679,1099,161
1.5,0.25,57,1,5306292825579010799,3.0,3.25,26,0.6188165421821448,nan,nan,774,2132,1348,179
1.5,0.25,57,2,5306292825579010799,3.0,3.25,26,0.268601684378389,nan,nan,774,2132,1348,179
1.5,0.25,57,3,5306292825579010799,3.0,3.25,26,0.09655353010433719,nan,nan,774,2132,1348,179
1.5,0.25,58,1,5618945329387743611,3.0,3.25,26,0.6424994462234134,nan,nan,615,1698,1076,171
1.5,0.25,58,2,5618945329387743611,3.0,3.25,26,0.29275851917558027,nan,nan,615,1698,1076,171
1.5,0.25,58,3,5618945329387743611,3.0,3.25,26,0.10430579371040838,nan,nan,615,1698,1076,171
1.5,0.25,59,1,8105106275303314155,3.0,3.25,26,0.6243784334217145,nan,nan,468,1356,904,146
1.5,0.25,59,2,8105106275303314155,3.0,3.25,26,0.27397673858460025,nan,nan,468,1356,904,146
1.5,0.25,59,3,8105106275303314155,3.0,3.25,26,0.09310162257420501,nan,nan,468,1356,904,146
1.5,0.25,60,1,9000641299854241615,3.0,3.25,26,0.6102450152701118,nan,nan,465,1405,976,124
1.5,0.25,60,2,9000641299854241615,3.0,3.25,26,0.274142024008593,nan,nan,465,1405,976,124
1.5,0.25,60,3,9000641299854241615,3.0,3.25,26,0.08015242754931225,nan,nan,465,1405,976,124
1.5,0.25,61,1,9289736727310717431,3.0,3.25,26,0.6022195050513728,nan,nan,476,1448,998,134
1.5,0.25,61,2,9289736727310717431,3.0,3.25,26,0.2521509160794416,nan,nan,476,1448,998,134
1.5,0.25,61,3,9289736727310717431,3.0,3.25,26,0.08303297692236553,nan,nan,476,1448,998,134
1.5,0.25,62,1,15517311103979015204,3.0,3.25,26,0.6191279134523084,nan,nan,604,1750,1123,184
1.5,0.25,62,2,15517311103979015204,3.0,3.25,26,0.24576953206379465,nan,nan,604,1750,1123,184
1.5,0.25,62,3,15517311103979015204,3.0,3.25,26,0.07338840176964265,nan,nan,604,1750,1123,184
1.5,0.25,63,1,877829650510863808,3.0,3.25,26,0.6168819472267091,nan,nan,552,1531,1010,141
1.5,0.25,63,2,877829650510863808,3.0,3.25,26,0.264581355376719,nan,nan,552,1531,1010,141
1.5,0.25,63,3,877829650510863808,3.0,3.25,26,0.08964827180516582,nan,nan,552,1531,1010,141
1.5,0.25,64,1,12819199799624573295,3.0,3.25,26,0.5480177558061279,nan,nan,416,1340,964,135
1.5,0.25,64,2,12819199799624573295,3.0,3.25,26,0.19578150639237035,nan,nan,416,1340,964,135
1.5,0.25,64,3,12819199799624573295,3.0,3.25,26,0.06172945698228538,nan,nan,416,1340,964,135
1.5,0.25,65,1,17581185043438636674,3.0,3.25,26,0.6086271406542649,nan,nan,537,1433,910,151
1.5,0.25,65,2,17581185043438636674,3.0,3.25,26,0.2783275113587641,nan,nan,537,1433,910,151
1.5,0.25,65,3,17581185043438636674,3.0,3.25,26,0.0972030446424675,nan,nan,537,1433,910,151
1.5,0.25,66,1,5391365439365541384,3.0,3.25,26,0.6095341846686387,nan,nan,471,1497,1056,141
1.5,0.25,66,2,5391365439365541384,3.0,3.25,26,0.2773752139866469,nan,nan,471,1497,1056,141
1.5,0.25,66,3,5391365439365541384,3.0,3.25,26,0.10461128257200156,nan,nan,471,1497,1056,141
1.5,0.25,67,1,3444560903737767708,3.0,3.25,26,0.6287036761022982,nan,nan,653,1719,1087,139
1.5,0.25,67,2,3444560903737767708,3.0,3.25,26,0.28126986229137335,nan,nan,653,1719,1087,139
1.5,0.25,67,3,3444560903737767708,3.0,3.25,26,0.10563758435327329,nan,nan,653,1719,1087,139
1.5,0.25,68,1,2732341640715949002,3.0,3.25,26,0.6231576262335963,nan,nan,509,1411,939,123
1.5,0.25,68,2,2732341640715949002,3.0,3.25,26,0.2762842609750585,nan,nan,509,1411,939,123
1.5,0.25,68,3,2732341640715949002,3.0,3.25,26,0.08775783034128648,nan,nan,509,1411,939,123
1.5,0.25,69,1,2836359297104932021,3.0,3.25,26,0.6236367336482538,nan,nan,563,1534,998,133
1.5,0.25,69,2,2836359297104932021,3.0,3.25,26,0.2484720276873791,nan,nan,563,1534,998,133
1.5,0.25,69,3,2836359297104932021,3.0,3.25,26,0.07539752541525975,nan,nan,563,1534,998,133
1.5,0.25,70,1,7048671262343890522,3.0,3.25,26,0.6179009322057916,nan,nan,663,1894,1194,202
1.5,0.25,70,2,7048671262343890522,3.0,3.25,26,0.24776466779304426,nan,nan,663,1894,1194,202
1.5,0.25,70,3,7048671262343890522,3.0,3.25,26,0.07752289302384853,nan,nan,663,1894,1194,202
1.5,0.25,71,1,17223814070502568516,3.0,3.25,26,0.6209160988713639,nan,nan,449,1364,963,113
1.5,0.25,71,2,17223814070502568516,3.0,3.25,26,0.2673384442896196,nan,nan,449,1364,963,113
1.5,0.25,71,3,17223814070502568516,3.0,3.25,26,0.09575513870615728,nan,nan,449,1364,963,113
1.5,0.25,72,1,4784353295309733394,3.0,3.25,26,0.6012333371148524,nan,nan,537,1434,943,116
1.5,0.25,72,2,4784353295309733394,3.0,3.25,26,0.24730618267217355,nan,nan,537,1434,943,116
1.5,0.25,72,3,4784353295309733394,3.0,3.25,26,0.09264067083998764,nan,nan,537,1434,943,116
1.5,0.25,73,1,6570658078840378483,3.0,3.25,26,0.5984929611928265,nan,nan,459,1397,955,148
1.5,0.25,73,2,6570658078840378483,3.0,3.25,26,0.2657631438582372,nan,nan,459,1397,955,148
1.5,0.25,73,3,6570658078840378483,3.0,3.25,26,0.09538932633268644,nan,nan,459,1397,955,148
1.5,0.25,74,1,13745794377657696534,3.0,3.25,26,0.6249156736837572,nan,nan,585,1646,1066,156
1.5,0.25,74,2,13745794377657696534,3.0,3.25,26,0.2670012390000857,nan,nan,585,1646,1066,156
1.5,0.25,74,3,13745794377657696534,3.0,3.25,26,0.10098620313784044,nan,nan,585,1646,1066,156
1.5,0.25,75,1,3340905808246491861,3.0,3.25,26,0.5993200944517298,nan,nan,386,1125,793,110
1.5,0.25,75,2,3340905808246491861,3.0,3.25,26,0.24944033518042927,nan,nan,386,1125,793,110
1.5,0.25,75,3,3340905808246491861,3.0,3.25,26,0.08900928564612197,nan,nan,386,1125,793,110
1.5,0.25,76,1,3327458473553000240,3.0,3.25,26,0.5734938095684367,nan,nan,566,1602,1057,139
1.5,0.25,76,2,3327458473553000240,3.0,3.25,26,0.23474766621805762,nan,nan,566,1602,1057,139
1.5,0.25,76,3,3327458473553000240,3.0,3.25,26,0.0635938019974252,nan,nan,566,1602,1057,139
1.5,0.25,77,1,17771750049231706395,3.0,3.25,26,0.5936286843988479,nan,nan,473,1480,1026,142
1.5,0.25,77,2,17771750049231706395,3.0,3.25,26,0.2827768427224118,nan,nan,473,1480,1026,142
1.5,0.25,77,3,17771750049231706395,3.0,3.25,26,0.12559598571682107,nan,nan,473,1480,1026,142
1.5,0.25,78,1,12273140097185911062,3.0,3.25,26,0.6249181848360851,nan,nan,509,1449,966,134
1.5,0.25,78,2,12273140097185911062,3.0,3.25,26,0.2630106154855242,nan,nan,509,1449,966,134
1.5,0.25,78,3,12273140097185911062,3.0,3.25,26,0.08461771432195826,nan,nan,509,1449,966,134
1.5,0.25,79,1,1294617409657146901,3.0,3.25,26,0.5997693714522445,nan,nan,626,1832,1208,158
1.5,0.25,79,2,1294617409657146901,3.0,3.25,26,0.2443396336799066,nan,nan,626,1832,1208,158
1.5,0.25,79,3,1294617409657146901,3.0,3.25,26,0.07143712973854095,nan,nan,626,1832,1208,158
1.5,0.25,80,1,14203145034854814594,3.0,3.25,26,0.6605092618023214,nan,nan,530,1543,1023,162
1.5,0.25,80,2,14203145034854814594,3.0,3.25,26,0.305964329140426,nan,nan,530,1543,1023,162
1.5,0.25,80,3,14203145034854814594,3.0,3.25,26,0.10132306636353522,nan,nan,530,1543,1023,162
1.5,0.25,81,1,17356134731962128543,3.0,3.25,26,0.6361831535801605,nan,nan,652,1775,1105,181
1.5,0.25,81,2,17356134731962128543,3.0,3.25,26,0.26202607469679606,nan,nan,652,1775,1105,181
1.5,0.25,81,3,17356134731962128543,3.0,3.25,26,0.07684530243269853,nan,nan,652,1775,1105,181
1.5,0.25,82,1,5904632462813507125,3.0,3.25,26,0.6357173012082955,nan,nan,521,1454,958,143
1.5,0.25,82,2,5904632462813507125,3.0,3.25,26,0.3005450354405449,nan,nan,521,1454,958,143
1.5,0.25,82,3,5904632462813507125,3.0,3.25,26,0.12696010016278378,nan,nan,521,1454,958,143
1.5,0.25,83,1,9751389784556471869,3.0,3.25,26,0.5687175531687738,nan,nan,657,1892,1240,169
1.5,0.25,83,2,9751389784556471869,3.0,3.25,26,0.21162090938031464,nan,nan,657,1892,1240,169
1.5,0.25,83,3,9751389784556471869,3.0,3.25,26,0.05325894445616947,nan,nan,657,1892,1240,169
1.5,0.25,84,1,1075016405820850977,3.0,3.25,26,0.6364510840066013,nan,nan,626,1540,968,106
1.5,0.25,84,2,1075016405820850977,3.0,3.25,26,0.31955708001231187,nan,nan,626,1540,968,106
1.5,0.25,84,3,1075016405820850977,3.0,3.25,26,0.139036147345705,nan,nan,626,1540,968,106
1.5,0.25,85,1,9846043554305586747,3.0,3.25,26,0.5966917064561158,nan,nan,502,1488,1014,134
1.5,0.25,85,2,9846043554305586747,3.0,3.25,26,0.2388748225559432,nan,nan,502,1488,1014,134
1.5,0.25,85,3,9846043554305586747,3.0,3.25,26,0.08508346251172036,nan,nan,502,1488,1014,134
1.5,0.25,86,1,6453258743093960608,3.0,3.25,26,0.6467992927074154,nan,nan,766,2000,1212,187
1.5,0.25,86,2,6453258743093960608,3.0,3.25,26,0.2895599962317044,nan,nan,766,2000,1212,187
1.5,0.25,86,3,6453258743093960608,3.0,3.25,26,0.10526772536708535,nan,nan,766,2000,1212,187
1.5,0.25,87,1,3250319606631843756,3.0,3.25,26,0.6134983651214242,nan,nan,330,976,721,89
1.5,0.25,87,2,3250319606631843756,3.0,3.25,26,0.26514777024931874,nan,nan,330,976,721,89
1.5,0.25,87,3,3250319606631843756,3.0,3.25,26,0.09460362223571334,nan,nan,330,976,721,89
1.5,0.25,88,1,2966766489395621919,3.0,3.25,26,0.5885813537204106,nan,nan,499,1440,982,136
1.5,0.25,88,2,2966766489395621919,3.0,3.25,26,0.2312747358143654,nan,nan,499,1440,982,136
1.5,0.25,88,3,2966766489395621919,3.0,3.25,26,0.06459252610689514,nan,nan,499,1440,982,136
1.5,0.25,89,1,6198972880161679504,3.0,3.25,26,0.6460502442359702,nan,nan,603,1640,1032,167
1.5,0.25,89,2,6198972880161679504,3.0,3.25,26,0.2950723914383894,nan,nan,603,1640,1032,167
1.5,0.25,89,3,6198972880161679504,3.0,3.25,26,0.09829511688005116,nan,nan,603,1640,1032,167
1.5,0.25,90,1,18319214811713662145,3.0,3.25,26,0.6149013297514162,nan,nan,641,1735,1100,157
1.5,0.25,90,2,18319214811713662145,3.0,3.25,26,0.2873955878682174,nan,nan,641,1735,1100,157
1.5,0.25,90,3,18319214811713662145,3.0,3.25,26,0.09977731351192222,nan,nan,641,1735,1100,157
1.5,0.25,91,1,4803824985099350629,3.0,3.25,26,0.6384192269424022,nan,nan,583,1605,1037,147
1.5,0.25,91,2,4803824985099350629,3.0,3.25,26,0.2891721532481587,nan,nan,583,1605,1037,147
1.5,0.25,91,3,4803824985099350629,3.0,3.25,26,0.10248763495576035,nan,nan,583,1605,1037,147
1.5,0.25,92,1,15784843246168688618,3.0,3.25,26,0.6584990635634533,nan,nan,453,1278,873,113
1.5,0.25,92,2,15784843246168688618,3.0,3.25,26,0.3325505707470085,nan,nan,453,1278,873,113
1.5,0.25,92,3,15784843246168688618,3.0,3.25,26,0.11018915272936541,nan,nan,453,1278,873,113
1.5,0.25,93,1,18276522269027854948,3.0,3.25,26,0.6265333961156572,nan,nan,598,1634,1049,147
1.5,0.25,93,2,18276522269027854948,3.0,3.25,26,0.25806962207910555,nan,nan,598,1634,1049,147
1.5,0.25,93,3,18276522269027854948,3.0,3.25,26,0.06630539799704739,nan,nan,598,1634,1049,147
1.5,0.25,94,1,7394653888564141892,3.0,3.25,26,0.6302557761391427,nan,nan,402,1255,901,126
1.5,0.25,94,2,7394653888564141892,3.0,3.25,26,0.2691878579464705,nan,nan,402,1255,901,126
1.5,0.25,94,3,7394653888564141892,3.0,3.25,26,0.10481058638069302,nan,nan,402,1255,901,126
1.5,0.25,95,1,18042225070336946522,3.0,3.25,26,0.624745943561484,nan,nan,411,1138,793,97
1.5,0.25,95,2,18042225070336946522,3.0,3.25,26,0.27254338992823723,nan,nan,411,1138,793,97
1.5,0.25,95,3,18042225070336946522,3.0,3.25,26,0.09301492484954389,nan,nan,411,1138,793,97
1.5,0.25,96,1,9613349610554773440,3.0,3.25,26,0.5980480994784587,nan,nan,408,1156,812,114
1.5,0.25,96,2,9613349610554773440,3.0,3.25,26,0.23200702168055184,nan,nan,408,1156,812,114
1.5,0.25,96,3,9613349610554773440,3.0,3.25,26,0.06564164981010344,nan,nan,408,1156,812,114
1.5,0.25,97,1,15699548824079964158,3.0,3.25,26,0.5942750852712774,nan,nan,334,1072,779,120
1.5,0.25,97,2,15699548824079964158,3.0,3.25,26,0.25496586325472853,nan,nan,334,1072,779,120
1.5,0.25,97,3,15699548824079964158,3.0,3.25,26,0.07746864950726615,nan,nan,334,1072,779,120
1.5,0.25,98,1,102864445772089156,3.0,3.25,26,0.6047257154809185,nan,nan,577,1609,1036,159
1.5,0.25,98,2,102864445772089156,3.0,3.25,26,0.2757884336218601,nan,nan,577,1609,1036,159
1.5,0.25,98,3,102864445772089156,3.0,3.25,26,0.11251021558803832,nan,nan,577,1609,1036,159
1.5,0.25,99,1,6220984860170240948,3.0,3.25,26,0.6074888044756265,nan,nan,474,1411,966,131
1.5,0.25,99,2,6220984860170240948,3.0,3.25,26,0.2919596318771841,nan,nan,474,1411,966,131
1.5,0.25,99,3,6220984860170240948,3.0,3.25,26,0.12892121177384078,nan,nan,474,1411,966,131
1.5,0.25,100,1,12078967833791878341,3.0,3.25,26,0.6259984544015466,nan,nan,582,1634,1062,153
1.5,0.25,100,2,12078967833791878341,3.0,3.25,26,0.28343727121808254,nan,nan,582,1634,1062,153
1.5,0.25,100,3,12078967833791878341,3.0,3.25,26,0.09030603391779815,nan,nan,582,1634,1062,153
1.5,0.25,101,1,7762455990571660834,3.0,3.25,26,0.5851108403277927,nan,nan,541,1600,1063,162
1.5,0.25,101,2,7762455990571660834,3.0,3.25,26,0.2500062836379977,nan,nan,541,1600,1063,162
1.5,0.25,101,3,7762455990571660834,3.0,3.25,26,0.08684413927358164,nan,nan,541,1600,1063,162
1.5,0.25,102,1,14605564988163569171,3.0,3.25,26,0.6130508799681558,nan,nan,505,1531,1025,162
1.5,0.25,102,2,14605564988163569171,3.0,3.25,26,0.27096493736879046,nan,nan,505,1531,1025,162
1.5,0.25,102,3,14605564988163569171,3.0,3.25,26,0.08784241156123469,nan,nan,505,1531,1025,162
1.5,0.25,103,1,9757615880552872604,3.0,3.25,26,0.6170612338262995,nan,nan,580,1569,1012,137
1.5,0.25,103,2,9757615880552872604,3.0,3.25,26,0.24093053669850428,nan,nan,580,1569,1012,137
1.5,0.25,103,3,9757615880552872604,3.0,3.25,26,0.0668489666185044,nan,nan,580,1569,1012,137
1.5,0.25,104,1,14065171406737824227,3.0,3.25,26,0.5995761244949929,nan,nan,525,1554,1044,146
1.5,0.25,104,2,14065171406737824227,3.0,3.25,26,0.2408563087657902,nan,nan,525,1554,1044,146
1.5,0.25,104,3,14065171406737824227,3.0,3.25,26,0.07585244414604361,nan,nan,525,1554,1044,146
1.5,0.25,105,1,2500670838659547039,3.0,3.25,26,0.6360686759955106,nan,nan,460,1317,901,119
1.5,0.25,105,2,2500670838659547039,3.0,3.25,26,0.30729145942632086,nan,nan,460,1317,901,119
1.5,0.25,105,3,2500670838659547039,3.0,3.25,26,0.10995119059570564,nan,nan,460,1317,901,119
1.5,0.25,106,1,4969745496502108019,3.0,3.25,26,0.5820216621251497,nan,nan,514,1554,1068,144
1.5,0.25,106,2,4969745496502108019,3.0,3.25,26,0.2429673099558481,nan,nan,514,1554,1068,144
1.5,0.25,106,3,4969745496502108019,3.0,3.25,26,0.07341353036170456,nan,nan,514,1554,1068,144
1.5,0.25,107,1,12717343447637654928,3.0,3.25,26,0.6168939179425342,nan,nan,516,1456,961,140
1.5,0.25,107,2,12717343447637654928,3.0,3.25,26,0.2841434203429164,nan,nan,516,1456,961,140
1.5,0.25,107,3,12717343447637654928,3.0,3.25,26,0.10822294577712716,nan,nan,516,1456,961,140
1.5,0.25,108,1,15618845652493873121,3.0,3.25,26,0.6278234986216714,nan,nan,485,1391,922,153
1.5,0.25,108,2,15618845652493873121,3.0,3.25,26,0.28801866220859285,nan,nan,485,1391,922,153
1.5,0.25,108,3,15618845652493873121,3.0,3.25,26,0.08914430220469965,nan,nan,485,1391,922,153
1.5,0.25,109,1,1730133970945684769,3.0,3.25,26,0.5869307907779148,nan,nan,620,1664,1062,145
1.5,0.25,109,2,1730133970945684769,3.0,3.25,26,0.2429019332383183,nan,nan,620,1664,1062,145
1.5,0.25,109,3,1730133970945684769,3.0,3.25,26,0.09243808617829526,nan,nan,620,1664,1062,145
1.5,0.25,110,1,7705772805548508280,3.0,3.25,26,0.6237618295895531,nan,nan,449,1358,949,124
1.5,0.25,110,2,7705772805548508280,3.0,3.25,26,0.2753350249589201,nan,nan,449,1358,949,124
1.5,0.25,110,3,7705772805548508280,3.0,3.25,26,0.10696622725563205,nan,nan,449,1358,949,124
1.5,0.25,111,1,12881838599915928023,3.0,3.25,26,0.6280792242490799,nan,nan,624,1751,1129,158
1.5,0.25,111,2,12881838599915928023,3.0,3.25,26,0.30816585899446797,nan,nan,624,1751,1129,158
1.5,0.25,111,3,12881838599915928023,3.0,3.25,26,0.13473166401110273,nan,nan,624,1751,1129,158
1.5,0.25,112,1,3925046929142342195,3.0,3.25,26,0.6152646959133445,nan,nan,610,1855,1221,194
1.5,0.25,112,2,3925046929142342195,3.0,3.25,26,0.30398010631843425,nan,nan,610,1855,1221,194
1.5,0.25,112,3,3925046929142342195,3.0,3.25,26,0.11352333668026961,nan,nan,610,1855,1221,194
1.5,0.25,113,1,7941762420109678937,3.0,3.25,26,0.6001276346513214,nan,nan,576,1650,1079,158
1.5,0.25,113,2,7941762420109678937,3.0,3.25,26,0.251203830573093,nan,nan,576,1650,1079,158
1.5,0.25,113,3,7941762420109678937,3.0,3.25,26,0.07308728779358437,nan,nan,576,1650,1079,158
1.5,0.25,114,1,11708822676296716374,3.0,3.25,26,0.625809169120682,nan,nan,463,1292,858,131
1.5,0.25,114,2,11708822676296716374,3.0,3.25,26,0.27265412164436525,nan,nan,463,1292,858,131
1.5,0.25,114,3,11708822676296716374,3.0,3.25,26,0.09886800342836707,nan,nan,463,1292,858,131
1.5,0.25,115,1,1161993394287076953,3.0,3.25,26,0.6559356551018538,nan,nan,524,1462,951,151
1.5,0.25,115,2,1161993394287076953,3.0,3.25,26,0.3184329457828897,nan,nan,524,1462,951,151
1.5,0.25,115,3,1161993394287076953,3.0,3.25,26,0.12190465134728835,nan,nan,524,1462,951,151
1.5,0.25,116,1,11920027482745225503,3.0,3.25,26,0.6305385500136356,nan,nan,494,1438,978,127
1.5,0.25,116,2,11920027482745225503,3.0,3.25,26,0.2950081261732437,nan,nan,494,1438,978,127
1.5,0.25,116,3,11920027482745225503,3.0,3.25,26,0.08702334453326542,nan,nan,494,1438,978,127
1.5,0.25,117,1,10380987953599558794,3.0,3.25,26,0.5800039993560332,nan,nan,551,1648,1115,142
1.5,0.25,117,2,10380987953599558794,3.0,3.25,26,0.22327072493535025,nan,nan,551,1648,1115,142
1.5,0.25,117,3,10380987953599558794,3.0,3.25,26,0.06624047688032043,nan,nan,551,1648,1115,142
1.5,0.25,118,1,16196226566222947703,3.0,3.25,26,0.6082269331252731,nan,nan,486,1360,918,121
1.5,0.25,118,2,16196226566222947703,3.0,3.25,26,0.2773375920162596,nan,nan,486,1360,918,121
1.5,0.25,118,3,16196226566222947703,3.0,3.25,26,0.08738528732585732,nan,nan,486,1360,918,121
1.5,0.25,119,1,11553906306794414699,3.0,3.25,26,0.6194315700536446,nan,nan,430,1321,920,131
1.5,0.25,119,2,11553906306794414699,3.0,3.25,26,0.26054581813925703,nan,nan,430,1321,920,131
1.5,0.25,119,3,11553906306794414699,3.0,3.25,26,0.06860907046501856,nan,nan,430,1321,920,131
1.5,0.5,0,1,9161273859928573750,3.0,3.25,26,0.6300603211664099,nan,nan,314,1268,840,280
1.5,0.5,0,2,9161273859928573750,3.0,3.25,26,0.2531630778974517,nan,nan,314,1268,840,280
1.5,0.5,0,3,9161273859928573750,3.0,3.25,26,0.05192714936031424,nan,nan,314,1268,840,280
1.5,0.5,1,1,1464792599331674022,3.0,3.25,26,0.6276887829408888,nan,nan,320,1111,746,208
1.5,0.5,1,2,1464792599331674022,3.0,3.25,26,0.24797635661191483,nan,nan,320,1111,746,208
1.5,0.5,1,3,1464792599331674022,3.0,3.25,26,0.0752670537537081,nan,nan,320,1111,746,208
1.5,0.5,2,1,300896047765526664,3.0,3.25,26,0.6011787531789616,nan,nan,451,1534,968,283
1.5,0.5,2,2,300896047765526664,3.0,3.25,26,0.2665356933973055,nan,nan,451,1534,968,283
1.5,0.5,2,3,300896047765526664,3.0,3.25,26,0.10266833863221864,nan,nan,451,1534,968,283
1.5,0.5,3,1,17100765858928074022,3.0,3.25,26,0.6249044295140127,nan,nan,263,1060,757,214
1.5,0.5,3,2,17100765858928074022,3.0,3.25,26,0.3020863349877481,nan,nan,263,1060,757,214
1.5,0.5,3,3,17100765858928074022,3.0,3.25,26,0.1406243707336736,nan,nan,263,1060,757,214
1.5,0.5,4,1,14985285293914749322,3.0,3.25,26,0.6326957889215521,nan,nan,360,1306,869,251
1.5,0.5,4,2,14985285293914749322,3.0,3.25,26,0.26420593497863376,nan,nan,360,1306,869,251
1.5,0.5,4,3,14985285293914749322,3.0,3.25,26,0.08100896414856541,nan,nan,360,1306,869,251
1.5,0.5,5,1,6553801382665259558,3.0,3.25,26,0.6129900853117844,nan,nan,381,1379,908,257
1.5,0.5,5,2,6553801382665259558,3.0,3.25,26,0.2623751447312526,nan,nan,381,1379,908,257
1.5,0.5,5,3,6553801382665259558,3.0,3.25,26,0.08293783906234091,nan,nan,381,1379,908,257
1.5,0.5,6,1,13393311084727021375,3.0,3.25,26,0.6061611839420977,nan,nan,340,1231,798,259
1.5,0.5,6,2,13393311084727021375,3.0,3.25,26,0.28299831499839595,nan,nan,340,1231,798,259
1.5,0.5,6,3,13393311084727021375,3.0,3.25,26,0.10792040844452153,nan,nan,340,1231,798,259
1.5,0.5,7,1,10304394691000619921,3.0,3.25,26,0.5704773793138895,nan,nan,286,1021,708,187
1.5,0.5,7,2,10304394691000619921,3.0,3.25,26,0.1900155892716445,nan,nan,286,1021,708,187
1.5,0.5,7,3,10304394691000619921,3.0,3.25,26,0.04491493194234757,nan,nan,286,1021,708,187
1.5,0.5,8,1,4135105143354915867,3.0,3.25,26,0.6439517269094721,nan,nan,477,1599,988,299
1.5,0.5,8,2,4135105143354915867,3.0,3.25,26,0.3066619794096178,nan,nan,477,1599,988,299
1.5,0.5,8,3,4135105143354915867,3.0,3.25,26,0.12766185268474026,nan,nan,477,1599,988,299
1.5,0.5,9,1,7427202707005389386,3.0,3.25,26,0.6498277407659765,nan,nan,461,1448,896,251
1.5,0.5,9,2,7427202707005389386,3.0,3.25,26,0.32969383606989866,nan,nan,461,1448,896,251
1.5,0.5,9,3,7427202707005389386,3.0,3.25,26,0.14528343052316156,nan,nan,461,1448,896,251
1.5,0.5,10,1,8353546505052192147,3.0,3.25,26,0.625813502812748,nan,nan,414,1416,913,265
1.5,0.5,10,2,8353546505052192147,3.0,3.25,26,0.28950276072269204,nan,nan,414,1416,913,265
1.5,0.5,10,3,8353546505052192147,3.0,3.25,26,0.0951402961144704,nan,nan,414,1416,913,265
1.5,0.5,11,1,9782929762430569568,3.0,3.25,26,0.662348186658068,nan,nan,400,1348,866,250
1.5,0.5,11,2,9782929762430569568,3.0,3.25,26,0.30769111395532317,nan,nan,400,1348,866,250
1.5,0.5,11,3,9782929762430569568,3.0,3.25,26,0.11518439199057849,nan,nan,400,1348,866,250
1.5,0.5,12,1,10318399465362730645,3.0,3.25,26,0.6551919617894696,nan,nan,468,1441,891,255
1.5,0.5,12,2,10318399465362730645,3.0,3.25,26,0.3146565545420168,nan,nan,468,1441,891,255
1.5,0.5,12,3,10318399465362730645,3.0,3.25,26,0.10802766153758855,nan,nan,468,1441,891,255
1.5,0.5,13,1,5470630464391932536,3.0,3.25,26,0.5788039897418257,nan,nan,488,1637,1007,306
1.5,0.5,13,2,5470630464391932536,3.0,3.25,26,0.21997155021793197,nan,nan,488,1637,1007,306
1.5,0.5,13,3,5470630464391932536,3.0,3.25,26,0.05886990841830863,nan,nan,488,1637,1007,306
1.5,0.5,14,1,14661941189683781480,3.0,3.25,26,0.6089575055018945,nan,nan,304,1064,719,212
1.5,0.5,14,2,14661941189683781480,3.0,3.25,26,0.290958878202869,nan,nan,304,1064,719,212
1.5,0.5,14,3,14661941189683781480,3.0,3.25,26,0.09687241992574741,nan,nan,304,1064,719,212
1.5,0.5,15,1,16319747959393865215,3.0,3.25,26,0.6322362662107713,nan,nan,383,1237,785,256
1.5,0.5,15,2,16319747959393865215,3.0,3.25,26,0.2966289744874648,nan,nan,383,1237,785,256
1.5,0.5,15,3,16319747959393865215,3.0,3.25,26,0.12305933714387686,nan,nan,383,1237,785,256
1.5,0.5,16,1,7133909378578775810,3.0,3.25,26,0.5818086967453766,nan,nan,340,1220,798,256
1.5,0.5,16,2,7133909378578775810,3.0,3.25,26,0.22519668618436317,nan,nan,340,1220,798,256
1.5,0.5,16,3,7133909378578775810,3.0,3.25,26,0.08057667899515554,nan,nan,340,1220,798,256
1.5,0.5,17,1,4320599172875648075,3.0,3.25,26,0.6252450607670088,nan,nan,376,1331,865,256
1.5,0.5,17,2,4320599172875648075,3.0,3.25,26,0.2906936680775733,nan,nan,376,1331,865,256
1.5,0.5,17,3,4320599172875648075,3.0,3.25,26,0.09824480100887703,nan,nan,376,1331,865,256
1.5,0.5,18,1,12622818429456447812,3.0,3.25,26,0.6059013314538668,nan,nan,255,1010,714,209
1.5,0.5,18,2,12622818429456447812,3.0,3.25,26,0.2383923443563796,nan,nan,255,1010,714,209
1.5,0.5,18,3,12622818429456447812,3.0,3.25,26,0.07104176214357195,nan,nan,255,1010,714,209
1.5,0.5,19,1,16196120520434303228,3.0,3.25,26,0.5805001756541401,nan,nan,289,1155,802,234
1.5,0.5,19,2,16196120520434303228,3.0,3.25,26,0.22925288614844938,nan,nan,289,1155,802,234
1.5,0.5,19,3,16196120520434303228,3.0,3.25,26,0.07530603607436222,nan,nan,289,1155,802,234
1.5,0.5,20,1,16456726386850691121,3.0,3.25,26,0.6009927289032744,nan,nan,315,1171,793,225
1.5,0.5,20,2,16456726386850691121,3.0,3.25,26,0.2632278690550264,nan,nan,315,1171,793,225
1.5,0.5,20,3,16456726386850691121,3.0,3.25,26,0.08329686093097513,nan,nan,315,1171,793,225
1.5,0.5,21,1,5082807612085318215,3.0,3.25,26,0.6275320936711808,nan,nan,312,1192,806,240
1.5,0.5,21,2,5082807612085318215,3.0,3.25,26,0.2853874569962473,nan,nan,312,1192,806,240
1.5,0.5,21,3,5082807612085318215,3.0,3.25,26,0.1177437678415913,nan,nan,312,1192,806,240
1.5,0.5,22,1,9438879005973191464,3.0,3.25,26,0.615362723222532,nan,nan,333,1180,792,221
1.5,0.5,22,2,9438879005973191464,3.0,3.25,26,0.25180319560593306,nan,nan,333,1180,792,221
1.5,0.5,22,3,9438879005973191464,3.0,3.25,26,0.08245552863397212,nan,nan,333,1180,792,221
1.5,0.5,23,1,16663567245059726889,3.0,3.25,26,0.7231930682622417,nan,nan,342,1075,702,192
1.5,0.5,23,2,16663567245059726889,3.0,3.25,26,0.4140858965992847,nan,nan,342,1075,702,192
1.5,0.5,23,3,16663567245059726889,3.0,3.25,26,0.18915909545602877,nan,nan,342,1075,702,192
1.5,0.5,24,1,476076715791373676,3.0,3.25,26,0.6468850166384164,nan,nan,459,1496,923,274
1.5,0.5,24,2,476076715791373676,3.0,3.25,26,0.273101187686302,nan,nan,459,1496,923,274
1.5,0.5,24,3,476076715791373676,3.0,3.25,26,0.0920050947508088,nan,nan,459,1496,923,274
1.5,0.5,25,1,7795709478776365193,3.0,3.25,26,0.5796993849545177,nan,nan,400,1356,874,253
1.5,0.5,25,2,7795709478776365193,3.0,3.25,26,0.20319556563755908,nan,nan,400,1356,874,253
1.5,0.5,25,3,7795709478776365193,3.0,3.25,26,0.04335697114354041,nan,nan,400,1356,874,253
1.5,0.5,26,1,3275015196714522957,3.0,3.25,26,0.625772362960081,nan,nan,342,1250,830,247
1.5,0.5,26,2,3275015196714522957,3.0,3.25,26,0.30444523198194423,nan,nan,342,1250,830,247
1.5,0.5,26,3,3275015196714522957,3.0,3.25,26,0.11078244430900838,nan,nan,342,1250,830,247
1.5,0.5,27,1,7994677872580781395,3.0,3.25,26,0.6362105291679422,nan,nan,355,1174,756,225
1.5,0.5,27,2,7994677872580781395,3.0,3.25,26,0.28033319027704817,nan,nan,355,1174,756,225
1.5,0.5,27,3,7994677872580781395,3.0,3.25,26,0.08735059783718548,nan,nan,355,1174,756,225
1.5,0.5,28,1,11701447568475532297,3.0,3.25,26,0.637163250408029,nan,nan,363,1205,780,231
1.5,0.5,28,2,11701447568475532297,3.0,3.25,26,0.29682433057241825,nan,nan,363,1205,780,231
1.5,0.5,28,3,11701447568475532297,3.0,3.25,26,0.08026457658217145,nan,nan,363,1205,780,231
1.5,0.5,29,1,916556704153472846,3.0,3.25,26,0.6029388817754416,nan,nan,366,1296,855,246
1.5,0.5,29,2,916556704153472846,3.0,3.25,26,0.26793666725804405,nan,nan,366,1296,855,246
1.5,0.5,29,3,916556704153472846,3.0,3.25,26,0.08176597539864973,nan,nan,366,1296,855,246
1.5,0.5,30,1,5751298793473415570,3.0,3.25,26,0.60539944435251,nan,nan,276,940,662,171
1.5,0.5,30,2,5751298793473415570,3.0,3.25,26,0.25474234564019665,nan,nan,276,940,662,171
1.5,0.5,30,3,5751298793473415570,3.0,3.25,26,0.07955339575744998,nan,nan,276,940,662,171
1.5,0.5,31,1,8471144926698995923,3.0,3.25,26,0.6190281844351279,nan,nan,448,1495,938,278
1.5,0.5,31,2,8471144926698995923,3.0,3.25,26,0.2684601953835244,nan,nan,448,1495,938,278
1.5,0.5,31,3,8471144926698995923,3.0,3.25,26,0.08844629511243424,nan,nan,448,1495,938,278
1.5,0.5,32,1,14919201312961871601,3.0,3.25,26,0.5948384699821483,nan,nan,427,1517,991,265
1.5,0.5,32,2,14919201312961871601,3.0,3.25,26,0.22443706266757,nan,nan,427,1517,991,265
1.5,0.5,32,3,14919201312961871601,3.0,3.25,26,0.06631409120467066,nan,nan,427,1517,991,265
1.5,0.5,33,1,13034036397136617933,3.0,3.25,26,0.6517018110193644,nan,nan,257,978,696,185
1.5,0.5,33,2,13034036397136617933,3.0,3.25,26,0.29048838535184374,nan,nan,257,978,696,185
1.5,0.5,33,3,13034036397136617933,3.0,3.25,26,0.09569130505698406,nan,nan,257,978,696,185
1.5,0.5,34,1,11785635152291662024,3.0,3.25,26,0.5986812337811906,nan,nan,231,902,649,185
1.5,0.5,34,2,11785635152291662024,3.0,3.25,26,0.2791659284366867,nan,nan,231,902,649,185
1.5,0.5,34,3,11785635152291662024,3.0,3.25,26,0.10394403584506248,nan,nan,231,902,649,185
1.5,0.5,35,1,12833253477784903658,3.0,3.25,26,0.5853768277405703,nan,nan,346,1193,806,212
1.5,0.5,35,2,12833253477784903658,3.0,3.25,26,0.2224570606239475,nan,nan,346,1193,806,212
1.5,0.5,35,3,12833253477784903658,3.0,3.25,26,0.0634103190601003,nan,nan,346,1193,806,212
1.5,0.5,36,1,11545734739392914163,3.0,3.25,26,0.6148894037959602,nan,nan,401,1377,898,242
1.5,0.5,36,2,11545734739392914163,3.0,3.25,26,0.26554121129072394,nan,nan,401,1377,898,242
1.5,0.5,36,3,11545734739392914163,3.0,3.25,26,0.08874414718074261,nan,nan,401,1377,898,242
1.5,0.5,37,1,841177223463528379,3.0,3.25,26,0.5513145064821564,nan,nan,334,1328,913,273
1.5,0.5,37,2,841177223463528379,3.0,3.25,26,0.18395384058938397,nan,nan,334,1328,913,273
1.5,0.5,37,3,841177223463528379,3.0,3.25,26,0.046067783571943494,nan,nan,334,1328,913,273
1.5,0.5,38,1,10212712916426086964,3.0,3.25,26,0.6434426690904872,nan,nan,340,1214,802,237
1.5,0.5,38,2,10212712916426086964,3.0,3.25,26,0.31533193168783397,nan,nan,340,1214,802,237
1.5,0.5,38,3,10212712916426086964,3.0,3.25,26,0.11117162022261777,nan,nan,340,1214,802,237
1.5,0.5,39,1,2161286970593324668,3.0,3.25,26,0.6334164109259596,nan,nan,311,1131,781,213
1.5,0.5,39,2,2161286970593324668,3.0,3.25,26,0.2844981282765008,nan,nan,311,1131,781,213
1.5,0.5,39,3,2161286970593324668,3.0,3.25,26,0.08566062448180276,nan,nan,311,1131,781,213
1.5,0.5,40,1,17989186056650624172,3.0,3.25,26,0.6365599243727955,nan,nan,311,1200,837,220
1.5,0.5,40,2,17989186056650624172,3.0,3.25,26,0.3015788281467626,nan,nan,311,1200,837,220
1.5,0.5,40,3,17989186056650624172,3.0,3.25,26,0.11966362715094586,nan,nan,311,1200,837,220
1.5,0.5,41,1,13541168887611094603,3.0,3.25,26,0.5789506435610347,nan,nan,263,1033,712,221
1.5,0.5,41,2,13541168887611094603,3.0,3.25,26,0.17877960309954444,nan,nan,263,1033,712,221
1.5,0.5,41,3,13541168887611094603,3.0,3.25,26,0.045999239803398026,nan,nan,263,1033,712,221
1.5,0.5,42,1,16372851175784621229,3.0,3.25,26,0.6356864177332008,nan,nan,323,1085,693,232
1.5,0.5,42,2,16372851175784621229,3.0,3.25,26,0.3150963235617263,nan,nan,323,1085,693,232
1.5,0.5,42,3,16372851175784621229,3.0,3.25,26,0.1158187275547927,nan,nan,323,1085,693,232
1.5,0.5,43,1,17108524540573216876,3.0,3.25,26,0.6464437673498913,nan,nan,307,1001,672,182
1.5,0.5,43,2,17108524540573216876,3.0,3.25,26,0.3038962709608114,nan,nan,307,1001,672,182
1.5,0.5,43,3,17108524540573216876,3.0,3.25,26,0.09795017649812995,nan,nan,307,1001,672,182
1.5,0.5,44,1,893465808391726170,3.0,3.25,26,0.5972726948882469,nan,nan,435,1571,1030,288
1.5,0.5,44,2,893465808391726170,3.0,3.25,26,0.2680422282510682,nan,nan,435,1571,1030,288
1.5,0.5,44,3,893465808391726170,3.0,3.25,26,0.0765039752724232,nan,nan,435,1571,1030,288
1.5,0.5,45,1,14234863562114186676,3.0,3.25,26,0.6370385615276907,nan,nan,294,995,696,180
1.5,0.5,45,2,14234863562114186676,3.0,3.25,26,0.27786297550760497,nan,nan,294,995,696,180
1.5,0.5,45,3,14234863562114186676,3.0,3.25,26,0.1100046981913231,nan,nan,294,995,696,180
1.5,0.5,46,1,4535017452244531332,3.0,3.25,26,0.5932442215880467,nan,nan,297,1099,745,220
1.5,0.5,46,2,4535017452244531332,3.0,3.25,26,0.2388648624773896,nan,nan,297,1099,745,220
1.5,0.5,46,3,4535017452244531332,3.0,3.25,26,0.06671287167459261,nan,nan,297,1099,745,220
1.5,0.5,47,1,18385513095743218919,3.0,3.25,26,0.5482423988061087,nan,nan,266,1021,711,206
1.5,0.5,47,2,18385513095743218919,3.0,3.25,26,0.20791532940622084,nan,nan,266,1021,711,206
1.5,0.5,47,3,18385513095743218919,3.0,3.25,26,0.05388287103234944,nan,nan,266,1021,711,206
1.5,0.5,48,1,2587005798806027242,3.0,3.25,26,0.606414016335595,nan,nan,361,1220,807,229
1.5,0.5,48,2,2587005798806027242,3.0,3.25,26,0.2747869775539413,nan,nan,361,1220,807,229
1.5,0.5,48,3,2587005798806027242,3.0,3.25,26,0.11018802106558902,nan,nan,361,1220,807,229
1.5,0.5,49,1,6722630014719586697,3.0,3.25,26,0.5982353653437197,nan,nan,356,1251,836,233
1.5,0.5,49,2,6722630014719586697,3.0,3.25,26,0.2793321200925597,nan,nan,356,1251,836,233
1.5,0.5,49,3,6722630014719586697,3.0,3.25,26,0.11238831382411628,nan,nan,356,1251,836,233
1.5,0.5,50,1,11896711703006880795,3.0,3.25,26,0.6022858757444873,nan,nan,275,1030,737,189
1.5,0.5,50,2,11896711703006880795,3.0,3.25,26,0.2238381103994957,nan,nan,275,1030,737,189
1.5,0.5,50,3,11896711703006880795,3.0,3.25,26,0.057069107643585124,nan,nan,275,1030,737,189
1.5,0.5,51,1,12588280035867318128,3.0,3.25,26,0.5804704369671089,nan,nan,285,1028,715,209
1.5,0.5,51,2,12588280035867318128,3.0,3.25,26,0.2379681143575018,nan,nan,285,1028,715,209
1.5,0.5,51,3,12588280035867318128,3.0,3.25,26,0.07107191265666388,nan,nan,285,1028,715,209
1.5,0.5,52,1,923065916960318257,3.0,3.25,26,0.5509342614863914,nan,nan,262,957,688,178
1.5,0.5,52,2,923065916960318257,3.0,3.25,26,0.20956865633525995,nan,nan,262,957,688,178
1.5,0.5,52,3,923065916960318257,3.0,3.25,26,0.06311498079988578,nan,nan,262,957,688,178
1.5,0.5,53,1,12016709494381270897,3.0,3.25,26,0.6467231460373564,nan,nan,301,959,638,182
1.5,0.5,53,2,12016709494381270897,3.0,3.25,26,0.2867277624555158,nan,nan,301,959,638,182
1.5,0.5,53,3,12016709494381270897,3.0,3.25,26,0.09598718736952791,nan,nan,301,959,638,182
1.5,0.5,54,1,10804614697567590263,3.0,3.25,26,0.5866410242310562,nan,nan,209,827,626,166
1.5,0.5,54,2,10804614697567590263,3.0,3.25,26,0.234013148459113,nan,nan,209,827,626,166
1.5,0.5,54,3,10804614697567590263,3.0,3.25,26,0.06138375620576881,nan,nan,209,827,626,166
1.5,0.5,55,1,17710040416575278657,3.0,3.25,26,0.6345227636432303,nan,nan,424,1425,900,272
1.5,0.5,55,2,17710040416575278657,3.0,3.25,26,0.29603598765195893,nan,nan,424,1425,900,272
1.5,0.5,55,3,17710040416575278657,3.0,3.25,26,0.09117264895040891,nan,nan,424,1425,900,272
1.5,0.5,56,1,10062022863772191320,3.0,3.25,26,0.6376210298227248,nan,nan,293,1102,761,215
1.5,0.5,56,2,10062022863772191320,3.0,3.25,26,0.2782312127974618,nan,nan,293,1102,761,215
1.5,0.5,56,3,10062022863772191320,3.0,3.25,26,0.09657545629548242,nan,nan,293,1102,761,215
1.5,0.5,57,1,17253298502476063507,3.0,3.25,26,0.6215091498958683,nan,nan,349,1240,818,237
1.5,0.5,57,2,17253298502476063507,3.0,3.25,26,0.2684783038646084,nan,nan,349,1240,818,237
1.5,0.5,57,3,17253298502476063507,3.0,3.25,26,0.07709811984323373,nan,nan,349,1240,818,237
1.5,0.5,58,1,12673876658986047186,3.0,3.25,26,0.5664748776971776,nan,nan,292,1052,729,210
1.5,0.5,58,2,12673876658986047186,3.0,3.25,26,0.2342647101426897,nan,nan,292,1052,729,210
1.5,0.5,58,3,12673876658986047186,3.0,3.25,26,0.07320966774345586,nan,nan,292,1052,729,210
1.5,0.5,59,1,12133170626279267418,3.0,3.25,26,0.596733324643411,nan,nan,337,1247,835,241
1.5,0.5,59,2,12133170626279267418,3.0,3.25,26,0.24957981445886518,nan,nan,337,1247,835,241
1.5,0.5,59,3,12133170626279267418,3.0,3.25,26,0.07072240781735636,nan,nan,337,1247,835,241
1.5,0.5,60,1,17460551558433676685,3.0,3.25,26,0.6494113014859988,nan,nan,489,1745,1120,303
1.5,0.5,60,2,17460551558433676685,3.0,3.25,26,0.29696943368146267,nan,nan,489,1745,1120,303
1.5,0.5,60,3,17460551558433676685,3.0,3.25,26,0.10324678970816815,nan,nan,489,1745,1120,303
1.5,0.5,61,1,17065378085936187386,3.0,3.25,26,0.6352090454548267,nan,nan,458,1677,1074,312
1.5,0.5,61,2,17065378085936187386,3.0,3.25,26,0.2929264817477779,nan,nan,458,1677,1074,312
1.5,0.5,61,3,17065378085936187386,3.0,3.25,26,0.11034914947999969,nan,nan,458,1677,1074,312
1.5,0.5,62,1,13108357777896663646,3.0,3.25,26,0.5909226779099283,nan,nan,244,1016,738,201
1.5,0.5,62,2,13108357777896663646,3.0,3.25,26,0.23945892202801908,nan,nan,244,1016,738,201
1.5,0.5,62,3,13108357777896663646,3.0,3.25,26,0.0720241210850831,nan,nan,244,1016,738,201
1.5,0.5,63,1,9221858257625162580,3.0,3.25,26,0.6342232228829823,nan,nan,402,1414,911,262
1.5,0.5,63,2,9221858257625162580,3.0,3.25,26,0.28715186761967193,nan,nan,402,1414,911,262
1.5,0.5,63,3,9221858257625162580,3.0,3.25,26,0.08319919898890946,nan,nan,402,1414,911,262
1.5,0.5,64,1,11810962107692402282,3.0,3.25,26,0.5907354126018242,nan,nan,323,1247,864,220
1.5,0.5,64,2,11810962107692402282,3.0,3.25,26,0.23606629893424017,nan,nan,323,1247,864,220
1.5,0.5,64,3,11810962107692402282,3.0,3.25,26,0.05943851004732595,nan,nan,323,1247,864,220
1.5,0.5,65,1,16984119346705981349,3.0,3.25,26,0.6236755759913564,nan,nan,395,1362,887,251
1.5,0.5,65,2,16984119346705981349,3.0,3.25,26,0.288731598697496,nan,nan,395,1362,887,251
1.5,0.5,65,3,16984119346705981349,3.0,3.25,26,0.10620923314687476,nan,nan,395,1362,887,251
1.5,0.5,66,1,6993895395205274691,3.0,3.25,26,0.6231392129659252,nan,nan,360,1348,890,269
1.5,0.5,66,2,6993895395205274691,3.0,3.25,26,0.2657259615595614,nan,nan,360,1348,890,269
1.5,0.5,66,3,6993895395205274691,3.0,3.25,26,0.08749636611194803,nan,nan,360,1348,890,269
1.5,0.5,67,1,8691839532268778254,3.0,3.25,26,0.6296535815898583,nan,nan,433,1465,929,270
1.5,0.5,67,2,8691839532268778254,3.0,3.25,26,0.2995520831317066,nan,nan,433,1465,929,270
1.5,0.5,67,3,8691839532268778254,3.0,3.25,26,0.1286539051061808,nan,nan,433,1465,929,270
1.5,0.5,68,1,10207677781491732795,3.0,3.25,26,0.6169490552136596,nan,nan,234,967,707,201
1.5,0.5,68,2,10207677781491732795,3.0,3.25,26,0.26328279552799355,nan,nan,234,967,707,201
1.5,0.5,68,3,10207677781491732795,3.0,3.25,26,0.0843810783116932,nan,nan,234,967,707,201
1.5,0.5,69,1,3681919099433214180,3.0,3.25,26,0.5699925547791888,nan,nan,305,1160,805,234
1.5,0.5,69,2,3681919099433214180,3.0,3.25,26,0.21471299670828212,nan,nan,305,1160,805,234
1.5,0.5,69,3,3681919099433214180,3.0,3.25,26,0.06646783939524682,nan,nan,305,1160,805,234
1.5,0.5,70,1,961404761228305170,3.0,3.25,26,0.6634473832833607,nan,nan,350,1314,901,235
1.5,0.5,70,2,961404761228305170,3.0,3.25,26,0.2991072061331458,nan,nan,350,1314,901,235
1.5,0.5,70,3,961404761228305170,3.0,3.25,26,0.10768340435092058,nan,nan,350,1314,901,235
1.5,0.5,71,1,5765226053941895791,3.0,3.25,26,0.594580191536095,nan,nan,425,1391,893,252
1.5,0.5,71,2,5765226053941895791,3.0,3.25,26,0.24369757644058734,nan,nan,425,1391,893,252
1.5,0.5,71,3,5765226053941895791,3.0,3.25,26,0.09332396153271226,nan,nan,425,1391,893,252
1.5,0.5,72,1,5510548780443160916,3.0,3.25,26,0.6345188877139681,nan,nan,392,1216,773,211
1.5,0.5,72,2,5510548780443160916,3.0,3.25,26,0.27697016246658773,nan,nan,392,1216,773,211
1.5,0.5,72,3,5510548780443160916,3.0,3.25,26,0.0748786182716315,nan,nan,392,1216,773,211
1.5,0.5,73,1,4521154298615432929,3.0,3.25,26,0.6105443765731594,nan,nan,304,1131,765,228
1.5,0.5,73,2,4521154298615432929,3.0,3.25,26,0.25832022334766047,nan,nan,304,1131,765,228
1.5,0.5,73,3,4521154298615432929,3.0,3.25,26,0.08251859727175136,nan,nan,304,1131,765,228
1.5,0.5,74,1,15176863471459968317,3.0,3.25,26,0.5413994472696664,nan,nan,317,1168,802,251
1.5,0.5,74,2,15176863471459968317,3.0,3.25,26,0.21167576964310875,nan,nan,317,1168,802,251
1.5,0.5,74,3,15176863471459968317,3.0,3.25,26,0.05816512413164142,nan,nan,317,1168,802,251
1.5,0.5,75,1,12058506291354186837,3.0,3.25,26,0.6018211448515294,nan,nan,317,1217,825,240
1.5,0.5,75,2,12058506291354186837,3.0,3.25,26,0.2674412017412946,nan,nan,317,1217,825,240
1.5,0.5,75,3,12058506291354186837,3.0,3.25,26,0.08732468234525706,nan,nan,317,1217,825,240
1.5,0.5,76,1,13843278540131889884,3.0,3.25,26,0.6170537541480685,nan,nan,396,1306,835,240
1.5,0.5,76,2,13843278540131889884,3.0,3.25,26,0.2684419762606644,nan,nan,396,1306,835,240
1.5,0.5,76,3,13843278540131889884,3.0,3.25,26,0.0786287888459525,nan,nan,396,1306,835,240
1.5,0.5,77,1,15726413956745958277,3.0,3.25,26,0.6609365580881053,nan,nan,391,1299,860,213
1.5,0.5,77,2,15726413956745958277,3.0,3.25,26,0.32809950312994063,nan,nan,391,1299,860,213
1.5,0.5,77,3,15726413956745958277,3.0,3.25,26,0.14382209871128698,nan,nan,391,1299,860,213
1.5,0.5,78,1,13283045000725573964,3.0,3.25,26,0.6164599754886547,nan,nan,419,1485,957,275
1.5,0.5,78,2,13283045000725573964,3.0,3.25,26,0.3026776564603951,nan,nan,419,1485,957,275
1.5,0.5,78,3,13283045000725573964,3.0,3.25,26,0.12247466306833939,nan,nan,419,1485,957,275
1.5,0.5,79,1,8128373300491701198,3.0,3.25,26,0.5817397658104515,nan,nan,308,1134,777,243
1.5,0.5,79,2,8128373300491701198,3.0,3.25,26,0.22956628207271568,nan,nan,308,1134,777,243
1.5,0.5,79,3,8128373300491701198,3.0,3.25,26,0.07926912143149617,nan,nan,308,1134,777,243
1.5,0.5,80,1,2010213811076479830,3.0,3.25,26,0.6141361773808683,nan,nan,317,1150,786,207
1.5,0.5,80,2,2010213811076479830,3.0,3.25,26,0.26109210710185604,nan,nan,317,1150,786,207
1.5,0.5,80,3,2010213811076479830,3.0,3.25,26,0.07954657417395546,nan,nan,317,1150,786,207
1.5,0.5,81,1,337963701007387933,3.0,3.25,26,0.6125204029494303,nan,nan,328,1180,772,248
1.5,0.5,81,2,337963701007387933,3.0,3.25,26,0.291605363927088,nan,nan,328,1180,772,248
1.5,0.5,81,3,337963701007387933,3.0,3.25,26,0.11338066440949582,nan,nan,328,1180,772,248
1.5,0.5,82,1,11326975455526033092,3.0,3.25,26,0.626898134581109,nan,nan,228,919,673,192
1.5,0.5,82,2,11326975455526033092,3.0,3.25,26,0.2522343894346052,nan,nan,228,919,673,192
1.5,0.5,82,3,11326975455526033092,3.0,3.25,26,0.09251577017645762,nan,nan,228,919,673,192
1.5,0.5,83,1,5141239834874044717,3.0,3.25,26,0.5946506815868451,nan,nan,350,1289,865,234
1.5,0.5,83,2,5141239834874044717,3.0,3.25,26,0.2611400428064735,nan,nan,350,1289,865,234
1.5,0.5,83,3,5141239834874044717,3.0,3.25,26,0.07099384988166367,nan,nan,350,1289,865,234
1.5,0.5,84,1,11533640452645811964,3.0,3.25,26,0.6169010583296655,nan,nan,324,1114,742,217
1.5,0.5,84,2,11533640452645811964,3.0,3.25,26,0.253969759022837,nan,nan,324,1114,742,217
1.5,0.5,84,3,11533640452645811964,3.0,3.25,26,0.07562070719714077,nan,nan,324,1114,742,217
1.5,0.5,85,1,4999777874196292513,3.0,3.25,26,0.5983961643489926,nan,nan,340,1200,782,243
1.5,0.5,85,2,4999777874196292513,3.0,3.25,26,0.26093206740544617,nan,nan,340,1200,782,243
1.5,0.5,85,3,4999777874196292513,3.0,3.25,26,0.07874954314175234,nan,nan,340,1200,782,243
1.5,0.5,86,1,16670351527984172479,3.0,3.25,26,0.6212002704200239,nan,nan,274,993,700,186
1.5,0.5,86,2,16670351527984172479,3.0,3.25,26,0.2832946915601261,nan,nan,274,993,700,186
1.5,0.5,86,3,16670351527984172479,3.0,3.25,26,0.0782826245051193,nan,nan,274,993,700,186
1.5,0.5,87,1,8739538103677298030,3.0,3.25,26,0.6240363473831153,nan,nan,333,1219,819,228
1.5,0.5,87,2,8739538103677298030,3.0,3.25,26,0.28426048438143103,nan,nan,333,1219,819,228
1.5,0.5,87,3,8739538103677298030,3.0,3.25,26,0.10381327211917885,nan,nan,333,1219,819,228
1.5,0.5,88,1,3871981637868847665,3.0,3.25,26,0.678896486865703,nan,nan,418,1322,860,219
1.5,0.5,88,2,3871981637868847665,3.0,3.25,26,0.3514896723160591,nan,nan,418,1322,860,219
1.5,0.5,88,3,3871981637868847665,3.0,3.25,26,0.12807046300588337,nan,nan,418,1322,860,219
1.5,0.5,89,1,17054284986042346268,3.0,3.25,26,0.6026551675212978,nan,nan,399,1437,968,264
1.5,0.5,89,2,17054284986042346268,3.0,3.25,26,0.2528108264676765,nan,nan,399,1437,968,264
1.5,0.5,89,3,17054284986042346268,3.0,3.25,26,0.09431876706023011,nan,nan,399,1437,968,264
1.5,0.5,90,1,673032001429200825,3.0,3.25,26,0.6146937238818169,nan,nan,487,1573,969,309
1.5,0.5,90,2,673032001429200825,3.0,3.25,26,0.24959975101776388,nan,nan,487,1573,969,309
1.5,0.5,90,3,673032001429200825,3.0,3.25,26,0.0827996839827372,nan,nan,487,1573,969,309
1.5,0.5,91,1,1310979781767741706,3.0,3.25,26,0.5913346331522032,nan,nan,271,1033,742,200
1.5,0.5,91,2,1310979781767741706,3.0,3.25,26,0.252490644364777,nan,nan,271,1033,742,200
1.5,0.5,91,3,1310979781767741706,3.0,3.25,26,0.0996188060951321,nan,nan,271,1033,742,200
1.5,0.5,92,1,13951849125777244453,3.0,3.25,26,0.576991764646757,nan,nan,282,1031,733,191
1.5,0.5,92,2,13951849125777244453,3.0,3.25,26,0.2468656456547313,nan,nan,282,1031,733,191
1.5,0.5,92,3,13951849125777244453,3.0,3.25,26,0.0693179569695429,nan,nan,282,1031,733,191
1.5,0.5,93,1,2978768647527304324,3.0,3.25,26,0.6218145565359839,nan,nan,290,1079,749,203
1.5,0.5,93,2,2978768647527304324,3.0,3.25,26,0.2511127579601721,nan,nan,290,1079,749,203
1.5,0.5,93,3,2978768647527304324,3.0,3.25,26,0.07077235225858168,nan,nan,290,1079,749,203
1.5,0.5,94,1,17583770149761987570,3.0,3.25,26,0.6472895654390757,nan,nan,368,1226,811,221
1.5,0.5,94,2,17583770149761987570,3.0,3.25,26,0.33215470655532536,nan,nan,368,1226,811,221
1.5,0.5,94,3,17583770149761987570,3.0,3.25,26,0.11296859579814135,nan,nan,368,1226,811,221
1.5,0.5,95,1,6930202269017438329,3.0,3.25,26,0.595071639467544,nan,nan,342,1201,820,199
1.5,0.5,95,2,6930202269017438329,3.0,3.25,26,0.23905405463991894,nan,nan,342,1201,820,199
1.5,0.5,95,3,6930202269017438329,3.0,3.25,26,0.06577180009916697,nan,nan,342,1201,820,199
1.5,0.5,96,1,11384266348916982564,3.0,3.25,26,0.6869119249143721,nan,nan,407,1249,797,206
1.5,0.5,96,2,11384266348916982564,3.0,3.25,26,0.36135811443594934,nan,nan,407,1249,797,206
1.5,0.5,96,3,11384266348916982564,3.0,3.25,26,0.14235134770364224,nan,nan,407,1249,797,206
1.5,0.5,97,1,8346040334150710372,3.0,3.25,26,0.536367161229604,nan,nan,230,900,671,165
1.5,0.5,97,2,8346040334150710372,3.0,3.25,26,0.19026220698137378,nan,nan,230,900,671,165
1.5,0.5,97,3,8346040334150710372,3.0,3.25,26,0.04917102197431551,nan,nan,230,900,671,165
1.5,0.5,98,1,15315952038549210444,3.0,3.25,26,0.5944044035601681,nan,nan,369,1396,931,258
1.5,0.5,98,2,15315952038549210444,3.0,3.25,26,0.24679650090877098,nan,nan,369,1396,931,258
1.5,0.5,98,3,15315952038549210444,3.0,3.25,26,0.06048414878622755,nan,nan,369,1396,931,258
1.5,0.5,99,1,10264720252678891042,3.0,3.25,26,0.5630449452950063,nan,nan,238,943,693,193
1.5,0.5,99,2,10264720252678891042,3.0,3.25,26,0.22451848941167485,nan,nan,238,943,693,193
1.5,0.5,99,3,10264720252678891042,3.0,3.25,26,0.07980782824255368,nan,nan,238,943,693,193
1.5,0.5,100,1,16618555116894730567,3.0,3.25,26,0.6090543724464639,nan,nan,310,1151,804,212
1.5,0.5,100,2,16618555116894730567,3.0,3.25,26,0.26480401605501125,nan,nan,310,1151,804,212
1.5,0.5,100,3,16618555116894730567,3.0,3.25,26,0.08815397838688487,nan,nan,310,1151,804,212
1.5,0.5,101,1,219518479741920061,3.0,3.25,26,0.601146807159793,nan,nan,323,1240,841,240
1.5,0.5,101,2,219518479741920061,3.0,3.25,26,0.25475383139895497,nan,nan,323,1240,841,240
1.5,0.5,101,3,219518479741920061,3.0,3.25,26,0.07785759537226228,nan,nan,323,1240,841,240
1.5,0.5,102,1,4205560366976931511,3.0,3.25,26,0.6738964053823369,nan,nan,375,1171,756,208
1.5,0.5,102,2,4205560366976931511,3.0,3.25,26,0.34675007520792267,nan,nan,375,1171,756,208
1.5,0.5,102,3,4205560366976931511,3.0,3.25,26,0.12796364007941058,nan,nan,375,1171,756,208
1.5,0.5,103,1,6410362663873730868,3.0,3.25,26,0.6286995134470575,nan,nan,423,1399,894,254
1.5,0.5,103,2,6410362663873730868,3.0,3.25,26,0.27322008456396,nan,nan,423,1399,894,254
1.5,0.5,103,3,6410362663873730868,3.0,3.25,26,0.08471309692084744,nan,nan,423,1399,894,254
1.5,0.5,104,1,3473362748955024769,3.0,3.25,26,0.6475363092518109,nan,nan,417,1366,865,244
1.5,0.5,104,2,3473362748955024769,3.0,3.25,26,0.2875168260805793,nan,nan,417,1366,865,244
1.5,0.5,104,3,3473362748955024769,3.0,3.25,26,0.08708420362741472,nan,nan,417,1366,865,244
1.5,0.5,105,1,17964624796561223692,3.0,3.25,26,0.6517695833597575,nan,nan,340,1166,779,216
1.5,0.5,105,2,17964624796561223692,3.0,3.25,26,0.28716319363748216,nan,nan,340,1166,779,216
1.5,0.5,105,3,17964624796561223692,3.0,3.25,26,0.08390822812194024,nan,nan,340,1166,779,216
1.5,0.5,106,1,4501951603725417278,3.0,3.25,26,0.6038508664173485,nan,nan,291,1103,782,203
1.5,0.5,106,2,4501951603725417278,3.0,3.25,26,0.27260654973710535,nan,nan,291,1103,782,203
1.5,0.5,106,3,4501951603725417278,3.0,3.25,26,0.0930620631637476,nan,nan,291,1103,782,203
1.5,0.5,107,1,16895864239082607090,3.0,3.25,26,0.6235907989268041,nan,nan,367,1298,846,249
1.5,0.5,107,2,16895864239082607090,3.0,3.25,26,0.2876299608748766,nan,nan,367,1298,846,249
1.5,0.5,107,3,16895864239082607090,3.0,3.25,26,0.08646502154925874,nan,nan,367,1298,846,249
1.5,0.5,108,1,10925800504484173248,3.0,3.25,26,0.5788839786245892,nan,nan,358,1336,879,265
1.5,0.5,108,2,10925800504484173248,3.0,3.25,26,0.2391652354002545,nan,nan,358,1336,879,265
1.5,0.5,108,3,10925800504484173248,3.0,3.25,26,0.08507650632792099,nan,nan,358,1336,879,265
1.5,0.5,109,1,1681954211305491088,3.0,3.25,26,0.6309213645202932,nan,nan,361,1226,794,235
1.5,0.5,109,2,1681954211305491088,3.0,3.25,26,0.24717725450922792,nan,nan,361,1226,794,235
1.5,0.5,109,3,1681954211305491088,3.0,3.25,26,0.08401288096041468,nan,nan,361,1226,794,235
1.5,0.5,110,1,4791384629082312176,3.0,3.25,26,0.6252689939184535,nan,nan,357,1165,755,225
1.5,0.5,110,2,4791384629082312176,3.0,3.25,26,0.25984174225197554,nan,nan,357,1165,755,225
1.5,0.5,110,3,4791384629082312176,3.0,3.25,26,0.08928212961333155,nan,nan,357,1165,755,225
1.5,0.5,111,1,1911801359508357074,3.0,3.25,26,0.6423331119155449,nan,nan,427,1303,822,228
1.5,0.5,111,2,1911801359508357074,3.0,3.25,26,0.29720838674475947,nan,nan,427,1303,822,228
1.5,0.5,111,3,1911801359508357074,3.0,3.25,26,0.0938173888998117,nan,nan,427,1303,822,228
1.5,0.5,112,1,18272419920864430239,3.0,3.25,26,0.5986657230535857,nan,nan,383,1294,858,238
1.5,0.5,112,2,18272419920864430239,3.0,3.25,26,0.24517119953481742,nan,nan,383,1294,858,238
1.5,0.5,112,3,18272419920864430239,3.0,3.25,26,0.07697219511295968,nan,nan,383,1294,858,238
1.5,0.5,113,1,9855452206661878966,3.0,3.25,26,0.6325574176714412,nan,nan,336,1272,838,264
1.5,0.5,113,2,9855452206661878966,3.0,3.25,26,0.2637245952981589,nan,nan,336,1272,838,264
1.5,0.5,113,3,9855452206661878966,3.0,3.25,26,0.08639643168265053,nan,nan,336,1272,838,264
1.5,0.5,114,1,9026061865916593382,3.0,3.25,26,0.5813808200039017,nan,nan,272,1095,752,238
1.5,0.5,114,2,9026061865916593382,3.0,3.25,26,0.21856307085782894,nan,nan,272,1095,752,238
1.5,0.5,114,3,9026061865916593382,3.0,3.25,26,0.06683845073544675,nan,nan,272,1095,752,238
1.5,0.5,115,1,14682707771722553968,3.0,3.25,26,0.612074576440188,nan,nan,347,1344,908,249
1.5,0.5,115,2,14682707771722553968,3.0,3.25,26,0.2760392805780044,nan,nan,347,1344,908,249
1.5,0.5,115,3,14682707771722553968,3.0,3.25,26,0.09841924799243919,nan,nan,347,1344,908,249
1.5,0.5,116,1,16781556161702610100,3.0,3.25,26,0.6118638451690417,nan,nan,493,1570,961,287
1.5,0.5,116,2,16781556161702610100,3.0,3.25,26,0.27486915561632724,nan,nan,493,1570,961,287
1.5,0.5,116,3,16781556161702610100,3.0,3.25,26,0.09052120045636783,nan,nan,493,1570,961,287
1.5,0.5,117,1,10663023161058404405,3.0,3.25,26,0.6538894182914098,nan,nan,340,1108,740,192
1.5,0.5,117,2,10663023161058404405,3.0,3.25,26,0.3222339795138953,nan,nan,340,1108,740,192
1.5,0.5,117,3,10663023161058404405,3.0,3.25,26,0.12335781264057541,nan,nan,340,1108,740,192
1.5,0.5,118,1,10978860323009494912,3.0,3.25,26,0.63034669196313,nan,nan,380,1271,848,229
1.5,0.5,118,2,10978860323009494912,3.0,3.25,26,0.2976583535113447,nan,nan,380,1271,848,229
1.5,0.5,118,3,10978860323009494912,3.0,3.25,26,0.1087546636118191,nan,nan,380,1271,848,229
1.5,0.5,119,1,12992070629440048606,3.0,3.25,26,0.6226751413536561,nan,nan,364,1299,857,238
1.5,0.5,119,2,12992070629440048606,3.0,3.25,26,0.2750783433226517,nan,nan,364,1299,857,238
1.5,0.5,119,3,12992070629440048606,3.0,3.25,26,0.0906135911990227,nan,nan,364,1299,857,238
1.5,0.75,0,1,5932923443222189156,3.0,3.25,26,0.6566930892375556,nan,nan,325,1285,789,339
1.5,0.75,0,2,5932923443222189156,3.0,3.25,26,0.2888543964074152,nan,nan,325,1285,789,339
1.5,0.75,0,3,5932923443222189156,3.0,3.25,26,0.09229537259842163,nan,nan,325,1285,789,339
1.5,0.75,1,1,12365888679936392014,3.0,3.25,26,0.6047919579940366,nan,nan,208,850,610,236
1.5,0.75,1,2,12365888679936392014,3.0,3.25,26,0.23705619376118303,nan,nan,208,850,610,236
1.5,0.75,1,3,12365888679936392014,3.0,3.25,26,0.10027635176712296,nan,nan,208,850,610,236
1.5,0.75,2,1,6801961616123679980,3.0,3.25,26,0.6440205316527081,nan,nan,264,1110,706,311
1.5,0.75,2,2,6801961616123679980,3.0,3.25,26,0.31103573674138113,nan,nan,264,1110,706,311
1.5,0.75,2,3,6801961616123679980,3.0,3.25,26,0.11648869634386229,nan,nan,264,1110,706,311
1.5,0.75,3,1,7217674150593207585,3.0,3.25,26,0.64752414030494,nan,nan,230,909,625,262
1.5,0.75,3,2,7217674150593207585,3.0,3.25,26,0.33059166370805254,nan,nan,230,909,625,262
1.5,0.75,3,3,7217674150593207585,3.0,3.25,26,0.11679574079181149,nan,nan,230,909,625,262
1.5,0.75,4,1,2631900772269781200,3.0,3.25,26,0.64992416257074,nan,nan,271,1123,727,333
1.5,0.75,4,2,2631900772269781200,3.0,3.25,26,0.33038776339630105,nan,nan,271,1123,727,333
1.5,0.75,4,3,2631900772269781200,3.0,3.25,26,0.13799092421509965,nan,nan,271,1123,727,333
1.5,0.75,5,1,13759084535721523190,3.0,3.25,26,0.6001460601219316,nan,nan,244,1004,675,268
1.5,0.75,5,2,13759084535721523190,3.0,3.25,26,0.21566554952810005,nan,nan,244,1004,675,268
1.5,0.75,5,3,13759084535721523190,3.0,3.25,26,0.04364784792646582,nan,nan,244,1004,675,268
1.5,0.75,6,1,7043106663149045899,3.0,3.25,26,0.633706918330254,nan,nan,203,929,629,300
1.5,0.75,6,2,7043106663149045899,3.0,3.25,26,0.3044834453441717,nan,nan,203,929,629,300
1.5,0.75,6,3,7043106663149045899,3.0,3.25,26,0.09315326290910744,nan,nan,203,929,629,300
1.5,0.75,7,1,5070690838905479853,3.0,3.25,26,0.6176071080004525,nan,nan,196,841,595,236
1.5,0.75,7,2,5070690838905479853,3.0,3.25,26,0.29539741196387576,nan,nan,196,841,595,236
1.5,0.75,7,3,5070690838905479853,3.0,3.25,26,0.12742502659170613,nan,nan,196,841,595,236
1.5,0.75,8,1,7959161787499069769,3.0,3.25,26,0.614660352309172,nan,nan,242,1038,672,297
1.5,0.75,8,2,7959161787499069769,3.0,3.25,26,0.2731758748480152,nan,nan,242,1038,672,297
1.5,0.75,8,3,7959161787499069769,3.0,3.25,26,0.0988264868745785,nan,nan,242,1038,672,297
1.5,0.75,9,1,3941272512895928387,3.0,3.25,26,0.6235318677932837,nan,nan,235,982,653,263
1.5,0.75,9,2,3941272512895928387,3.0,3.25,26,0.2537218558373002,nan,nan,235,982,653,263
1.5,0.75,9,3,3941272512895928387,3.0,3.25,26,0.06354724345087584,nan,nan,235,982,653,263
1.5,0.75,10,1,14955950573856359097,3.0,3.25,26,0.6054034603589363,nan,nan,263,1021,696,290
1.5,0.75,10,2,14955950573856359097,3.0,3.25,26,0.24897316300901018,nan,nan,263,1021,696,290
1.5,0.75,10,3,14955950573856359097,3.0,3.25,26,0.077811718372361,nan,nan,263,1021,696,290
1.5,0.75,11,1,9416937606579938172,3.0,3.25,26,0.6181033487041208,nan,nan,238,984,637,284
1.5,0.75,11,2,9416937606579938172,3.0,3.25,26,0.2761154948290053,nan,nan,238,984,637,284
1.5,0.75,11,3,9416937606579938172,3.0,3.25,26,0.08785661617338822,nan,nan,238,984,637,284
1.5,0.75,12,1,13091946787802723650,3.0,3.25,26,0.6357492319562609,nan,nan,215,890,608,245
1.5,0.75,12,2,13091946787802723650,3.0,3.25,26,0.2671579579549316,nan,nan,215,890,608,245
1.5,0.75,12,3,13091946787802723650,3.0,3.25,26,0.08841256675528722,nan,nan,215,890,608,245
1.5,0.75,13,1,17933168626050153005,3.0,3.25,26,0.635958024044895,nan,nan,229,907,657,230
1.5,0.75,13,2,17933168626050153005,3.0,3.25,26,0.3001686825396018,nan,nan,229,907,657,230
1.5,0.75,13,3,17933168626050153005,3.0,3.25,26,0.11749831125354562,nan,nan,229,907,657,230
1.5,0.75,14,1,8622990476854588386,3.0,3.25,26,0.6088921400260766,nan,nan,255,1029,674,308
1.5,0.75,14,2,8622990476854588386,3.0,3.25,26,0.265105393664937,nan,nan,255,1029,674,308
1.5,0.75,14,3,8622990476854588386,3.0,3.25,26,0.07800648624181693,nan,nan,255,1029,674,308
1.5,0.75,15,1,6600703716874855456,3.0,3.25,26,0.6510236447890627,nan,nan,246,1044,662,302
1.5,0.75,15,2,6600703716874855456,3.0,3.25,26,0.2832095705694725,nan,nan,246,1044,662,302
1.5,0.75,15,3,6600703716874855456,3.0,3.25,26,0.11662873270396595,nan,nan,246,1044,662,302
1.5,0.75,16,1,2169251296973261854,3.0,3.25,26,0.6452247340003363,nan,nan,273,1126,725,310
1.5,0.75,16,2,2169251296973261854,3.0,3.25,26,0.2964477863445263,nan,nan,273,1126,725,310
1.5,0.75,16,3,2169251296973261854,3.0,3.25,26,0.1089934427907576,nan,nan,273,1126,725,310
1.5,0.75,17,1,17510942728994008725,3.0,3.25,26,0.5716656127268365,nan,nan,232,1002,675,283
1.5,0.75,17,2,17510942728994008725,3.0,3.25,26,0.24389003138010526,nan,nan,232,1002,675,283
1.5,0.75,17,3,17510942728994008725,3.0,3.25,26,0.058923795057280175,nan,nan,232,1002,675,283
1.5,0.75,18,1,14634514270952451515,3.0,3.25,26,0.5934687506589024,nan,nan,212,866,629,249
1.5,0.75,18,2,14634514270952451515,3.0,3.25,26,0.2700166807002286,nan,nan,212,866,629,249
1.5,0.75,18,3,14634514270952451515,3.0,3.25,26,0.08917190699086228,nan,nan,212,866,629,249
1.5,0.75,19,1,13358899871143041299,3.0,3.25,26,0.6349973244201574,nan,nan,245,1007,667,264
1.5,0.75,19,2,13358899871143041299,3.0,3.25,26,0.3191757788826275,nan,nan,245,1007,667,264
1.5,0.75,19,3,13358899871143041299,3.0,3.25,26,0.13798629113477812,nan,nan,245,1007,667,264
1.5,0.75,20,1,8819032689375353148,3.0,3.25,26,0.6109021803758863,nan,nan,262,1133,742,300
1.5,0.75,20,2,8819032689375353148,3.0,3.25,26,0.2626506470473081,nan,nan,262,1133,742,300
1.5,0.75,20,3,8819032689375353148,3.0,3.25,26,0.09942231842355961,nan,nan,262,1133,742,300
1.5,0.75,21,1,5715822160781336912,3.0,3.25,26,0.6600707510452077,nan,nan,292,1094,695,279
1.5,0.75,21,2,5715822160781336912,3.0,3.25,26,0.3217624912238484,nan,nan,292,1094,695,279
1.5,0.75,21,3,5715822160781336912,3.0,3.25,26,0.10488492539475812,nan,nan,292,1094,695,279
1.5,0.75,22,1,6776884460292828877,3.0,3.25,26,0.6573018948905209,nan,nan,221,942,625,263
1.5,0.75,22,2,6776884460292828877,3.0,3.25,26,0.29888536071647664,nan,nan,221,942,625,263
1.5,0.75,22,3,6776884460292828877,3.0,3.25,26,0.10789466625554349,nan,nan,221,942,625,263
1.5,0.75,23,1,8524821599349192664,3.0,3.25,26,0.5955358931248808,nan,nan,226,887,605,246
1.5,0.75,23,2,8524821599349192664,3.0,3.25,26,0.27233829623226463,nan,nan,226,887,605,246
1.5,0.75,23,3,8524821599349192664,3.0,3.25,26,0.10473880649651393,nan,nan,226,887,605,246
1.5,0.75,24,1,9691234958492939151,3.0,3.25,26,0.607133760183143,nan,nan,268,1039,687,302
1.5,0.75,24,2,9691234958492939151,3.0,3.25,26,0.23057197058962442,nan,nan,268,1039,687,302
1.5,0.75,24,3,9691234958492939151,3.0,3.25,26,0.06271325795258394,nan,nan,268,1039,687,302
1.5,0.75,25,1,17909696080480369305,3.0,3.25,26,0.6204842576053896,nan,nan,248,1090,736,295
1.5,0.75,25,2,17909696080480369305,3.0,3.25,26,0.23311686812133717,nan,nan,248,1090,736,295
1.5,0.75,25,3,17909696080480369305,3.0,3.25,26,0.06980440912339772,nan,nan,248,1090,736,295
1.5,0.75,26,1,4122304418779071818,3.0,3.25,26,0.7115968755822747,nan,nan,242,929,606,245
1.5,0.75,26,2,4122304418779071818,3.0,3.25,26,0.3571185145218194,nan,nan,242,929,606,245
1.5,0.75,26,3,4122304418779071818,3.0,3.25,26,0.13651366208528032,nan,nan,242,929,606,245
1.5,0.75,27,1,470790818915126642,3.0,3.25,26,0.6586778323833905,nan,nan,205,736,539,200
1.5,0.75,27,2,470790818915126642,3.0,3.25,26,0.288130658673527,nan,nan,205,736,539,200
1.5,0.75,27,3,470790818915126642,3.0,3.25,26,0.11208467946269712,nan,nan,205,736,539,200
1.5,0.75,28,1,8370266051755693304,3.0,3.25,26,0.6569867839919213,nan,nan,285,1191,744,352
1.5,0.75,28,2,8370266051755693304,3.0,3.25,26,0.309610053793865,nan,nan,285,1191,744,352
1.5,0.75,28,3,8370266051755693304,3.0,3.25,26,0.1178528402868563,nan,nan,285,1191,744,352
1.5,0.75,29,1,9104916799517972214,3.0,3.25,26,0.603526944360043,nan,nan,212,830,578,271
1.5,0.75,29,2,9104916799517972214,3.0,3.25,26,0.25635187298628276,nan,nan,212,830,578,271
1.5,0.75,29,3,9104916799517972214,3.0,3.25,26,0.09051379461632142,nan,nan,212,830,578,271
1.5,0.75,30,1,2495147863455525637,3.0,3.25,26,0.5814140831071051,nan,nan,180,793,561,220
1.5,0.75,30,2,2495147863455525637,3.0,3.25,26,0.2227723612433517,nan,nan,180,793,561,220
1.5,0.75,30,3,2495147863455525637,3.0,3.25,26,0.045120532034195124,nan,nan,180,793,561,220
1.5,0.75,31,1,16941340742550905572,3.0,3.25,26,0.5941984752848064,nan,nan,209,899,618,272
1.5,0.75,31,2,16941340742550905572,3.0,3.25,26,0.18009117323044105,nan,nan,209,899,618,272
1.5,0.75,31,3,16941340742550905572,3.0,3.25,26,0.04639426480430564,nan,nan,209,899,618,272
1.5,0.75,32,1,10648731770930328062,3.0,3.25,26,0.6921031268975735,nan,nan,183,778,561,205
1.5,0.75,32,2,10648731770930328062,3.0,3.25,26,0.3321189255587358,nan,nan,183,778,561,205
1.5,0.75,32,3,10648731770930328062,3.0,3.25,26,0.11279136235461269,nan,nan,183,778,561,205
1.5,0.75,33,1,4804925723826890819,3.0,3.25,26,0.6322822542247895,nan,nan,225,985,649,271
1.5,0.75,33,2,4804925723826890819,3.0,3.25,26,0.30318147710234267,nan,nan,225,985,649,271
1.5,0.75,33,3,4804925723826890819,3.0,3.25,26,0.08483528585070808,nan,nan,225,985,649,271
1.5,0.75,34,1,6284796019781037016,3.0,3.25,26,0.6179441855081662,nan,nan,239,983,665,275
1.5,0.75,34,2,6284796019781037016,3.0,3.25,26,0.29265490856842363,nan,nan,239,983,665,275
1.5,0.75,34,3,6284796019781037016,3.0,3.25,26,0.09893378497863627,nan,nan,239,983,665,275
1.5,0.75,35,1,7982130060766603822,3.0,3.25,26,0.6389582666582323,nan,nan,226,920,605,257
1.5,0.75,35,2,7982130060766603822,3.0,3.25,26,0.30647359377896327,nan,nan,226,920,605,257
1.5,0.75,35,3,7982130060766603822,3.0,3.25,26,0.12891230405870227,nan,nan,226,920,605,257
1.5,0.75,36,1,11995596719551287027,3.0,3.25,26,0.634547416920097,nan,nan,206,860,593,241
1.5,0.75,36,2,11995596719551287027,3.0,3.25,26,0.2965131862750483,nan,nan,206,860,593,241
1.5,0.75,36,3,11995596719551287027,3.0,3.25,26,0.10920698379895843,nan,nan,206,860,593,241
1.5,0.75,37,1,11830367686237248425,3.0,3.25,26,0.5966519360294998,nan,nan,219,911,629,244
1.5,0.75,37,2,11830367686237248425,3.0,3.25,26,0.2830750228076717,nan,nan,219,911,629,244
1.5,0.75,37,3,11830367686237248425,3.0,3.25,26,0.14120362230692082,nan,nan,219,911,629,244
1.5,0.75,38,1,2813198905733905394,3.0,3.25,26,0.6074747270228777,nan,nan,290,1220,792,325
1.5,0.75,38,2,2813198905733905394,3.0,3.25,26,0.2602572348044287,nan,nan,290,1220,792,325
1.5,0.75,38,3,2813198905733905394,3.0,3.25,26,0.10769481416418669,nan,nan,290,1220,792,325
1.5,0.75,39,1,15719909771996955579,3.0,3.25,26,0.5789977213231651,nan,nan,219,928,634,272
1.5,0.75,39,2,15719909771996955579,3.0,3.25,26,0.2502773760713063,nan,nan,219,928,634,272
1.5,0.75,39,3,15719909771996955579,3.0,3.25,26,0.06687280281674397,nan,nan,219,928,634,272
1.5,0.75,40,1,9974919919036777217,3.0,3.25,26,0.6270473395125342,nan,nan,225,953,618,280
1.5,0.75,40,2,9974919919036777217,3.0,3.25,26,0.23529930671683685,nan,nan,225,953,618,280
1.5,0.75,40,3,9974919919036777217,3.0,3.25,26,0.058939453487716814,nan,nan,225,953,618,280
1.5,0.75,41,1,4698992587015706134,3.0,3.25,26,0.6118674348809761,nan,nan,208,809,576,234
1.5,0.75,41,2,4698992587015706134,3.0,3.25,26,0.22566702756649643,nan,nan,208,809,576,234
1.5,0.75,41,3,4698992587015706134,3.0,3.25,26,0.07346676860737736,nan,nan,208,809,576,234
1.5,0.75,42,1,1235752123997688455,3.0,3.25,26,0.6988495981546279,nan,nan,227,891,607,228
1.5,0.75,42,2,1235752123997688455,3.0,3.25,26,0.363087542465298,nan,nan,227,891,607,228
1.5,0.75,42,3,1235752123997688455,3.0,3.25,26,0.17742472416935315,nan,nan,227,891,607,228
1.5,0.75,43,1,15366225966346384153,3.0,3.25,26,0.6101403533342483,nan,nan,243,1003,650,288
1.5,0.75,43,2,15366225966346384153,3.0,3.25,26,0.2785022075818671,nan,nan,243,1003,650,288
1.5,0.75,43,3,15366225966346384153,3.0,3.25,26,0.09982699995780858,nan,nan,243,1003,650,288
1.5,0.75,44,1,12233082128947800714,3.0,3.25,26,0.5605220182293394,nan,nan,222,914,633,277
1.5,0.75,44,2,12233082128947800714,3.0,3.25,26,0.259279571687852,nan,nan,222,914,633,277
1.5,0.75,44,3,12233082128947800714,3.0,3.25,26,0.09149527055338075,nan,nan,222,914,633,277
1.5,0.75,45,1,16504037301187007565,3.0,3.25,26,0.6756266442130822,nan,nan,236,939,620,252
1.5,0.75,45,2,16504037301187007565,3.0,3.25,26,0.3281870531982633,nan,nan,236,939,620,252
1.5,0.75,45,3,16504037301187007565,3.0,3.25,26,0.11923754704588065,nan,nan,236,939,620,252
1.5,0.75,46,1,12827100049449801717,3.0,3.25,26,0.6648793002308051,nan,nan,231,953,643,258
1.5,0.75,46,2,12827100049449801717,3.0,3.25,26,0.3001247317982228,nan,nan,231,953,643,258
1.5,0.75,46,3,12827100049449801717,3.0,3.25,26,0.10525208644234937,nan,nan,231,953,643,258
1.5,0.75,47,1,18394251679762510931,3.0,3.25,26,0.6312302962908467,nan,nan,279,1191,762,338
1.5,0.75,47,2,18394251679762510931,3.0,3.25,26,0.2510769810905424,nan,nan,279,1191,762,338
1.5,0.75,47,3,18394251679762510931,3.0,3.25,26,0.05399951965045629,nan,nan,279,1191,762,338
1.5,0.75,48,1,17134974902326972326,3.0,3.25,26,0.5700846575223371,nan,nan,290,1174,754,330
1.5,0.75,48,2,17134974902326972326,3.0,3.25,26,0.21408886813548114,nan,nan,290,1174,754,330
1.5,0.75,48,3,17134974902326972326,3.0,3.25,26,0.04874711169063427,nan,nan,290,1174,754,330
1.5,0.75,49,1,16257009584937425389,3.0,3.25,26,0.6466420484372518,nan,nan,240,1026,681,284
1.5,0.75,49,2,16257009584937425389,3.0,3.25,26,0.35138736743758503,nan,nan,240,1026,681,284
1.5,0.75,49,3,16257009584937425389,3.0,3.25,26,0.11764520602208657,nan,nan,240,1026,681,284
1.5,0.75,50,1,6609610022092211899,3.0,3.25,26,0.6276119129433579,nan,nan,201,761,544,228
1.5,0.75,50,2,6609610022092211899,3.0,3.25,26,0.24177627433380808,nan,nan,201,761,544,228
1.5,0.75,50,3,6609610022092211899,3.0,3.25,26,0.07512487524010014,nan,nan,201,761,544,228
1.5,0.75,51,1,8665114399808530932,3.0,3.25,26,0.6366586617314984,nan,nan,303,1237,757,364
1.5,0.75,51,2,8665114399808530932,3.0,3.25,26,0.26264916072074246,nan,nan,303,1237,757,364
1.5,0.75,51,3,8665114399808530932,3.0,3.25,26,0.06765008311835151,nan,nan,303,1237,757,364
1.5,0.75,52,1,8529907684121735505,3.0,3.25,26,0.6159197484761644,nan,nan,227,1022,677,285
1.5,0.75,52,2,8529907684121735505,3.0,3.25,26,0.26019744176644266,nan,nan,227,1022,677,285
1.5,0.75,52,3,8529907684121735505,3.0,3.25,26,0.10251449838230602,nan,nan,227,1022,677,285
1.5,0.75,53,1,822734263297723754,3.0,3.25,26,0.6168136120084872,nan,nan,216,812,562,206
1.5,0.75,53,2,822734263297723754,3.0,3.25,26,0.26199889911579527,nan,nan,216,812,562,206
1.5,0.75,53,3,822734263297723754,3.0,3.25,26,0.07988183852410982,nan,nan,216,812,562,206
1.5,0.75,54,1,8286821488998104839,3.0,3.25,26,0.6321664536622015,nan,nan,265,1028,686,290
1.5,0.75,54,2,8286821488998104839,3.0,3.25,26,0.30059771343271335,nan,nan,265,1028,686,290
1.5,0.75,54,3,8286821488998104839,3.0,3.25,26,0.11625329601204223,nan,nan,265,1028,686,290
1.5,0.75,55,1,15999632654110973539,3.0,3.25,26,0.6877713778305635,nan,nan,226,886,579,247
1.5,0.75,55,2,15999632654110973539,3.0,3.25,26,0.3970054479304379,nan,nan,226,886,579,247
1.5,0.75,55,3,15999632654110973539,3.0,3.25,26,0.19495749492421457,nan,nan,226,886,579,247
1.5,0.75,56,1,10183436846228999731,3.0,3.25,26,0.6135581409324762,nan,nan,212,882,594,260
1.5,0.75,56,2,10183436846228999731,3.0,3.25,26,0.31060242887549677,nan,nan,212,882,594,260
1.5,0.75,56,3,10183436846228999731,3.0,3.25,26,0.12124701619593671,nan,nan,212,882,594,260
1.5,0.75,57,1,14088285043627497897,3.0,3.25,26,0.6113225158259862,nan,nan,198,701,530,203
1.5,0.75,57,2,14088285043627497897,3.0,3.25,26,0.19784214350295123,nan,nan,198,701,530,203
1.5,0.75,57,3,14088285043627497897,3.0,3.25,26,0.03922356249371272,nan,nan,198,701,530,203
1.5,0.75,58,1,14608600042198829074,3.0,3.25,26,0.5917861957701197,nan,nan,251,986,660,267
1.5,0.75,58,2,14608600042198829074,3.0,3.25,26,0.29255087343872294,nan,nan,251,986,660,267
1.5,0.75,58,3,14608600042198829074,3.0,3.25,26,0.10394294033720845,nan,nan,251,986,660,267
1.5,0.75,59,1,219160836695277965,3.0,3.25,26,0.60004259138862,nan,nan,237,899,643,234
1.5,0.75,59,2,219160836695277965,3.0,3.25,26,0.23945941464483028,nan,nan,237,899,643,234
1.5,0.75,59,3,219160836695277965,3.0,3.25,26,0.08693135507916502,nan,nan,237,899,643,234
1.5,0.75,60,1,13413339428076580620,3.0,3.25,26,0.5844385522339667,nan,nan,234,792,600,217
1.5,0.75,60,2,13413339428076580620,3.0,3.25,26,0.234946805962302,nan,nan,234,792,600,217
1.5,0.75,60,3,13413339428076580620,3.0,3.25,26,0.042303605066252165,nan,nan,234,792,600,217
1.5,0.75,61,1,14563512403188895082,3.0,3.25,26,0.6652482988742364,nan,nan,324,1241,761,317
1.5,0.75,61,2,14563512403188895082,3.0,3.25,26,0.33950491391719384,nan,nan,324,1241,761,317
1.5,0.75,61,3,14563512403188895082,3.0,3.25,26,0.16528800902317095,nan,nan,324,1241,761,317
1.5,0.75,62,1,7429297341954957221,3.0,3.25,26,0.6535402542657179,nan,nan,287,1165,717,331
1.5,0.75,62,2,7429297341954957221,3.0,3.25,26,0.3123770077159734,nan,nan,287,1165,717,331
1.5,0.75,62,3,7429297341954957221,3.0,3.25,26,0.11006841682343538,nan,nan,287,1165,717,331
1.5,0.75,63,1,8627471570470505899,3.0,3.25,26,0.5745352938365225,nan,nan,234,925,650,253
1.5,0.75,63,2,8627471570470505899,3.0,3.25,26,0.22239813274584228,nan,nan,234,925,650,253
1.5,0.75,63,3,8627471570470505899,3.0,3.25,26,0.048424763272151124,nan,nan,234,925,650,253
1.5,0.75,64,1,2462460186655262126,3.0,3.25,26,0.6171880232451419,nan,nan,241,938,657,279
1.5,0.75,64,2,2462460186655262126,3.0,3.25,26,0.2687382113315255,nan,nan,241,938,657,279
1.5,0.75,64,3,2462460186655262126,3.0,3.25,26,0.07814561704288352,nan,nan,241,938,657,279
1.5,0.75,65,1,11787729131621956477,3.0,3.25,26,0.7511891129005552,nan,nan,277,982,623,242
1.5,0.75,65,2,11787729131621956477,3.0,3.25,26,0.4111551743428618,nan,nan,277,982,623,242
1.5,0.75,65,3,11787729131621956477,3.0,3.25,26,0.17359787014645797,nan,nan,277,982,623,242
1.5,0.75,66,1,5335991237842125931,3.0,3.25,26,0.6740926220763794,nan,nan,233,905,623,230
1.5,0.75,66,2,5335991237842125931,3.0,3.25,26,0.32621626115314484,nan,nan,233,905,623,230
1.5,0.75,66,3,5335991237842125931,3.0,3.25,26,0.14125143198270976,nan,nan,233,905,623,230
1.5,0.75,67,1,17406706661531737513,3.0,3.25,26,0.6327844781346257,nan,nan,216,830,568,216
1.5,0.75,67,2,17406706661531737513,3.0,3.25,26,0.30019689069217914,nan,nan,216,830,568,216
1.5,0.75,67,3,17406706661531737513,3.0,3.25,26,0.11773622718044549,nan,nan,216,830,568,216
1.5,0.75,68,1,18173741738472122046,3.0,3.25,26,0.666305196378307,nan,nan,235,907,646,245
1.5,0.75,68,2,18173741738472122046,3.0,3.25,26,0.3827968379594993,nan,nan,235,907,646,245
1.5,0.75,68,3,18173741738472122046,3.0,3.25,26,0.18001208154635193,nan,nan,235,907,646,245
1.5,0.75,69,1,143513624337890889,3.0,3.25,26,0.6362650460380844,nan,nan,293,1257,781,359
1.5,0.75,69,2,143513624337890889,3.0,3.25,26,0.29941117479966867,nan,nan,293,1257,781,359
1.5,0.75,69,3,143513624337890889,3.0,3.25,26,0.09729954251799146,nan,nan,293,1257,781,359
1.5,0.75,70,1,17114177340998618146,3.0,3.25,26,0.6064148875385987,nan,nan,224,861,610,248
1.5,0.75,70,2,17114177340998618146,3.0,3.25,26,0.23816361051128815,nan,nan,224,861,610,248
1.5,0.75,70,3,17114177340998618146,3.0,3.25,26,0.0685447099465139,nan,nan,224,861,610,248
1.5,0.75,71,1,18140043686046152238,3.0,3.25,26,0.6849235070911224,nan,nan,224,997,668,271
1.5,0.75,71,2,18140043686046152238,3.0,3.25,26,0.3358776162274495,nan,nan,224,997,668,271
1.5,0.75,71,3,18140043686046152238,3.0,3.25,26,0.12092918882469442,nan,nan,224,997,668,271
1.5,0.75,72,1,7776264084390235768,3.0,3.25,26,0.637147859952566,nan,nan,325,1289,837,323
1.5,0.75,72,2,7776264084390235768,3.0,3.25,26,0.2967548157161213,nan,nan,325,1289,837,323
1.5,0.75,72,3,7776264084390235768,3.0,3.25,26,0.09930693459933816,nan,nan,325,1289,837,323
1.5,0.75,73,1,14715077328144340376,3.0,3.25,26,0.7193108907199928,nan,nan,222,933,627,254
1.5,0.75,73,2,14715077328144340376,3.0,3.25,26,0.4086035049379785,nan,nan,222,933,627,254
1.5,0.75,73,3,14715077328144340376,3.0,3.25,26,0.19691726827799313,nan,nan,222,933,627,254
1.5,0.75,74,1,8652046060893429302,3.0,3.25,26,0.6483157481365505,nan,nan,323,1260,773,345
1.5,0.75,74,2,8652046060893429302,3.0,3.25,26,0.3120493427440969,nan,nan,323,1260,773,345
1.5,0.75,74,3,8652046060893429302,3.0,3.25,26,0.12614702797235222,nan,nan,323,1260,773,345
1.5,0.75,75,1,5067175070521984521,3.0,3.25,26,0.6443197581111253,nan,nan,238,987,673,265
1.5,0.75,75,2,5067175070521984521,3.0,3.25,26,0.34561576275243433,nan,nan,238,987,673,265
1.5,0.75,75,3,5067175070521984521,3.0,3.25,26,0.1663318764655965,nan,nan,238,987,673,265
1.5,0.75,76,1,17632385219878259584,3.0,3.25,26,0.6186844129279186,nan,nan,191,781,558,226
1.5,0.75,76,2,17632385219878259584,3.0,3.25,26,0.2699872500770432,nan,nan,191,781,558,226
1.5,0.75,76,3,17632385219878259584,3.0,3.25,26,0.07908221912822021,nan,nan,191,781,558,226
1.5,0.75,77,1,5647681531839265855,3.0,3.25,26,0.5879610591871589,nan,nan,234,945,625,289
1.5,0.75,77,2,5647681531839265855,3.0,3.25,26,0.28701761791721503,nan,nan,234,945,625,289
1.5,0.75,77,3,5647681531839265855,3.0,3.25,26,0.08868824000870114,nan,nan,234,945,625,289
1.5,0.75,78,1,3258206144990091861,3.0,3.25,26,0.6382982131081819,nan,nan,245,1023,665,284
1.5,0.75,78,2,3258206144990091861,3.0,3.25,26,0.321673358488824,nan,nan,245,1023,665,284
1.5,0.75,78,3,3258206144990091861,3.0,3.25,26,0.12688206073938751,nan,nan,245,1023,665,284
1.5,0.75,79,1,5880231608782764706,3.0,3.25,26,0.6064536434452016,nan,nan,235,990,666,293
1.5,0.75,79,2,5880231608782764706,3.0,3.25,26,0.23922286771733933,nan,nan,235,990,666,293
1.5,0.75,79,3,5880231608782764706,3.0,3.25,26,0.06975726082764873,nan,nan,235,990,666,293
1.5,0.75,80,1,15697978112957139261,3.0,3.25,26,0.6990524316658179,nan,nan,255,1036,690,279
1.5,0.75,80,2,15697978112957139261,3.0,3.25,26,0.3388199320538859,nan,nan,255,1036,690,279
1.5,0.75,80,3,15697978112957139261,3.0,3.25,26,0.14146667558516773,nan,nan,255,1036,690,279
1.5,0.75,81,1,17776568950676852829,3.0,3.25,26,0.5766042977374852,nan,nan,217,951,662,270
1.5,0.75,81,2,17776568950676852829,3.0,3.25,26,0.22703637826178807,nan,nan,217,951,662,270
1.5,0.75,81,3,17776568950676852829,3.0,3.25,26,0.07030809668421303,nan,nan,217,951,662,270
1.5,0.75,82,1,14118948291224945537,3.0,3.25,26,0.6764956909076324,nan,nan,250,1052,667,299
1.5,0.75,82,2,14118948291224945537,3.0,3.25,26,0.3230935894300704,nan,nan,250,1052,667,299
1.5,0.75,82,3,14118948291224945537,3.0,3.25,26,0.13778457718089526,nan,nan,250,1052,667,299
1.5,0.75,83,1,11032272244850001220,3.0,3.25,26,0.5853102502786216,nan,nan,207,841,600,259
1.5,0.75,83,2,11032272244850001220,3.0,3.25,26,0.2322818640000772,nan,nan,207,841,600,259
1.5,0.75,83,3,11032272244850001220,3.0,3.25,26,0.05782335128951545,nan,nan,207,841,600,259
1.5,0.75,84,1,7143805619652616674,3.0,3.25,26,0.6218223608056732,nan,nan,226,923,619,276
1.5,0.75,84,2,7143805619652616674,3.0,3.25,26,0.25094394620682514,nan,nan,226,923,619,276
1.5,0.75,84,3,7143805619652616674,3.0,3.25,26,0.09011937900713016,nan,nan,226,923,619,276
1.5,0.75,85,1,4920112703430304564,3.0,3.25,26,0.6469971293466614,nan,nan,260,1009,660,274
1.5,0.75,85,2,4920112703430304564,3.0,3.25,26,0.3342284796048558,nan,nan,260,1009,660,274
1.5,0.75,85,3,4920112703430304564,3.0,3.25,26,0.11128715940755177,nan,nan,260,1009,660,274
1.5,0.75,86,1,5424688125023596882,3.0,3.25,26,0.6699088742190648,nan,nan,340,1309,810,360
1.5,0.75,86,2,5424688125023596882,3.0,3.25,26,0.3269597632816206,nan,nan,340,1309,810,360
1.5,0.75,86,3,5424688125023596882,3.0,3.25,26,0.09761653498556787,nan,nan,340,1309,810,360
1.5,0.75,87,1,13498423311788821019,3.0,3.25,26,0.6009026612786322,nan,nan,265,1137,762,321
1.5,0.75,87,2,13498423311788821019,3.0,3.25,26,0.2454432832349328,nan,nan,265,1137,762,321
1.5,0.75,87,3,13498423311788821019,3.0,3.25,26,0.09449173309073616,nan,nan,265,1137,762,321
1.5,0.75,88,1,16386654944082648679,3.0,3.25,26,0.6311257406735419,nan,nan,274,1151,762,287
1.5,0.75,88,2,16386654944082648679,3.0,3.25,26,0.29126143946462474,nan,nan,274,1151,762,287
1.5,0.75,88,3,16386654944082648679,3.0,3.25,26,0.08274916722863737,nan,nan,274,1151,762,287
1.5,0.75,89,1,10477073059490659769,3.0,3.25,26,0.585191599676551,nan,nan,250,1001,652,269
1.5,0.75,89,2,10477073059490659769,3.0,3.25,26,0.20764765447873842,nan,nan,250,1001,652,269
1.5,0.75,89,3,10477073059490659769,3.0,3.25,26,0.043464559758990454,nan,nan,250,1001,652,269
1.5,0.75,90,1,7532264299586968366,3.0,3.25,26,0.6467202391166494,nan,nan,378,1418,860,368
1.5,0.75,90,2,7532264299586968366,3.0,3.25,26,0.3063609137339096,nan,nan,378,1418,860,368
1.5,0.75,90,3,7532264299586968366,3.0,3.25,26,0.09570395395470428,nan,nan,378,1418,860,368
1.5,0.75,91,1,7987115051098568895,3.0,3.25,26,0.6463621152697855,nan,nan,203,816,555,223
1.5,0.75,91,2,7987115051098568895,3.0,3.25,26,0.3237056036206589,nan,nan,203,816,555,223
1.5,0.75,91,3,7987115051098568895,3.0,3.25,26,0.12106199855530327,nan,nan,203,816,555,223
1.5,0.75,92,1,12475256339293160916,3.0,3.25,26,0.620892635479493,nan,nan,281,1157,780,312
1.5,0.75,92,2,12475256339293160916,3.0,3.25,26,0.2826968198079366,nan,nan,281,1157,780,312
1.5,0.75,92,3,12475256339293160916,3.0,3.25,26,0.0805450951537606,nan,nan,281,1157,780,312
1.5,0.75,93,1,11353981171713062245,3.0,3.25,26,0.6072459523891991,nan,nan,199,828,592,242
1.5,0.75,93,2,11353981171713062245,3.0,3.25,26,0.24262842178528524,nan,nan,199,828,592,242
1.5,0.75,93,3,11353981171713062245,3.0,3.25,26,0.08753840545343225,nan,nan,199,828,592,242
1.5,0.75,94,1,10893104903141618311,3.0,3.25,26,0.6615799166386938,nan,nan,214,869,612,260
1.5,0.75,94,2,10893104903141618311,3.0,3.25,26,0.2825920786409669,nan,nan,214,869,612,260
1.5,0.75,94,3,10893104903141618311,3.0,3.25,26,0.0778826783880964,nan,nan,214,869,612,260
1.5,0.75,95,1,4613067517501076407,3.0,3.25,26,0.6506038561055238,nan,nan,293,1172,741,302
1.5,0.75,95,2,4613067517501076407,3.0,3.25,26,0.30373791116619436,nan,nan,293,1172,741,302
1.5,0.75,95,3,4613067517501076407,3.0,3.25,26,0.10442550040805662,nan,nan,293,1172,741,302
1.5,0.75,96,1,15747876597456619467,3.0,3.25,26,0.6569741482341661,nan,nan,317,1195,741,299
1.5,0.75,96,2,15747876597456619467,3.0,3.25,26,0.3292293609699292,nan,nan,317,1195,741,299
1.5,0.75,96,3,15747876597456619467,3.0,3.25,26,0.12513339026948078,nan,nan,317,1195,741,299
1.5,0.75,97,1,8694500106589557361,3.0,3.25,26,0.6123337323981171,nan,nan,212,840,588,228
1.5,0.75,97,2,8694500106589557361,3.0,3.25,26,0.19319654175477993,nan,nan,212,840,588,228
1.5,0.75,97,3,8694500106589557361,3.0,3.25,26,0.05993192811786652,nan,nan,212,840,588,228
1.5,0.75,98,1,10039885639361950724,3.0,3.25,26,0.5883111992169026,nan,nan,230,923,644,296
1.5,0.75,98,2,10039885639361950724,3.0,3.25,26,0.26342228932507117,nan,nan,230,923,644,296
1.5,0.75,98,3,10039885639361950724,3.0,3.25,26,0.0801546068687404,nan,nan,230,923,644,296
1.5,0.75,99,1,9727405278501551140,3.0,3.25,26,0.6931137869911664,nan,nan,226,864,563,235
1.5,0.75,99,2,9727405278501551140,3.0,3.25,26,0.32992289575627815,nan,nan,226,864,563,235
1.5,0.75,99,3,9727405278501551140,3.0,3.25,26,0.15573481050110288,nan,nan,226,864,563,235
1.5,0.75,100,1,15618258534064564253,3.0,3.25,26,0.6168872238177452,nan,nan,277,1051,695,282
1.5,0.75,100,2,15618258534064564253,3.0,3.25,26,0.2796345182506045,nan,nan,277,1051,695,282
1.5,0.75,100,3,15618258534064564253,3.0,3.25,26,0.09969824916079792,nan,nan,277,1051,695,282
1.5,0.75,101,1,8691155435297124104,3.0,3.25,26,0.6165240330551008,nan,nan,247,1001,621,297
1.5,0.75,101,2,8691155435297124104,3.0,3.25,26,0.2903545510816272,nan,nan,247,1001,621,297
1.5,0.75,101,3,8691155435297124104,3.0,3.25,26,0.11080223263510665,nan,nan,247,1001,621,297
1.5,0.75,102,1,14489335222236056040,3.0,3.25,26,0.6133414789211229,nan,nan,257,1037,694,306
1.5,0.75,102,2,14489335222236056040,3.0,3.25,26,0.21420782497940258,nan,nan,257,1037,694,306
1.5,0.75,102,3,14489335222236056040,3.0,3.25,26,0.057970177212984926,nan,nan,257,1037,694,306
1.5,0.75,103,1,13732964565912168868,3.0,3.25,26,0.6050373941704515,nan,nan,206,855,563,250
1.5,0.75,103,2,13732964565912168868,3.0,3.25,26,0.2779070960783187,nan,nan,206,855,563,250
1.5,0.75,103,3,13732964565912168868,3.0,3.25,26,0.12076032864251508,nan,nan,206,855,563,250
1.5,0.75,104,1,9734066309334951741,3.0,3.25,26,0.6199584679814731,nan,nan,293,1250,820,357
1.5,0.75,104,2,9734066309334951741,3.0,3.25,26,0.28011973410757146,nan,nan,293,1250,820,357
1.5,0.75,104,3,9734066309334951741,3.0,3.25,26,0.09296651915939329,nan,nan,293,1250,820,357
1.5,0.75,105,1,4944463861891094945,3.0,3.25,26,0.6219841306635098,nan,nan,239,970,635,256
1.5,0.75,105,2,4944463861891094945,3.0,3.25,26,0.2475739758633605,nan,nan,239,970,635,256
1.5,0.75,105,3,4944463861891094945,3.0,3.25,26,0.10014797243319674,nan,nan,239,970,635,256
1.5,0.75,106,1,8171240985283669900,3.0,3.25,26,0.6124442416991726,nan,nan,194,762,559,219
1.5,0.75,106,2,8171240985283669900,3.0,3.25,26,0.3019158684716631,nan,nan,194,762,559,219
1.5,0.75,106,3,8171240985283669900,3.0,3.25,26,0.11152086874177528,nan,nan,194,762,559,219
1.5,0.75,107,1,18162684023558802307,3.0,3.25,26,0.6683506288179366,nan,nan,247,1005,653,285
1.5,0.75,107,2,18162684023558802307,3.0,3.25,26,0.3131711655770098,nan,nan,247,1005,653,285
1.5,0.75,107,3,18162684023558802307,3.0,3.25,26,0.09478269414509036,nan,nan,247,1005,653,285
1.5,0.75,108,1,18086287308118364899,3.0,3.25,26,0.6392282685167745,nan,nan,245,964,650,267
1.5,0.75,108,2,18086287308118364899,3.0,3.25,26,0.2593308128092065,nan,nan,245,964,650,267
1.5,0.75,108,3,18086287308118364899,3.0,3.25,26,0.09064384045898197,nan,nan,245,964,650,267
1.5,0.75,109,1,6952871607046599055,3.0,3.25,26,0.6420270356918414,nan,nan,203,711,521,232
1.5,0.75,109,2,6952871607046599055,3.0,3.25,26,0.297040861310059,nan,nan,203,711,521,232
1.5,0.75,109,3,6952871607046599055,3.0,3.25,26,0.11932689470613722,nan,nan,203,711,521,232
1.5,0.75,110,1,3347817260921491293,3.0,3.25,26,0.5922666602829031,nan,nan,249,1001,661,290
1.5,0.75,110,2,3347817260921491293,3.0,3.25,26,0.25848658460660956,nan,nan,249,1001,661,290
1.5,0.75,110,3,3347817260921491293,3.0,3.25,26,0.08189414715854645,nan,nan,249,1001,661,290
1.5,0.75,111,1,4806022958416542544,3.0,3.25,26,0.574949741926371,nan,nan,225,918,623,258
1.5,0.75,111,2,4806022958416542544,3.0,3.25,26,0.24602801138847274,nan,nan,225,918,623,258
1.5,0.75,111,3,4806022958416542544,3.0,3.25,26,0.07718071886550917,nan,nan,225,918,623,258
1.5,0.75,112,1,4047265233579634210,3.0,3.25,26,0.5879895608602308,nan,nan,213,928,637,275
1.5,0.75,112,2,4047265233579634210,3.0,3.25,26,0.21516846385496155,nan,nan,213,928,637,275
1.5,0.75,112,3,4047265233579634210,3.0,3.25,26,0.041003934409980985,nan,nan,213,928,637,275
1.5,0.75,113,1,8797290409193722245,3.0,3.25,26,0.6606180329451874,nan,nan,237,933,619,250
1.5,0.75,113,2,8797290409193722245,3.0,3.25,26,0.2866860042927593,nan,nan,237,933,619,250
1.5,0.75,113,3,8797290409193722245,3.0,3.25,26,0.0865112495992226,nan,nan,237,933,619,250
1.5,0.75,114,1,17670720497885541906,3.0,3.25,26,0.6435669096813815,nan,nan,172,540,439,165
1.5,0.75,114,2,17670720497885541906,3.0,3.25,26,0.2997330100594511,nan,nan,172,540,439,165
1.5,0.75,114,3,17670720497885541906,3.0,3.25,26,0.07696854624885435,nan,nan,172,540,439,165
1.5,0.75,115,1,14712768864276040617,3.0,3.25,26,0.5558518881154255,nan,nan,241,964,683,284
1.5,0.75,115,2,14712768864276040617,3.0,3.25,26,0.21499030710315484,nan,nan,241,964,683,284
1.5,0.75,115,3,14712768864276040617,3.0,3.25,26,0.0439281395898889,nan,nan,241,964,683,284
1.5,0.75,116,1,15864634895234050419,3.0,3.25,26,0.6607140891781966,nan,nan,229,927,605,255
1.5,0.75,116,2,15864634895234050419,3.0,3.25,26,0.29805297257977864,nan,nan,229,927,605,255
1.5,0.75,116,3,15864634895234050419,3.0,3.25,26,0.08919415598241112,nan,nan,229,927,605,255
1.5,0.75,117,1,3075076677147662793,3.0,3.25,26,0.6511411941136415,nan,nan,320,1169,702,307
1.5,0.75,117,2,3075076677147662793,3.0,3.25,26,0.3052407453908676,nan,nan,320,1169,702,307
1.5,0.75,117,3,3075076677147662793,3.0,3.25,26,0.0949673960174189,nan,nan,320,1169,702,307
1.5,0.75,118,1,2104203429725059312,3.0,3.25,26,0.6296163976816782,nan,nan,318,1244,774,322
1.5,0.75,118,2,2104203429725059312,3.0,3.25,26,0.30376683364605467,nan,nan,318,1244,774,322
1.5,0.75,118,3,2104203429725059312,3.0,3.25,26,0.09552001307268919,nan,nan,318,1244,774,322
1.5,0.75,119,1,13241400548444162826,3.0,3.25,26,0.6735376624402432,nan,nan,262,1083,696,287
1.5,0.75,119,2,13241400548444162826,3.0,3.25,26,0.31413064128790086,nan,nan,262,1083,696,287
1.5,0.75,119,3,13241400548444162826,3.0,3.25,26,0.11892147430627178,nan,nan,262,1083,696,287
1.5,1.0,0,1,3532442080358612374,3.0,3.25,26,0.5921084110829344,nan,nan,183,745,491,319
1.5,1.0,0,2,3532442080358612374,3.0,3.25,26,0.24870337443924864,nan,nan,183,745,491,319
1.5,1.0,0,3,3532442080358612374,3.0,3.25,26,0.05234475020329798,nan,nan,183,745,491,319
1.5,1.0,1,1,13839329734864223203,3.0,3.25,26,0.7280618671439977,nan,nan,221,848,534,301
1.5,1.0,1,2,13839329734864223203,3.0,3.25,26,0.4614255098599758,nan,nan,221,848,534,301
1.5,1.0,1,3,13839329734864223203,3.0,3.25,26,0.2647672555028975,nan,nan,221,848,534,301
1.5,1.0,2,1,7111958575511204504,3.0,3.25,26,0.6272245076768722,nan,nan,218,705,496,266
1.5,1.0,2,2,7111958575511204504,3.0,3.25,26,0.3240107918531567,nan,nan,218,705,496,266
1.5,1.0,2,3,7111958575511204504,3.0,3.25,26,0.09284566165903595,nan,nan,218,705,496,266
1.5,1.0,3,1,6101802272375436209,3.0,3.25,26,0.6932281335679188,nan,nan,202,805,512,278
1.5,1.0,3,2,6101802272375436209,3.0,3.25,26,0.33503074863417664,nan,nan,202,805,512,278
1.5,1.0,3,3,6101802272375436209,3.0,3.25,26,0.11198815037074057,nan,nan,202,805,512,278
1.5,1.0,4,1,16326061383528705399,3.0,3.25,26,0.6152578516857962,nan,nan,214,876,576,321
1.5,1.0,4,2,16326061383528705399,3.0,3.25,26,0.2858682041801041,nan,nan,214,876,576,321
1.5,1.0,4,3,16326061383528705399,3.0,3.25,26,0.10594702685655254,nan,nan,214,876,576,321
1.5,1.0,5,1,648329105077557034,3.0,3.25,26,0.6624990490151927,nan,nan,209,819,520,301
1.5,1.0,5,2,648329105077557034,3.0,3.25,26,0.3022288051182145,nan,nan,209,819,520,301
1.5,1.0,5,3,648329105077557034,3.0,3.25,26,0.1038706648732872,nan,nan,209,819,520,301
1.5,1.0,6,1,10880943534695704142,3.0,3.25,26,0.6448759882273767,nan,nan,188,822,537,298
1.5,1.0,6,2,10880943534695704142,3.0,3.25,26,0.28136896792038435,nan,nan,188,822,537,298
1.5,1.0,6,3,10880943534695704142,3.0,3.25,26,0.0907360816739338,nan,nan,188,822,537,298
1.5,1.0,7,1,514198634583761993,3.0,3.25,26,0.6353474753010672,nan,nan,201,889,557,313
1.5,1.0,7,2,514198634583761993,3.0,3.25,26,0.30043502100529557,nan,nan,201,889,557,313
1.5,1.0,7,3,514198634583761993,3.0,3.25,26,0.09094978860977519,nan,nan,201,889,557,313
1.5,1.0,8,1,13898972185075952710,3.0,3.25,26,0.5508293892547061,nan,nan,195,528,418,211
1.5,1.0,8,2,13898972185075952710,3.0,3.25,26,0.27448622522376664,nan,nan,195,528,418,211
1.5,1.0,8,3,13898972185075952710,3.0,3.25,26,0.1551348741996176,nan,nan,195,528,418,211
1.5,1.0,9,1,9412493335276298628,3.0,3.25,26,0.6059161093836832,nan,nan,245,1043,648,371
1.5,1.0,9,2,9412493335276298628,3.0,3.25,26,0.2614395780179678,nan,nan,245,1043,648,371
1.5,1.0,9,3,9412493335276298628,3.0,3.25,26,0.06479202075706775,nan,nan,245,1043,648,371
1.5,1.0,10,1,14858296193982152183,3.0,3.25,26,0.6717597100701984,nan,nan,211,949,596,323
1.5,1.0,10,2,14858296193982152183,3.0,3.25,26,0.3214313143555921,nan,nan,211,949,596,323
1.5,1.0,10,3,14858296193982152183,3.0,3.25,26,0.10840533958339571,nan,nan,211,949,596,323
1.5,1.0,11,1,5832242447797039259,3.0,3.25,26,0.6326448235362616,nan,nan,169,533,408,234
1.5,1.0,11,2,5832242447797039259,3.0,3.25,26,0.35659171981194093,nan,nan,169,533,408,234
1.5,1.0,11,3,5832242447797039259,3.0,3.25,26,0.18192165859569792,nan,nan,169,533,408,234
1.5,1.0,12,1,8214649602346927639,3.0,3.25,26,0.6612056785747077,nan,nan,216,837,559,280
1.5,1.0,12,2,8214649602346927639,3.0,3.25,26,0.28810683193814546,nan,nan,216,837,559,280
1.5,1.0,12,3,8214649602346927639,3.0,3.25,26,0.08260019700559859,nan,nan,216,837,559,280
1.5,1.0,13,1,16519005220134669368,3.0,3.25,26,0.6276204103194588,nan,nan,192,701,495,259
1.5,1.0,13,2,16519005220134669368,3.0,3.25,26,0.2826552267326122,nan,nan,192,701,495,259
1.5,1.0,13,3,16519005220134669368,3.0,3.25,26,0.09613324999401313,nan,nan,192,701,495,259
1.5,1.0,14,1,8132207492599398150,3.0,3.25,26,0.7123656759270212,nan,nan,184,659,459,253
1.5,1.0,14,2,8132207492599398150,3.0,3.25,26,0.3494057348955571,nan,nan,184,659,459,253
1.5,1.0,14,3,8132207492599398150,3.0,3.25,26,0.09510131595222006,nan,nan,184,659,459,253
1.5,1.0,15,1,17956277670411989854,3.0,3.25,26,0.701212876725764,nan,nan,233,963,580,355
1.5,1.0,15,2,17956277670411989854,3.0,3.25,26,0.33436565075511687,nan,nan,233,963,580,355
1.5,1.0,15,3,17956277670411989854,3.0,3.25,26,0.11236843168890448,nan,nan,233,963,580,355
1.5,1.0,16,1,11709843762816166057,3.0,3.25,26,0.6141099212096489,nan,nan,216,828,549,310
1.5,1.0,16,2,11709843762816166057,3.0,3.25,26,0.2943017776281475,nan,nan,216,828,549,310
1.5,1.0,16,3,11709843762816166057,3.0,3.25,26,0.11627974773834006,nan,nan,216,828,549,310
1.5,1.0,17,1,14458948321305459465,3.0,3.25,26,0.6916241612040418,nan,nan,200,835,551,276
1.5,1.0,17,2,14458948321305459465,3.0,3.25,26,0.3694672095558912,nan,nan,200,835,551,276
1.5,1.0,17,3,14458948321305459465,3.0,3.25,26,0.17119856510857778,nan,nan,200,835,551,276
1.5,1.0,18,1,10678521762782305270,3.0,3.25,26,0.6512020850653379,nan,nan,237,1044,628,391
1.5,1.0,18,2,10678521762782305270,3.0,3.25,26,0.3069765695188832,nan,nan,237,1044,628,391
1.5,1.0,18,3,10678521762782305270,3.0,3.25,26,0.12191779048494304,nan,nan,237,1044,628,391
1.5,1.0,19,1,11153077817726043668,3.0,3.25,26,0.6404263838050389,nan,nan,211,784,528,281
1.5,1.0,19,2,11153077817726043668,3.0,3.25,26,0.25730781487590304,nan,nan,211,784,528,281
1.5,1.0,19,3,11153077817726043668,3.0,3.25,26,0.06342151768380348,nan,nan,211,784,528,281
1.5,1.0,20,1,10424237173218771875,3.0,3.25,26,0.6046650908151736,nan,nan,191,610,449,243
1.5,1.0,20,2,10424237173218771875,3.0,3.25,26,0.2796946144402901,nan,nan,191,610,449,243
1.5,1.0,20,3,10424237173218771875,3.0,3.25,26,0.11707902613844626,nan,nan,191,610,449,243
1.5,1.0,21,1,5405865394989503187,3.0,3.25,26,0.6271065129607185,nan,nan,186,755,524,275
1.5,1.0,21,2,5405865394989503187,3.0,3.25,26,0.27744703119623754,nan,nan,186,755,524,275
1.5,1.0,21,3,5405865394989503187,3.0,3.25,26,0.09486430189868168,nan,nan,186,755,524,275
1.5,1.0,22,1,10042685859870812762,3.0,3.25,26,0.6801660477872763,nan,nan,192,799,492,298
1.5,1.0,22,2,10042685859870812762,3.0,3.25,26,0.3378407425538855,nan,nan,192,799,492,298
1.5,1.0,22,3,10042685859870812762,3.0,3.25,26,0.1177860459506775,nan,nan,192,799,492,298
1.5,1.0,23,1,2353137458636556846,3.0,3.25,26,0.5652582646845971,nan,nan,203,897,574,334
1.5,1.0,23,2,2353137458636556846,3.0,3.25,26,0.20644678452128706,nan,nan,203,897,574,334
1.5,1.0,23,3,2353137458636556846,3.0,3.25,26,0.030759553185963965,nan,nan,203,897,574,334
1.5,1.0,24,1,10367277952656444950,3.0,3.25,26,0.6602909171621826,nan,nan,199,862,542,334
1.5,1.0,24,2,10367277952656444950,3.0,3.25,26,0.3179545300329422,nan,nan,199,862,542,334
1.5,1.0,24,3,10367277952656444950,3.0,3.25,26,0.09209782792871514,nan,nan,199,862,542,334
1.5,1.0,25,1,4020676051672321238,3.0,3.25,26,0.6783192934108014,nan,nan,184,708,455,272
1.5,1.0,25,2,4020676051672321238,3.0,3.25,26,0.31735632418355725,nan,nan,184,708,455,272
1.5,1.0,25,3,4020676051672321238,3.0,3.25,26,0.117547592287553,nan,nan,184,708,455,272
1.5,1.0,26,1,17345984863911353320,3.0,3.25,26,0.58234647927334,nan,nan,223,765,535,272
1.5,1.0,26,2,17345984863911353320,3.0,3.25,26,0.19253140324039938,nan,nan,223,765,535,272
1.5,1.0,26,3,17345984863911353320,3.0,3.25,26,0.058088082479278685,nan,nan,223,765,535,272
1.5,1.0,27,1,17344078932242525847,3.0,3.25,26,0.6804143595295357,nan,nan,202,813,520,319
1.5,1.0,27,2,17344078932242525847,3.0,3.25,26,0.3113431619109638,nan,nan,202,813,520,319
1.5,1.0,27,3,17344078932242525847,3.0,3.25,26,0.10613776530183067,nan,nan,202,813,520,319
1.5,1.0,28,1,14313000086584808912,3.0,3.25,26,0.6527319741661148,nan,nan,235,921,598,309
1.5,1.0,28,2,14313000086584808912,3.0,3.25,26,0.2864060192745513,nan,nan,235,921,598,309
1.5,1.0,28,3,14313000086584808912,3.0,3.25,26,0.09855538212220208,nan,nan,235,921,598,309
1.5,1.0,29,1,17552032417544648398,3.0,3.25,26,0.6951887898235374,nan,nan,186,668,463,254
1.5,1.0,29,2,17552032417544648398,3.0,3.25,26,0.43001533059281105,nan,nan,186,668,463,254
1.5,1.0,29,3,17552032417544648398,3.0,3.25,26,0.19775602555772784,nan,nan,186,668,463,254
1.5,1.0,30,1,3277427031715580440,3.0,3.25,26,0.721368749995223,nan,nan,188,768,499,293
1.5,1.0,30,2,3277427031715580440,3.0,3.25,26,0.43098525754646977,nan,nan,188,768,499,293
1.5,1.0,30,3,3277427031715580440,3.0,3.25,26,0.22183671283903522,nan,nan,188,768,499,293
1.5,1.0,31,1,6976322070858491748,3.0,3.25,26,0.6933211540126556,nan,nan,195,829,535,292
1.5,1.0,31,2,6976322070858491748,3.0,3.25,26,0.38611416757308936,nan,nan,195,829,535,292
1.5,1.0,31,3,6976322070858491748,3.0,3.25,26,0.19388999231866236,nan,nan,195,829,535,292
1.5,1.0,32,1,3540401044140864071,3.0,3.25,26,0.6365200986232539,nan,nan,204,825,560,293
1.5,1.0,32,2,3540401044140864071,3.0,3.25,26,0.26308547041923425,nan,nan,204,825,560,293
1.5,1.0,32,3,3540401044140864071,3.0,3.25,26,0.05206021756159906,nan,nan,204,825,560,293
1.5,1.0,33,1,13898563821264495755,3.0,3.25,26,0.6209901959683096,nan,nan,198,763,517,272
1.5,1.0,33,2,13898563821264495755,3.0,3.25,26,0.2837289766790212,nan,nan,198,763,517,272
1.5,1.0,33,3,13898563821264495755,3.0,3.25,26,0.10082376372320173,nan,nan,198,763,517,272
1.5,1.0,34,1,1015506584447177414,3.0,3.25,26,0.6067361435627877,nan,nan,213,935,578,326
1.5,1.0,34,2,1015506584447177414,3.0,3.25,26,0.2512738770030191,nan,nan,213,935,578,326
1.5,1.0,34,3,1015506584447177414,3.0,3.25,26,0.07080587232706188,nan,nan,213,935,578,326
1.5,1.0,35,1,7068829692286532621,3.0,3.25,26,0.6686963488108678,nan,nan,173,548,404,236
1.5,1.0,35,2,7068829692286532621,3.0,3.25,26,0.3353109979127083,nan,nan,173,548,404,236
1.5,1.0,35,3,7068829692286532621,3.0,3.25,26,0.11554084561028309,nan,nan,173,548,404,236
1.5,1.0,36,1,3894133200864343472,3.0,3.25,26,0.6664394914916885,nan,nan,193,742,498,266
1.5,1.0,36,2,3894133200864343472,3.0,3.25,26,0.33398059394362367,nan,nan,193,742,498,266
1.5,1.0,36,3,3894133200864343472,3.0,3.25,26,0.11431451866425152,nan,nan,193,742,498,266
1.5,1.0,37,1,11613402824861492145,3.0,3.25,26,0.6876031875122984,nan,nan,209,758,507,297
1.5,1.0,37,2,11613402824861492145,3.0,3.25,26,0.33174721286525843,nan,nan,209,758,507,297
1.5,1.0,37,3,11613402824861492145,3.0,3.25,26,0.09619711753302687,nan,nan,209,758,507,297
1.5,1.0,38,1,11046690207795920082,3.0,3.25,26,0.6573060567389676,nan,nan,191,810,532,303
1.5,1.0,38,2,11046690207795920082,3.0,3.25,26,0.32183002500639,nan,nan,191,810,532,303
1.5,1.0,38,3,11046690207795920082,3.0,3.25,26,0.10542471861615883,nan,nan,191,810,532,303
1.5,1.0,39,1,4443501575321541951,3.0,3.25,26,0.6205685469157118,nan,nan,228,1024,645,338
1.5,1.0,39,2,4443501575321541951,3.0,3.25,26,0.285749806605381,nan,nan,228,1024,645,338
1.5,1.0,39,3,4443501575321541951,3.0,3.25,26,0.10864975859774112,nan,nan,228,1024,645,338
1.5,1.0,40,1,10162847258278222435,3.0,3.25,26,0.6461029177581368,nan,nan,187,694,498,271
1.5,1.0,40,2,10162847258278222435,3.0,3.25,26,0.24068106167830405,nan,nan,187,694,498,271
1.5,1.0,40,3,10162847258278222435,3.0,3.25,26,0.07018745821924123,nan,nan,187,694,498,271
1.5,1.0,41,1,8560490898255420252,3.0,3.25,26,0.6217705718275143,nan,nan,234,905,596,359
1.5,1.0,41,2,8560490898255420252,3.0,3.25,26,0.26949042150938435,nan,nan,234,905,596,359
1.5,1.0,41,3,8560490898255420252,3.0,3.25,26,0.07464668639877169,nan,nan,234,905,596,359
1.5,1.0,42,1,8998466156930584701,3.0,3.25,26,0.663745672504596,nan,nan,247,1003,624,362
1.5,1.0,42,2,8998466156930584701,3.0,3.25,26,0.3413298926408625,nan,nan,247,1003,624,362
1.5,1.0,42,3,8998466156930584701,3.0,3.25,26,0.15975183545734434,nan,nan,247,1003,624,362
1.5,1.0,43,1,7063070678028731404,3.0,3.25,26,0.574291489058719,nan,nan,202,840,558,330
1.5,1.0,43,2,7063070678028731404,3.0,3.25,26,0.22681413538728018,nan,nan,202,840,558,330
1.5,1.0,43,3,7063070678028731404,3.0,3.25,26,0.054367317743482295,nan,nan,202,840,558,330
1.5,1.0,44,1,14116756263061925333,3.0,3.25,26,0.5886014450649444,nan,nan,183,621,446,240
1.5,1.0,44,2,14116756263061925333,3.0,3.25,26,0.22864123379980614,nan,nan,183,621,446,240
1.5,1.0,44,3,14116756263061925333,3.0,3.25,26,0.06938024260318969,nan,nan,183,621,446,240
1.5,1.0,45,1,9010075371584974857,3.0,3.25,26,0.694119260602706,nan,nan,257,1031,616,334
1.5,1.0,45,2,9010075371584974857,3.0,3.25,26,0.343106749425342,nan,nan,257,1031,616,334
1.5,1.0,45,3,9010075371584974857,3.0,3.25,26,0.12529532646671623,nan,nan,257,1031,616,334
1.5,1.0,46,1,14428552991587030775,3.0,3.25,26,0.6705106081211777,nan,nan,232,909,601,334
1.5,1.0,46,2,14428552991587030775,3.0,3.25,26,0.3071950149291973,nan,nan,232,909,601,334
1.5,1.0,46,3,14428552991587030775,3.0,3.25,26,0.08500485090083444,nan,nan,232,909,601,334
1.5,1.0,47,1,17031784121299562822,3.0,3.25,26,0.6571208448578236,nan,nan,210,903,566,316
1.5,1.0,47,2,17031784121299562822,3.0,3.25,26,0.2665035782410851,nan,nan,210,903,566,316
1.5,1.0,47,3,17031784121299562822,3.0,3.25,26,0.08166587362238621,nan,nan,210,903,566,316
1.5,1.0,48,1,13405828712845019184,3.0,3.25,26,0.654150232199651,nan,nan,203,848,538,325
1.5,1.0,48,2,13405828712845019184,3.0,3.25,26,0.29297625306865965,nan,nan,203,848,538,325
1.5,1.0,48,3,13405828712845019184,3.0,3.25,26,0.0747094798149456,nan,nan,203,848,538,325
1.5,1.0,49,1,15867770779886240164,3.0,3.25,26,0.6353375520777905,nan,nan,207,872,553,321
1.5,1.0,49,2,15867770779886240164,3.0,3.25,26,0.2857254954905975,nan,nan,207,872,553,321
1.5,1.0,49,3,15867770779886240164,3.0,3.25,26,0.14050930462421152,nan,nan,207,872,553,321
1.5,1.0,50,1,12828308869353027051,3.0,3.25,26,0.5746013469424147,nan,nan,182,694,478,268
1.5,1.0,50,2,12828308869353027051,3.0,3.25,26,0.2672970529823824,nan,nan,182,694,478,268
1.5,1.0,50,3,12828308869353027051,3.0,3.25,26,0.08430521806216454,nan,nan,182,694,478,268
1.5,1.0,51,1,9078229565769748517,3.0,3.25,26,0.6185805679655562,nan,nan,232,910,632,320
1.5,1.0,51,2,9078229565769748517,3.0,3.25,26,0.27875981632329794,nan,nan,232,910,632,320
1.5,1.0,51,3,9078229565769748517,3.0,3.25,26,0.10714458159332091,nan,nan,232,910,632,320
1.5,1.0,52,1,14358735914762417678,3.0,3.25,26,0.5689979464654521,nan,nan,197,666,478,269
1.5,1.0,52,2,14358735914762417678,3.0,3.25,26,0.19513738988618667,nan,nan,197,666,478,269
1.5,1.0,52,3,14358735914762417678,3.0,3.25,26,0.0636849294028235,nan,nan,197,666,478,269
1.5,1.0,53,1,12801583877264715536,3.0,3.25,26,0.6953713859477109,nan,nan,217,916,583,325
1.5,1.0,53,2,12801583877264715536,3.0,3.25,26,0.37907745980361174,nan,nan,217,916,583,325
1.5,1.0,53,3,12801583877264715536,3.0,3.25,26,0.15862713839165407,nan,nan,217,916,583,325
1.5,1.0,54,1,8339759021980853988,3.0,3.25,26,0.5902552830666568,nan,nan,186,684,470,265
1.5,1.0,54,2,8339759021980853988,3.0,3.25,26,0.24462161964648363,nan,nan,186,684,470,265
1.5,1.0,54,3,8339759021980853988,3.0,3.25,26,0.06131724414767078,nan,nan,186,684,470,265
1.5,1.0,55,1,9023222788200065946,3.0,3.25,26,0.601146322353235,nan,nan,210,755,531,279
1.5,1.0,55,2,9023222788200065946,3.0,3.25,26,0.3026131323329682,nan,nan,210,755,531,279
1.5,1.0,55,3,9023222788200065946,3.0,3.25,26,0.11065610665601927,nan,nan,210,755,531,279
1.5,1.0,56,1,15547641048455190253,3.0,3.25,26,0.5861101858251944,nan,nan,229,684,487,268
1.5,1.0,56,2,15547641048455190253,3.0,3.25,26,0.26217172293160945,nan,nan,229,684,487,268
1.5,1.0,56,3,15547641048455190253,3.0,3.25,26,0.05586457948466662,nan,nan,229,684,487,268
1.5,1.0,57,1,1751731868672945282,3.0,3.25,26,0.6909735242765896,nan,nan,194,788,511,285
1.5,1.0,57,2,1751731868672945282,3.0,3.25,26,0.37942947646338665,nan,nan,194,788,511,285
1.5,1.0,57,3,1751731868672945282,3.0,3.25,26,0.15644632132958564,nan,nan,194,788,511,285
1.5,1.0,58,1,6605492554995100819,3.0,3.25,26,0.6100939147458756,nan,nan,262,1120,673,406
1.5,1.0,58,2,6605492554995100819,3.0,3.25,26,0.2677080166564104,nan,nan,262,1120,673,406
1.5,1.0,58,3,6605492554995100819,3.0,3.25,26,0.08703688739240513,nan,nan,262,1120,673,406
1.5,1.0,59,1,16066049335037306271,3.0,3.25,26,0.6839901716001571,nan,nan,217,935,585,352
1.5,1.0,59,2,16066049335037306271,3.0,3.25,26,0.3712117370802331,nan,nan,217,935,585,352
1.5,1.0,59,3,16066049335037306271,3.0,3.25,26,0.13934461979984888,nan,nan,217,935,585,352
1.5,1.0,60,1,10433807897652744015,3.0,3.25,26,0.6523697415491458,nan,nan,190,799,504,304
1.5,1.0,60,2,10433807897652744015,3.0,3.25,26,0.3335781631057371,nan,nan,190,799,504,304
1.5,1.0,60,3,10433807897652744015,3.0,3.25,26,0.12778756634241412,nan,nan,190,799,504,304
1.5,1.0,61,1,7083809013053774098,3.0,3.25,26,0.6696260313654743,nan,nan,228,786,547,282
1.5,1.0,61,2,7083809013053774098,3.0,3.25,26,0.3464017315193106,nan,nan,228,786,547,282
1.5,1.0,61,3,7083809013053774098,3.0,3.25,26,0.13836512067089263,nan,nan,228,786,547,282
1.5,1.0,62,1,6921191490486438322,3.0,3.25,26,0.6753388149754159,nan,nan,219,916,589,339
1.5,1.0,62,2,6921191490486438322,3.0,3.25,26,0.3216395657832055,nan,nan,219,916,589,339
1.5,1.0,62,3,6921191490486438322,3.0,3.25,26,0.09661953400789086,nan,nan,219,916,589,339
1.5,1.0,63,1,12795182087240306011,3.0,3.25,26,0.7029495615385245,nan,nan,206,858,540,317
1.5,1.0,63,2,12795182087240306011,3.0,3.25,26,0.35585640401814267,nan,nan,206,858,540,317
1.5,1.0,63,3,12795182087240306011,3.0,3.25,26,0.1345141696855165,nan,nan,206,858,540,317
1.5,1.0,64,1,2685464922840624708,3.0,3.25,26,0.6350016009172271,nan,nan,195,665,471,249
1.5,1.0,64,2,2685464922840624708,3.0,3.25,26,0.33836614129477866,nan,nan,195,665,471,249
1.5,1.0,64,3,2685464922840624708,3.0,3.25,26,0.09226474166618612,nan,nan,195,665,471,249
1.5,1.0,65,1,15061263162152983146,3.0,3.25,26,0.646989076444026,nan,nan,197,790,515,288
1.5,1.0,65,2,15061263162152983146,3.0,3.25,26,0.32062964103323116,nan,nan,197,790,515,288
1.5,1.0,65,3,15061263162152983146,3.0,3.25,26,0.09355219384593967,nan,nan,197,790,515,288
1.5,1.0,66,1,4366013503335941087,3.0,3.25,26,0.6816171685504546,nan,nan,202,795,541,280
1.5,1.0,66,2,4366013503335941087,3.0,3.25,26,0.33764861712553895,nan,nan,202,795,541,280
1.5,1.0,66,3,4366013503335941087,3.0,3.25,26,0.11930764147739961,nan,nan,202,795,541,280
1.5,1.0,67,1,12496191584813433784,3.0,3.25,26,0.6201182040566388,nan,nan,202,679,466,269
1.5,1.0,67,2,12496191584813433784,3.0,3.25,26,0.28304448009819155,nan,nan,202,679,466,269
1.5,1.0,67,3,12496191584813433784,3.0,3.25,26,0.10047837942783565,nan,nan,202,679,466,269
1.5,1.0,68,1,731702261096409242,3.0,3.25,26,0.6522266960794281,nan,nan,198,772,499,249
1.5,1.0,68,2,731702261096409242,3.0,3.25,26,0.26141361311314554,nan,nan,198,772,499,249
1.5,1.0,68,3,731702261096409242,3.0,3.25,26,0.06505647143145901,nan,nan,198,772,499,249
1.5,1.0,69,1,2653257363896137403,3.0,3.25,26,0.6081153139074666,nan,nan,195,707,479,260
1.5,1.0,69,2,2653257363896137403,3.0,3.25,26,0.20743084415117166,nan,nan,195,707,479,260
1.5,1.0,69,3,2653257363896137403,3.0,3.25,26,0.056224080612773605,nan,nan,195,707,479,260
1.5,1.0,70,1,13535025457058510728,3.0,3.25,26,0.5709108082632869,nan,nan,207,785,506,314
1.5,1.0,70,2,13535025457058510728,3.0,3.25,26,0.2829337819944707,nan,nan,207,785,506,314
1.5,1.0,70,3,13535025457058510728,3.0,3.25,26,0.11581618636665224,nan,nan,207,785,506,314
1.5,1.0,71,1,3988492153076194057,3.0,3.25,26,0.6236549546425727,nan,nan,232,952,619,348
1.5,1.0,71,2,3988492153076194057,3.0,3.25,26,0.267392226488597,nan,nan,232,952,619,348
1.5,1.0,71,3,3988492153076194057,3.0,3.25,26,0.09771540990631902,nan,nan,232,952,619,348
1.5,1.0,72,1,2602440490021016955,3.0,3.25,26,0.5207255061019422,nan,nan,207,883,585,349
1.5,1.0,72,2,2602440490021016955,3.0,3.25,26,0.17665498951887898,nan,nan,207,883,585,349
1.5,1.0,72,3,2602440490021016955,3.0,3.25,26,0.05605010060508875,nan,nan,207,883,585,349
1.5,1.0,73,1,11103806610480813618,3.0,3.25,26,0.6426045575792424,nan,nan,204,747,499,300
1.5,1.0,73,2,11103806610480813618,3.0,3.25,26,0.27804786268278303,nan,nan,204,747,499,300
1.5,1.0,73,3,11103806610480813618,3.0,3.25,26,0.10476010011023155,nan,nan,204,747,499,300
1.5,1.0,74,1,2618828141926924252,3.0,3.25,26,0.6806830085645754,nan,nan,195,808,540,287
1.5,1.0,74,2,2618828141926924252,3.0,3.25,26,0.3274793321040402,nan,nan,195,808,540,287
1.5,1.0,74,3,2618828141926924252,3.0,3.25,26,0.12065213262942522,nan,nan,195,808,540,287
1.5,1.0,75,1,6004139771974009814,3.0,3.25,26,0.6595291810949729,nan,nan,189,607,455,232
1.5,1.0,75,2,6004139771974009814,3.0,3.25,26,0.31766580334244093,nan,nan,189,607,455,232
1.5,1.0,75,3,6004139771974009814,3.0,3.25,26,0.11463077260040633,nan,nan,189,607,455,232
1.5,1.0,76,1,3299525233755768819,3.0,3.25,26,0.6564235369448023,nan,nan,185,785,526,306
1.5,1.0,76,2,3299525233755768819,3.0,3.25,26,0.29934732013991117,nan,nan,185,785,526,306
1.5,1.0,76,3,3299525233755768819,3.0,3.25,26,0.11728180894375682,nan,nan,185,785,526,306
1.5,1.0,77,1,16702345240009166273,3.0,3.25,26,0.7202930214511861,nan,nan,168,688,470,255
1.5,1.0,77,2,16702345240009166273,3.0,3.25,26,0.32052032770940647,nan,nan,168,688,470,255
1.5,1.0,77,3,16702345240009166273,3.0,3.25,26,0.1063355040884153,nan,nan,168,688,470,255
1.5,1.0,78,1,16974752221533688061,3.0,3.25,26,0.5931860704094728,nan,nan,170,557,408,241
1.5,1.0,78,2,16974752221533688061,3.0,3.25,26,0.2270245935016849,nan,nan,170,557,408,241
1.5,1.0,78,3,16974752221533688061,3.0,3.25,26,0.09267510916331355,nan,nan,170,557,408,241
1.5,1.0,79,1,5770258035892453777,3.0,3.25,26,0.6541452870494902,nan,nan,208,694,486,268
1.5,1.0,79,2,5770258035892453777,3.0,3.25,26,0.27219933598481905,nan,nan,208,694,486,268
1.5,1.0,79,3,5770258035892453777,3.0,3.25,26,0.083454291418633,nan,nan,208,694,486,268
1.5,1.0,80,1,7105800988477352543,3.0,3.25,26,0.6279492530395456,nan,nan,203,814,529,312
1.5,1.0,80,2,7105800988477352543,3.0,3.25,26,0.3045949020171188,nan,nan,203,814,529,312
1.5,1.0,80,3,7105800988477352543,3.0,3.25,26,0.09299422619066872,nan,nan,203,814,529,312
1.5,1.0,81,1,14467441213917165892,3.0,3.25,26,0.6859839941580412,nan,nan,191,690,498,242
1.5,1.0,81,2,14467441213917165892,3.0,3.25,26,0.3165817842112162,nan,nan,191,690,498,242
1.5,1.0,81,3,14467441213917165892,3.0,3.25,26,0.11677292891538338,nan,nan,191,690,498,242
1.5,1.0,82,1,14321708649981966618,3.0,3.25,26,0.6418883946229614,nan,nan,221,895,564,314
1.5,1.0,82,2,14321708649981966618,3.0,3.25,26,0.2870826509086081,nan,nan,221,895,564,314
1.5,1.0,82,3,14321708649981966618,3.0,3.25,26,0.10322442107297133,nan,nan,221,895,564,314
1.5,1.0,83,1,18190502269675942382,3.0,3.25,26,0.7153852217381343,nan,nan,174,613,440,245
1.5,1.0,83,2,18190502269675942382,3.0,3.25,26,0.3495247804367783,nan,nan,174,613,440,245
1.5,1.0,83,3,18190502269675942382,3.0,3.25,26,0.1191366464830646,nan,nan,174,613,440,245
1.5,1.0,84,1,8022826423833020997,3.0,3.25,26,0.7076049768250946,nan,nan,170,732,476,271
1.5,1.0,84,2,8022826423833020997,3.0,3.25,26,0.35934448951724735,nan,nan,170,732,476,271
1.5,1.0,84,3,8022826423833020997,3.0,3.25,26,0.14808465784887928,nan,nan,170,732,476,271
1.5,1.0,85,1,8907944378290927987,3.0,3.25,26,0.6383126096496047,nan,nan,188,653,471,246
1.5,1.0,85,2,8907944378290927987,3.0,3.25,26,0.2893039338823037,nan,nan,188,653,471,246
1.5,1.0,85,3,8907944378290927987,3.0,3.25,26,0.10998310573516827,nan,nan,188,653,471,246
1.5,1.0,86,1,16154597264242301520,3.0,3.25,26,0.6016315867721207,nan,nan,194,759,523,271
1.5,1.0,86,2,16154597264242301520,3.0,3.25,26,0.23007217250670103,nan,nan,194,759,523,271
1.5,1.0,86,3,16154597264242301520,3.0,3.25,26,0.06242859242547985,nan,nan,194,759,523,271
1.5,1.0,87,1,8731540626667938695,3.0,3.25,26,0.6046816101691651,nan,nan,204,731,528,267
1.5,1.0,87,2,8731540626667938695,3.0,3.25,26,0.25752680169116565,nan,nan,204,731,528,267
1.5,1.0,87,3,8731540626667938695,3.0,3.25,26,0.09934233313950422,nan,nan,204,731,528,267
1.5,1.0,88,1,2401799891155013610,3.0,3.25,26,0.581170714663447,nan,nan,185,700,482,274
1.5,1.0,88,2,2401799891155013610,3.0,3.25,26,0.25920380789153735,nan,nan,185,700,482,274
1.5,1.0,88,3,2401799891155013610,3.0,3.25,26,0.06220014682494826,nan,nan,185,700,482,274
1.5,1.0,89,1,12651979937578766605,3.0,3.25,26,0.6088030407819789,nan,nan,205,734,523,286
1.5,1.0,89,2,12651979937578766605,3.0,3.25,26,0.22785990657556296,nan,nan,205,734,523,286
1.5,1.0,89,3,12651979937578766605,3.0,3.25,26,0.06590832696235181,nan,nan,205,734,523,286
1.5,1.0,90,1,14793818754544042423,3.0,3.25,26,0.7332427174611541,nan,nan,209,659,456,259
1.5,1.0,90,2,14793818754544042423,3.0,3.25,26,0.38118396947532135,nan,nan,209,659,456,259
1.5,1.0,90,3,14793818754544042423,3.0,3.25,26,0.16043727951171183,nan,nan,209,659,456,259
1.5,1.0,91,1,10014473870931948815,3.0,3.25,26,0.5089960596388236,nan,nan,182,691,476,268
1.5,1.0,91,2,10014473870931948815,3.0,3.25,26,0.193265597936354,nan,nan,182,691,476,268
1.5,1.0,91,3,10014473870931948815,3.0,3.25,26,0.04207231267598794,nan,nan,182,691,476,268
1.5,1.0,92,1,6888491298482938405,3.0,3.25,26,0.6589741139122304,nan,nan,195,768,503,272
1.5,1.0,92,2,6888491298482938405,3.0,3.25,26,0.31363014724122606,nan,nan,195,768,503,272
1.5,1.0,92,3,6888491298482938405,3.0,3.25,26,0.12617738336901899,nan,nan,195,768,503,272
1.5,1.0,93,1,11641168032315606902,3.0,3.25,26,0.4873468041092697,nan,nan,198,871,576,344
1.5,1.0,93,2,11641168032315606902,3.0,3.25,26,0.17464334469782578,nan,nan,198,871,576,344
1.5,1.0,93,3,11641168032315606902,3.0,3.25,26,0.05556659532220207,nan,nan,198,871,576,344
1.5,1.0,94,1,13410870179484942640,3.0,3.25,26,0.658544863649954,nan,nan,171,602,432,231
1.5,1.0,94,2,13410870179484942640,3.0,3.25,26,0.27943580498332493,nan,nan,171,602,432,231
1.5,1.0,94,3,13410870179484942640,3.0,3.25,26,0.08015275905081723,nan,nan,171,602,432,231
1.5,1.0,95,1,15026791188451218242,3.0,3.25,26,0.5261575308170829,nan,nan,192,591,435,232
1.5,1.0,95,2,15026791188451218242,3.0,3.25,26,0.21495895258817382,nan,nan,192,591,435,232
1.5,1.0,95,3,15026791188451218242,3.0,3.25,26,0.05157085705692503,nan,nan,192,591,435,232
1.5,1.0,96,1,7250288015378130127,3.0,3.25,26,0.6194217603637863,nan,nan,195,677,500,246
1.5,1.0,96,2,7250288015378130127,3.0,3.25,26,0.23905203733741442,nan,nan,195,677,500,246
1.5,1.0,96,3,7250288015378130127,3.0,3.25,26,0.04578146843112452,nan,nan,195,677,500,246
1.5,1.0,97,1,13391023301115262746,3.0,3.25,26,0.7106162792964581,nan,nan,213,883,573,329
1.5,1.0,97,2,13391023301115262746,3.0,3.25,26,0.3296775681095862,nan,nan,213,883,573,329
1.5,1.0,97,3,13391023301115262746,3.0,3.25,26,0.11152240223604422,nan,nan,213,883,573,329
1.5,1.0,98,1,16340263258572465710,3.0,3.25,26,0.6849058410705079,nan,nan,172,487,383,198
1.5,1.0,98,2,16340263258572465710,3.0,3.25,26,0.23023751291821468,nan,nan,172,487,383,198
1.5,1.0,98,3,16340263258572465710,3.0,3.25,26,0.04332874567991103,nan,nan,172,487,383,198
1.5,1.0,99,1,15310844392947929529,3.0,3.25,26,0.6759517741833426,nan,nan,185,711,494,268
1.5,1.0,99,2,15310844392947929529,3.0,3.25,26,0.3345509008930057,nan,nan,185,711,494,268
1.5,1.0,99,3,15310844392947929529,3.0,3.25,26,0.1596783792475335,nan,nan,185,711,494,268
1.5,1.0,100,1,3069156973266495705,3.0,3.25,26,0.6284951382171263,nan,nan,178,764,522,270
1.5,1.0,100,2,3069156973266495705,3.0,3.25,26,0.30289802291911927,nan,nan,178,764,522,270
1.5,1.0,100,3,3069156973266495705,3.0,3.25,26,0.12675656235464008,nan,nan,178,764,522,270
1.5,1.0,101,1,15992503165230150992,3.0,3.25,26,0.6791012068415855,nan,nan,190,813,534,296
1.5,1.0,101,2,15992503165230150992,3.0,3.25,26,0.29049073096090317,nan,nan,190,813,534,296
1.5,1.0,101,3,15992503165230150992,3.0,3.25,26,0.08805914373002073,nan,nan,190,813,534,296
1.5,1.0,102,1,16273583013177095315,3.0,3.25,26,0.6063453837560342,nan,nan,217,673,509,262
1.5,1.0,102,2,16273583013177095315,3.0,3.25,26,0.20606282960285804,nan,nan,217,673,509,262
1.5,1.0,102,3,16273583013177095315,3.0,3.25,26,0.028310283644879062,nan,nan,217,673,509,262
1.5,1.0,103,1,14397434857422050524,3.0,3.25,26,0.646110222281088,nan,nan,206,863,571,320
1.5,1.0,103,2,14397434857422050524,3.0,3.25,26,0.23965744408074738,nan,nan,206,863,571,320
1.5,1.0,103,3,14397434857422050524,3.0,3.25,26,0.07218684125258375,nan,nan,206,863,571,320
1.5,1.0,104,1,5708740006842133288,3.0,3.25,26,0.5654187027088926,nan,nan,186,597,445,250
1.5,1.0,104,2,5708740006842133288,3.0,3.25,26,0.2784168821936666,nan,nan,186,597,445,250
1.5,1.0,104,3,5708740006842133288,3.0,3.25,26,0.09700215650870928,nan,nan,186,597,445,250
1.5,1.0,105,1,18362728359240740982,3.0,3.25,26,0.6688520114878851,nan,nan,174,616,449,236
1.5,1.0,105,2,18362728359240740982,3.0,3.25,26,0.359854170817603,nan,nan,174,616,449,236
1.5,1.0,105,3,18362728359240740982,3.0,3.25,26,0.1655345953372849,nan,nan,174,616,449,236
1.5,1.0,106,1,4324361088404696286,3.0,3.25,26,0.6330068035898709,nan,nan,211,789,525,292
1.5,1.0,106,2,4324361088404696286,3.0,3.25,26,0.2940435071168435,nan,nan,211,789,525,292
1.5,1.0,106,3,4324361088404696286,3.0,3.25,26,0.08009652105406696,nan,nan,211,789,525,292
1.5,1.0,107,1,432357500872392730,3.0,3.25,26,0.719014070169255,nan,nan,230,935,603,300
1.5,1.0,107,2,432357500872392730,3.0,3.25,26,0.39691323943338197,nan,nan,230,935,603,300
1.5,1.0,107,3,432357500872392730,3.0,3.25,26,0.1925110782428853,nan,nan,230,935,603,300
1.5,1.0,108,1,1278095589149154702,3.0,3.25,26,0.6390063611134761,nan,nan,221,906,592,326
1.5,1.0,108,2,1278095589149154702,3.0,3.25,26,0.24371991436032642,nan,nan,221,906,592,326
1.5,1.0,108,3,1278095589149154702,3.0,3.25,26,0.08995363271746239,nan,nan,221,906,592,326
1.5,1.0,109,1,15197647945041693165,3.0,3.25,26,0.6304054239874278,nan,nan,248,908,601,333
1.5,1.0,109,2,15197647945041693165,3.0,3.25,26,0.2831059570186297,nan,nan,248,908,601,333
1.5,1.0,109,3,15197647945041693165,3.0,3.25,26,0.08849035023032055,nan,nan,248,908,601,333
1.5,1.0,110,1,17778679097623158153,3.0,3.25,26,0.6542414624126511,nan,nan,186,774,527,286
1.5,1.0,110,2,17778679097623158153,3.0,3.25,26,0.3208215589352041,nan,nan,186,774,527,286
1.5,1.0,110,3,17778679097623158153,3.0,3.25,26,0.18066892769359366,nan,nan,186,774,527,286
1.5,1.0,111,1,2075059238551061230,3.0,3.25,26,0.657759646719283,nan,nan,172,700,489,267
1.5,1.0,111,2,2075059238551061230,3.0,3.25,26,0.2957615943143793,nan,nan,172,700,489,267
1.5,1.0,111,3,2075059238551061230,3.0,3.25,26,0.13160283751821436,nan,nan,172,700,489,267
1.5,1.0,112,1,15574440876338776951,3.0,3.25,26,0.6663955341052338,nan,nan,182,697,475,288
1.5,1.0,112,2,15574440876338776951,3.0,3.25,26,0.3348433450378127,nan,nan,182,697,475,288
1.5,1.0,112,3,15574440876338776951,3.0,3.25,26,0.11606107702894176,nan,nan,182,697,475,288
1.5,1.0,113,1,4971174458915793124,3.0,3.25,26,0.6562307487757368,nan,nan,204,907,562,327
1.5,1.0,113,2,4971174458915793124,3.0,3.25,26,0.3083824321806581,nan,nan,204,907,562,327
1.5,1.0,113,3,4971174458915793124,3.0,3.25,26,0.11692795678698381,nan,nan,204,907,562,327
1.5,1.0,114,1,9879835891594515996,3.0,3.25,26,0.6544661746231196,nan,nan,228,868,575,306
1.5,1.0,114,2,9879835891594515996,3.0,3.25,26,0.3069379906494722,nan,nan,228,868,575,306
1.5,1.0,114,3,9879835891594515996,3.0,3.25,26,0.11517104748094578,nan,nan,228,868,575,306
1.5,1.0,115,1,859552154308188689,3.0,3.25,26,0.5787431952795947,nan,nan,223,788,565,279
1.5,1.0,115,2,859552154308188689,3.0,3.25,26,0.2023701375545312,nan,nan,223,788,565,279
1.5,1.0,115,3,859552154308188689,3.0,3.25,26,0.040663620524374874,nan,nan,223,788,565,279
1.5,1.0,116,1,16567451932042594852,3.0,3.25,26,0.7200625116571137,nan,nan,191,753,502,273
1.5,1.0,116,2,16567451932042594852,3.0,3.25,26,0.43124769083445813,nan,nan,191,753,502,273
1.5,1.0,116,3,16567451932042594852,3.0,3.25,26,0.17885115202302343,nan,nan,191,753,502,273
1.5,1.0,117,1,7445497853884826900,3.0,3.25,26,0.6476018753706464,nan,nan,251,1008,640,365
1.5,1.0,117,2,7445497853884826900,3.0,3.25,26,0.27483010357808274,nan,nan,251,1008,640,365
1.5,1.0,117,3,7445497853884826900,3.0,3.25,26,0.08018132965719492,nan,nan,251,1008,640,365
1.5,1.0,118,1,5990743537872013629,3.0,3.25,26,0.6395877964050188,nan,nan,221,959,597,361
1.5,1.0,118,2,5990743537872013629,3.0,3.25,26,0.28317019586248526,nan,nan,221,959,597,361
1.5,1.0,118,3,5990743537872013629,3.0,3.25,26,0.10855691630187825,nan,nan,221,959,597,361
1.5,1.0,119,1,13101485746221370620,3.0,3.25,26,0.6098403387598119,nan,nan,208,831,543,314
1.5,1.0,119,2,13101485746221370620,3.0,3.25,26,0.23888192639513273,nan,nan,208,831,543,314
1.5,1.0,119,3,13101485746221370620,3.0,3.25,26,0.05872055084441149,nan,nan,208,831,543,314
2.0,0.0,0,1,11013003192622882938,3.0,3.25,26,0.6568145072754438,nan,nan,4134,7939,3965,0
2.0,0.0,0,2,11013003192622882938,3.0,3.25,26,0.33116423494273356,nan,nan,4134,7939,3965,0
2.0,0.0,0,3,11013003192622882938,3.0,3.25,26,0.1303601459778304,nan,nan,4134,7939,3965,0
2.0,0.0,1,1,18434781516532500741,3.0,3.25,26,0.6659341890649214,nan,nan,5278,10061,4946,0
2.0,0.0,1,2,18434781516532500741,3.0,3.25,26,0.3358429844902686,nan,nan,5278,10061,4946,0
2.0,0.0,1,3,18434781516532500741,3.0,3.25,26,0.13452390256315577,nan,nan,5278,10061,4946,0
2.0,0.0,2,1,1356693331929597291,3.0,3.25,26,0.65269623657019,nan,nan,3419,6703,3444,0
2.0,0.0,2,2,1356693331929597291,3.0,3.25,26,0.3208041812387226,nan,nan,3419,6703,3444,0
2.0,0.0,2,3,1356693331929597291,3.0,3.25,26,0.12273039687908413,nan,nan,3419,6703,3444,0
2.0,0.0,3,1,2423855272274603943,3.0,3.25,26,0.6758509918502976,nan,nan,4540,8604,4225,0
2.0,0.0,3,2,2423855272274603943,3.0,3.25,26,0.34054505855559997,nan,nan,4540,8604,4225,0
2.0,0.0,3,3,2423855272274603943,3.0,3.25,26,0.14230795390772905,nan,nan,4540,8604,4225,0
2.0,0.0,4,1,2249536766377695466,3.0,3.25,26,0.6658656179746463,nan,nan,4741,9169,4590,0
2.0,0.0,4,2,2249536766377695466,3.0,3.25,26,0.3164688928341984,nan,nan,4741,9169,4590,0
2.0,0.0,4,3,2249536766377695466,3.0,3.25,26,0.12057180944964255,nan,nan,4741,9169,4590,0
2.0,0.0,5,1,11783322207058331716,3.0,3.25,26,0.651786165325562,nan,nan,4798,9248,4610,0
2.0,0.0,5,2,11783322207058331716,3.0,3.25,26,0.320807298401039,nan,nan,4798,9248,4610,0
2.0,0.0,5,3,11783322207058331716,3.0,3.25,26,0.13365634583505565,nan,nan,4798,9248,4610,0
2.0,0.0,6,1,8242358735824036241,3.0,3.25,26,0.6819973868024124,nan,nan,5254,9980,4888,0
2.0,0.0,6,2,8242358735824036241,3.0,3.25,26,0.35702814355416107,nan,nan,5254,9980,4888,0
2.0,0.0,6,3,8242358735824036241,3.0,3.25,26,0.14878509455168915,nan,nan,5254,9980,4888,0
2.0,0.0,7,1,17408538333312295615,3.0,3.25,26,0.6526706856331637,nan,nan,3233,6180,3107,0
2.0,0.0,7,2,17408538333312295615,3.0,3.25,26,0.32304038384832984,nan,nan,3233,6180,3107,0
2.0,0.0,7,3,17408538333312295615,3.0,3.25,26,0.13367958647971676,nan,nan,3233,6180,3107,0
2.0,0.0,8,1,10359084012297435594,3.0,3.25,26,0.675920709696328,nan,nan,4279,8153,4036,0
2.0,0.0,8,2,10359084012297435594,3.0,3.25,26,0.35147139807647765,nan,nan,4279,8153,4036,0
2.0,0.0,8,3,10359084012297435594,3.0,3.25,26,0.1445476471591003,nan,nan,4279,8153,4036,0
2.0,0.0,9,1,5951411322069834375,3.0,3.25,26,0.6668498509140458,nan,nan,3804,7242,3598,0
2.0,0.0,9,2,5951411322069834375,3.0,3.25,26,0.3351558442874381,nan,nan,3804,7242,3598,0
2.0,0.0,9,3,5951411322069834375,3.0,3.25,26,0.13814314303890882,nan,nan,3804,7242,3598,0
2.0,0.0,10,1,15311023930738638457,3.0,3.25,26,0.6618666301855982,nan,nan,5413,10363,5110,0
2.0,0.0,10,2,15311023930738638457,3.0,3.25,26,0.3330576888396465,nan,nan,5413,10363,5110,0
2.0,0.0,10,3,15311023930738638457,3.0,3.25,26,0.13487439575150237,nan,nan,5413,10363,5110,0
2.0,0.0,11,1,13804258620016981994,3.0,3.25,26,0.674643372097116,nan,nan,4858,9447,4749,0
2.0,0.0,11,2,13804258620016981994,3.0,3.25,26,0.33863746120946797,nan,nan,4858,9447,4749,0
2.0,0.0,11,3,13804258620016981994,3.0,3.25,26,0.13347014252471429,nan,nan,4858,9447,4749,0
2.0,0.0,12,1,13894142045781447644,3.0,3.25,26,0.6569647488880925,nan,nan,3905,7588,3843,0
2.0,0.0,12,2,13894142045781447644,3.0,3.25,26,0.31848483287432544,nan,nan,3905,7588,3843,0
2.0,0.0,12,3,13894142045781447644,3.0,3.25,26,0.11671657718190986,nan,nan,3905,7588,3843,0
2.0,0.0,13,1,12608394039007292817,3.0,3.25,26,0.6601524318442265,nan,nan,4104,7774,3830,0
2.0,0.0,13,2,12608394039007292817,3.0,3.25,26,0.3274704974888048,nan,nan,4104,7774,3830,0
2.0,0.0,13,3,12608394039007292817,3.0,3.25,26,0.12286546543554275,nan,nan,4104,7774,3830,0
2.0,0.0,14,1,13627016301764652420,3.0,3.25,26,0.6782441453987816,nan,nan,3237,6099,3022,0
2.0,0.0,14,2,13627016301764652420,3.0,3.25,26,0.3480597197130087,nan,nan,3237,6099,3022,0
2.0,0.0,14,3,13627016301764652420,3.0,3.25,26,0.15329597387129343,nan,nan,3237,6099,3022,0
2.0,0.0,15,1,17152088992723701012,3.0,3.25,26,0.6633407762110639,nan,nan,3452,6761,3469,0
2.0,0.0,15,2,17152088992723701012,3.0,3.25,26,0.3377956576755729,nan,nan,3452,6761,3469,0
2.0,0.0,15,3,17152088992723701012,3.0,3.25,26,0.13583162097279122,nan,nan,3452,6761,3469,0
2.0,0.0,16,1,1389416097182080776,3.0,3.25,26,0.6766198489090376,nan,nan,3872,7334,3622,0
2.0,0.0,16,2,1389416097182080776,3.0,3.25,26,0.3488911742354545,nan,nan,3872,7334,3622,0
2.0,0.0,16,3,1389416097182080776,3.0,3.25,26,0.14241972362139488,nan,nan,3872,7334,3622,0
2.0,0.0,17,1,14700491749898851333,3.0,3.25,26,0.6661176306978487,nan,nan,4124,7992,4030,0
2.0,0.0,17,2,14700491749898851333,3.0,3.25,26,0.33256200119163226,nan,nan,4124,7992,4030,0
2.0,0.0,17,3,14700491749898851333,3.0,3.25,26,0.13579345302218873,nan,nan,4124,7992,4030,0
2.0,0.0,18,1,8461189555334300088,3.0,3.25,26,0.6695513251127263,nan,nan,4675,8689,4174,0
2.0,0.0,18,2,8461189555334300088,3.0,3.25,26,0.3383399984145834,nan,nan,4675,8689,4174,0
2.0,0.0,18,3,8461189555334300088,3.0,3.25,26,0.13413737193766911,nan,nan,4675,8689,4174,0
2.0,0.0,19,1,10439022022802296628,3.0,3.25,26,0.6627055238176426,nan,nan,3612,7089,3639,0
2.0,0.0,19,2,10439022022802296628,3.0,3.25,26,0.3275284683039365,nan,nan,3612,7089,3639,0
2.0,0.0,19,3,10439022022802296628,3.0,3.25,26,0.12981668745277014,nan,nan,3612,7089,3639,0
2.0,0.0,20,1,768645812019470678,3.0,3.25,26,0.6709324765347996,nan,nan,3864,7416,3713,0
2.0,0.0,20,2,768645812019470678,3.0,3.25,26,0.3417267314802274,nan,nan,3864,7416,3713,0
2.0,0.0,20,3,768645812019470678,3.0,3.25,26,0.14180219725943596,nan,nan,3864,7416,3713,0
2.0,0.0,21,1,9822511093677804298,3.0,3.25,26,0.6672200525299823,nan,nan,3422,6681,3419,0
2.0,0.0,21,2,9822511093677804298,3.0,3.25,26,0.3394588508118007,nan,nan,3422,6681,3419,0
2.0,0.0,21,3,9822511093677804298,3.0,3.25,26,0.1426265136013025,nan,nan,3422,6681,3419,0
2.0,0.0,22,1,14622546534352137592,3.0,3.25,26,0.6659950955426983,nan,nan,3900,7603,3863,0
2.0,0.0,22,2,14622546534352137592,3.0,3.25,26,0.3345607111435376,nan,nan,3900,7603,3863,0
2.0,0.0,22,3,14622546534352137592,3.0,3.25,26,0.13951007459906786,nan,nan,3900,7603,3863,0
2.0,0.0,23,1,12260220386027255810,3.0,3.25,26,0.6755733292367067,nan,nan,3414,6568,3315,0
2.0,0.0,23,2,12260220386027255810,3.0,3.25,26,0.34422338464513336,nan,nan,3414,6568,3315,0
2.0,0.0,23,3,12260220386027255810,3.0,3.25,26,0.14261248693867765,nan,nan,3414,6568,3315,0
2.0,0.0,24,1,1915857854416463661,3.0,3.25,26,0.6749574121391441,nan,nan,3392,6592,3361,0
2.0,0.0,24,2,1915857854416463661,3.0,3.25,26,0.35281993617152063,nan,nan,3392,6592,3361,0
2.0,0.0,24,3,1915857854416463661,3.0,3.25,26,0.14899548097815135,nan,nan,3392,6592,3361,0
2.0,0.0,25,1,510951769563164601,3.0,3.25,26,0.6504390986679968,nan,nan,4348,8360,4175,0
2.0,0.0,25,2,510951769563164601,3.0,3.25,26,0.31600738135628553,nan,nan,4348,8360,4175,0
2.0,0.0,25,3,510951769563164601,3.0,3.25,26,0.1202637390228947,nan,nan,4348,8360,4175,0
2.0,0.0,26,1,16934303836743890629,3.0,3.25,26,0.6739261197887083,nan,nan,4376,8263,4051,0
2.0,0.0,26,2,16934303836743890629,3.0,3.25,26,0.3439003973947709,nan,nan,4376,8263,4051,0
2.0,0.0,26,3,16934303836743890629,3.0,3.25,26,0.13933933737843504,nan,nan,4376,8263,4051,0
2.0,0.0,27,1,14251305893231515252,3.0,3.25,26,0.6734921722210856,nan,nan,4628,8740,4272,0
2.0,0.0,27,2,14251305893231515252,3.0,3.25,26,0.3451072090745698,nan,nan,4628,8740,4272,0
2.0,0.0,27,3,14251305893231515252,3.0,3.25,26,0.14205359012718033,nan,nan,4628,8740,4272,0
2.0,0.0,28,1,4969116103577181915,3.0,3.25,26,0.6677797943696343,nan,nan,4319,8291,4134,0
2.0,0.0,28,2,4969116103577181915,3.0,3.25,26,0.3406585332725642,nan,nan,4319,8291,4134,0
2.0,0.0,28,3,4969116103577181915,3.0,3.25,26,0.14025657865914035,nan,nan,4319,8291,4134,0
2.0,0.0,29,1,6983213233438739488,3.0,3.25,26,0.6641324144973149,nan,nan,4616,8821,4366,0
2.0,0.0,29,2,6983213233438739488,3.0,3.25,26,0.3229224308666114,nan,nan,4616,8821,4366,0
2.0,0.0,29,3,6983213233438739488,3.0,3.25,26,0.12917335622573287,nan,nan,4616,8821,4366,0
2.0,0.0,30,1,1280812885201458601,3.0,3.25,26,0.6641466461188246,nan,nan,3881,7480,3759,0
2.0,0.0,30,2,1280812885201458601,3.0,3.25,26,0.3243839847237765,nan,nan,3881,7480,3759,0
2.0,0.0,30,3,1280812885201458601,3.0,3.25,26,0.12361354027534298,nan,nan,3881,7480,3759,0
2.0,0.0,31,1,2471351721892925699,3.0,3.25,26,0.6663622895065668,nan,nan,4735,8894,4321,0
2.0,0.0,31,2,2471351721892925699,3.0,3.25,26,0.33774272961986296,nan,nan,4735,8894,4321,0
2.0,0.0,31,3,2471351721892925699,3.0,3.25,26,0.1344866023450388,nan,nan,4735,8894,4321,0
2.0,0.0,32,1,16556381949100807299,3.0,3.25,26,0.6742182754641333,nan,nan,4042,7748,3866,0
2.0,0.0,32,2,16556381949100807299,3.0,3.25,26,0.34131270416945864,nan,nan,4042,7748,3866,0
2.0,0.0,32,3,16556381949100807299,3.0,3.25,26,0.13655021082259802,nan,nan,4042,7748,3866,0
2.0,0.0,33,1,7597001977858842884,3.0,3.25,26,0.6826752329207006,nan,nan,4355,8202,4007,0
2.0,0.0,33,2,7597001977858842884,3.0,3.25,26,0.3531923182987437,nan,nan,4355,8202,4007,0
2.0,0.0,33,3,7597001977858842884,3.0,3.25,26,0.14916207524317318,nan,nan,4355,8202,4007,0
2.0,0.0,34,1,2409235866818354259,3.0,3.25,26,0.649539489477588,nan,nan,4595,9111,4676,0
2.0,0.0,34,2,2409235866818354259,3.0,3.25,26,0.3150194382194915,nan,nan,4595,9111,4676,0
2.0,0.0,34,3,2409235866818354259,3.0,3.25,26,0.12108516060266353,nan,nan,4595,9111,4676,0
2.0,0.0,35,1,6499750815277623505,3.0,3.25,26,0.6566275558354889,nan,nan,3632,7020,3548,0
2.0,0.0,35,2,6499750815277623505,3.0,3.25,26,0.3219687091897978,nan,nan,3632,7020,3548,0
2.0,0.0,35,3,6499750815277623505,3.0,3.25,26,0.12359801532672583,nan,nan,3632,7020,3548,0
2.0,0.0,36,1,7582125318757218887,3.0,3.25,26,0.6700802699988755,nan,nan,3613,6681,3230,0
2.0,0.0,36,2,7582125318757218887,3.0,3.25,26,0.34194263720079804,nan,nan,3613,6681,3230,0
2.0,0.0,36,3,7582125318757218887,3.0,3.25,26,0.13521777637093954,nan,nan,3613,6681,3230,0
2.0,0.0,37,1,4678090969116201724,3.0,3.25,26,0.6734227761213769,nan,nan,3329,6475,3306,0
2.0,0.0,37,2,4678090969116201724,3.0,3.25,26,0.3307158880895902,nan,nan,3329,6475,3306,0
2.0,0.0,37,3,4678090969116201724,3.0,3.25,26,0.1299101843521988,nan,nan,3329,6475,3306,0
2.0,0.0,38,1,6131480970885058909,3.0,3.25,26,0.6646793131907612,nan,nan,3646,7091,3608,0
2.0,0.0,38,2,6131480970885058909,3.0,3.25,26,0.3129217922122237,nan,nan,3646,7091,3608,0
2.0,0.0,38,3,6131480970885058909,3.0,3.25,26,0.11886870446352445,nan,nan,3646,7091,3608,0
2.0,0.0,39,1,12602329432493747653,3.0,3.25,26,0.6681653429893817,nan,nan,4652,9147,4657,0
2.0,0.0,39,2,12602329432493747653,3.0,3.25,26,0.3381273598131026,nan,nan,4652,9147,4657,0
2.0,0.0,39,3,12602329432493747653,3.0,3.25,26,0.13749390374101023,nan,nan,4652,9147,4657,0
2.0,0.0,40,1,3411556159919025913,3.0,3.25,26,0.67565929982107,nan,nan,3451,6611,3324,0
2.0,0.0,40,2,3411556159919025913,3.0,3.25,26,0.34745127827484157,nan,nan,3451,6611,3324,0
2.0,0.0,40,3,3411556159919025913,3.0,3.25,26,0.14345005230911376,nan,nan,3451,6611,3324,0
2.0,0.0,41,1,8686982953931371597,3.0,3.25,26,0.6666427422017035,nan,nan,4096,7746,3812,0
2.0,0.0,41,2,8686982953931371597,3.0,3.25,26,0.31805647058224995,nan,nan,4096,7746,3812,0
2.0,0.0,41,3,8686982953931371597,3.0,3.25,26,0.11349194997182685,nan,nan,4096,7746,3812,0
2.0,0.0,42,1,2710715961519955359,3.0,3.25,26,0.6818827456529187,nan,nan,5621,10553,5093,0
2.0,0.0,42,2,2710715961519955359,3.0,3.25,26,0.35615069264738636,nan,nan,5621,10553,5093,0
2.0,0.0,42,3,2710715961519955359,3.0,3.25,26,0.1484216635928774,nan,nan,5621,10553,5093,0
2.0,0.0,43,1,4602005718207659927,3.0,3.25,26,0.664009610706005,nan,nan,3836,7484,3809,0
2.0,0.0,43,2,4602005718207659927,3.0,3.25,26,0.33546619001993994,nan,nan,3836,7484,3809,0
2.0,0.0,43,3,4602005718207659927,3.0,3.25,26,0.12977430370952797,nan,nan,3836,7484,3809,0
2.0,0.0,44,1,4097292847585530579,3.0,3.25,26,0.6645122388966033,nan,nan,4507,8741,4396,0
2.0,0.0,44,2,4097292847585530579,3.0,3.25,26,0.32829005224521907,nan,nan,4507,8741,4396,0
2.0,0.0,44,3,4097292847585530579,3.0,3.25,26,0.1247880526602688,nan,nan,4507,8741,4396,0
2.0,0.0,45,1,15101226073105548136,3.0,3.25,26,0.6551843479688905,nan,nan,4873,9389,4678,0
2.0,0.0,45,2,15101226073105548136,3.0,3.25,26,0.3143749348448924,nan,nan,4873,9389,4678,0
2.0,0.0,45,3,15101226073105548136,3.0,3.25,26,0.11999169484262324,nan,nan,4873,9389,4678,0
2.0,0.0,46,1,1755894574709908831,3.0,3.25,26,0.6699122702046929,nan,nan,5637,10586,5110,0
2.0,0.0,46,2,1755894574709908831,3.0,3.25,26,0.3349783602660835,nan,nan,5637,10586,5110,0
2.0,0.0,46,3,1755894574709908831,3.0,3.25,26,0.13880303755111753,nan,nan,5637,10586,5110,0
2.0,0.0,47,1,15742584089646183107,3.0,3.25,26,0.6835185063065244,nan,nan,4609,8763,4314,0
2.0,0.0,47,2,15742584089646183107,3.0,3.25,26,0.3417915818766758,nan,nan,4609,8763,4314,0
2.0,0.0,47,3,15742584089646183107,3.0,3.25,26,0.13859379476014566,nan,nan,4609,8763,4314,0
2.0,0.0,48,1,5982773992783318686,3.0,3.25,26,0.68841977860425,nan,nan,4962,9164,4362,0
2.0,0.0,48,2,5982773992783318686,3.0,3.25,26,0.36217999703255127,nan,nan,4962,9164,4362,0
2.0,0.0,48,3,5982773992783318686,3.0,3.25,26,0.16005697481232545,nan,nan,4962,9164,4362,0
2.0,0.0,49,1,2480263061796548492,3.0,3.25,26,0.6674264588028168,nan,nan,3700,7041,3504,0
2.0,0.0,49,2,2480263061796548492,3.0,3.25,26,0.33606627493872465,nan,nan,3700,7041,3504,0
2.0,0.0,49,3,2480263061796548492,3.0,3.25,26,0.13542099120543727,nan,nan,3700,7041,3504,0
2.0,0.0,50,1,499798955060233262,3.0,3.25,26,0.6628144346355741,nan,nan,3593,6883,3451,0
2.0,0.0,50,2,499798955060233262,3.0,3.25,26,0.31775778369430446,nan,nan,3593,6883,3451,0
2.0,0.0,50,3,499798955060233262,3.0,3.25,26,0.11377985246869361,nan,nan,3593,6883,3451,0
2.0,0.0,51,1,14207454966797817289,3.0,3.25,26,0.6646184993369229,nan,nan,3989,7593,3766,0
2.0,0.0,51,2,14207454966797817289,3.0,3.25,26,0.3381275690908104,nan,nan,3989,7593,3766,0
2.0,0.0,51,3,14207454966797817289,3.0,3.25,26,0.13474653756608004,nan,nan,3989,7593,3766,0
2.0,0.0,52,1,5625297631164197643,3.0,3.25,26,0.6658791050974104,nan,nan,4126,7968,4002,0
2.0,0.0,52,2,5625297631164197643,3.0,3.25,26,0.3413792896054189,nan,nan,4126,7968,4002,0
2.0,0.0,52,3,5625297631164197643,3.0,3.25,26,0.1443665072701885,nan,nan,4126,7968,4002,0
2.0,0.0,53,1,17618616297608404249,3.0,3.25,26,0.675155739208435,nan,nan,3226,6296,3236,0
2.0,0.0,53,2,17618616297608404249,3.0,3.25,26,0.3379436463046269,nan,nan,3226,6296,3236,0
2.0,0.0,53,3,17618616297608404249,3.0,3.25,26,0.13379199182113843,nan,nan,3226,6296,3236,0
2.0,0.0,54,1,2263144144546754629,3.0,3.25,26,0.6598745841306837,nan,nan,3672,7140,3629,0
2.0,0.0,54,2,2263144144546754629,3.0,3.25,26,0.3270504875147165,nan,nan,3672,7140,3629,0
2.0,0.0,54,3,2263144144546754629,3.0,3.25,26,0.13039557566118992,nan,nan,3672,7140,3629,0
2.0,0.0,55,1,13419194827913995701,3.0,3.25,26,0.6700832957370457,nan,nan,4156,7840,3848,0
2.0,0.0,55,2,13419194827913995701,3.0,3.25,26,0.3519719772514588,nan,nan,4156,7840,3848,0
2.0,0.0,55,3,13419194827913995701,3.0,3.25,26,0.14767284634264177,nan,nan,4156,7840,3848,0
2.0,0.0,56,1,8396409599640402518,3.0,3.25,26,0.6694292308460402,nan,nan,4127,7836,3869,0
2.0,0.0,56,2,8396409599640402518,3.0,3.25,26,0.3413368596709365,nan,nan,4127,7836,3869,0
2.0,0.0,56,3,8396409599640402518,3.0,3.25,26,0.1440175967780026,nan,nan,4127,7836,3869,0
2.0,0.0,57,1,4821008599567241351,3.0,3.25,26,0.6731132469922011,nan,nan,4128,7769,3801,0
2.0,0.0,57,2,4821008599567241351,3.0,3.25,26,0.3476262705239995,nan,nan,4128,7769,3801,0
2.0,0.0,57,3,4821008599567241351,3.0,3.25,26,0.14361258457794743,nan,nan,4128,7769,3801,0
2.0,0.0,58,1,569588428667277736,3.0,3.25,26,0.6711696170026369,nan,nan,5152,9748,4758,0
2.0,0.0,58,2,569588428667277736,3.0,3.25,26,0.33801683559236656,nan,nan,5152,9748,4758,0
2.0,0.0,58,3,569588428667277736,3.0,3.25,26,0.13305049134057267,nan,nan,5152,9748,4758,0
2.0,0.0,59,1,12944331988575562155,3.0,3.25,26,0.6623542329285335,nan,nan,4404,8519,4275,0
2.0,0.0,59,2,12944331988575562155,3.0,3.25,26,0.33752132335800833,nan,nan,4404,8519,4275,0
2.0,0.0,59,3,12944331988575562155,3.0,3.25,26,0.14060732405134083,nan,nan,4404,8519,4275,0
2.0,0.0,60,1,18325204721038688725,3.0,3.25,26,0.6736387281248771,nan,nan,4185,7903,3878,0
2.0,0.0,60,2,18325204721038688725,3.0,3.25,26,0.33659152914033075,nan,nan,4185,7903,3878,0
2.0,0.0,60,3,18325204721038688725,3.0,3.25,26,0.14180246278262476,nan,nan,4185,7903,3878,0
2.0,0.0,61,1,2671440656570083024,3.0,3.25,26,0.6641189511927629,nan,nan,3737,7335,3759,0
2.0,0.0,61,2,2671440656570083024,3.0,3.25,26,0.32047088049360717,nan,nan,3737,7335,3759,0
2.0,0.0,61,3,2671440656570083024,3.0,3.25,26,0.11395171624524243,nan,nan,3737,7335,3759,0
2.0,0.0,62,1,13003164644470508014,3.0,3.25,26,0.6608285303970816,nan,nan,4211,8065,4015,0
2.0,0.0,62,2,13003164644470508014,3.0,3.25,26,0.3233356759883177,nan,nan,4211,8065,4015,0
2.0,0.0,62,3,13003164644470508014,3.0,3.25,26,0.12317521796380107,nan,nan,4211,8065,4015,0
2.0,0.0,63,1,209546504185981384,3.0,3.25,26,0.6685404977554315,nan,nan,5761,10840,5239,0
2.0,0.0,63,2,209546504185981384,3.0,3.25,26,0.33275994543389115,nan,nan,5761,10840,5239,0
2.0,0.0,63,3,209546504185981384,3.0,3.25,26,0.13288968420424768,nan,nan,5761,10840,5239,0
2.0,0.0,64,1,539360331140132486,3.0,3.25,26,0.6660925435524099,nan,nan,4556,8924,4528,0
2.0,0.0,64,2,539360331140132486,3.0,3.25,26,0.32996149731163843,nan,nan,4556,8924,4528,0
2.0,0.0,64,3,539360331140132486,3.0,3.25,26,0.12623823347737592,nan,nan,4556,8924,4528,0
2.0,0.0,65,1,5317308862856659825,3.0,3.25,26,0.6761199882390484,nan,nan,4697,8942,4405,0
2.0,0.0,65,2,5317308862856659825,3.0,3.25,26,0.3491124801863324,nan,nan,4697,8942,4405,0
2.0,0.0,65,3,5317308862856659825,3.0,3.25,26,0.14373623914228542,nan,nan,4697,8942,4405,0
2.0,0.0,66,1,2561882891489397425,3.0,3.25,26,0.6697914956725838,nan,nan,3202,6269,3227,0
2.0,0.0,66,2,2561882891489397425,3.0,3.25,26,0.34037802442805554,nan,nan,3202,6269,3227,0
2.0,0.0,66,3,2561882891489397425,3.0,3.25,26,0.13747490434173149,nan,nan,3202,6269,3227,0
2.0,0.0,67,1,17356034379111722141,3.0,3.25,26,0.6703967724452143,nan,nan,3800,7152,3512,0
2.0,0.0,67,2,17356034379111722141,3.0,3.25,26,0.3335059566879565,nan,nan,3800,7152,3512,0
2.0,0.0,67,3,17356034379111722141,3.0,3.25,26,0.1301515478755108,nan,nan,3800,7152,3512,0
2.0,0.0,68,1,11026936363791104862,3.0,3.25,26,0.6735165694267621,nan,nan,4763,9068,4465,0
2.0,0.0,68,2,11026936363791104862,3.0,3.25,26,0.3404943572217621,nan,nan,4763,9068,4465,0
2.0,0.0,68,3,11026936363791104862,3.0,3.25,26,0.13918897744380643,nan,nan,4763,9068,4465,0
2.0,0.0,69,1,18203620247627995682,3.0,3.25,26,0.6613194902682566,nan,nan,3845,7400,3715,0
2.0,0.0,69,2,18203620247627995682,3.0,3.25,26,0.3293534051820745,nan,nan,3845,7400,3715,0
2.0,0.0,69,3,18203620247627995682,3.0,3.25,26,0.1308662503559443,nan,nan,3845,7400,3715,0
2.0,0.0,70,1,1752073426170062836,3.0,3.25,26,0.6789415297331616,nan,nan,4549,8495,4106,0
2.0,0.0,70,2,1752073426170062836,3.0,3.25,26,0.34697779489712816,nan,nan,4549,8495,4106,0
2.0,0.0,70,3,1752073426170062836,3.0,3.25,26,0.13975923270480461,nan,nan,4549,8495,4106,0
2.0,0.0,71,1,11979113935809167403,3.0,3.25,26,0.6819141199162341,nan,nan,4392,8358,4127,0
2.0,0.0,71,2,11979113935809167403,3.0,3.25,26,0.3544592201351573,nan,nan,4392,8358,4127,0
2.0,0.0,71,3,11979113935809167403,3.0,3.25,26,0.1503060081654035,nan,nan,4392,8358,4127,0
2.0,0.0,72,1,5580274982300700810,3.0,3.25,26,0.6609674258320777,nan,nan,4415,8289,4036,0
2.0,0.0,72,2,5580274982300700810,3.0,3.25,26,0.3283296584823885,nan,nan,4415,8289,4036,0
2.0,0.0,72,3,5580274982300700810,3.0,3.25,26,0.12517900077507876,nan,nan,4415,8289,4036,0
2.0,0.0,73,1,7942379705004638935,3.0,3.25,26,0.6727749168750164,nan,nan,4058,7787,3889,0
2.0,0.0,73,2,7942379705004638935,3.0,3.25,26,0.34053010635068354,nan,nan,4058,7787,3889,0
2.0,0.0,73,3,7942379705004638935,3.0,3.25,26,0.13668568462357253,nan,nan,4058,7787,3889,0
2.0,0.0,74,1,6119258118964235870,3.0,3.25,26,0.6494795140334546,nan,nan,4470,8772,4462,0
2.0,0.0,74,2,6119258118964235870,3.0,3.25,26,0.3121258102484135,nan,nan,4470,8772,4462,0
2.0,0.0,74,3,6119258118964235870,3.0,3.25,26,0.11532334965639862,nan,nan,4470,8772,4462,0
2.0,0.0,75,1,5601379020499929867,3.0,3.25,26,0.6700313261800469,nan,nan,4450,8453,4163,0
2.0,0.0,75,2,5601379020499929867,3.0,3.25,26,0.3297209472542337,nan,nan,4450,8453,4163,0
2.0,0.0,75,3,5601379020499929867,3.0,3.25,26,0.1273723176019862,nan,nan,4450,8453,4163,0
2.0,0.0,76,1,12276744609594042886,3.0,3.25,26,0.658799272847741,nan,nan,4086,8067,4143,0
2.0,0.0,76,2,12276744609594042886,3.0,3.25,26,0.32691574866742923,nan,nan,4086,8067,4143,0
2.0,0.0,76,3,12276744609594042886,3.0,3.25,26,0.13017595168560883,nan,nan,4086,8067,4143,0
2.0,0.0,77,1,12493115889133796211,3.0,3.25,26,0.6643775515325518,nan,nan,3210,6172,3126,0
2.0,0.0,77,2,12493115889133796211,3.0,3.25,26,0.32664114607862077,nan,nan,3210,6172,3126,0
2.0,0.0,77,3,12493115889133796211,3.0,3.25,26,0.1273331096768085,nan,nan,3210,6172,3126,0
2.0,0.0,78,1,7152872592042013955,3.0,3.25,26,0.6744197930255844,nan,nan,4044,7875,3993,0
2.0,0.0,78,2,7152872592042013955,3.0,3.25,26,0.3321315754598254,nan,nan,4044,7875,3993,0
2.0,0.0,78,3,7152872592042013955,3.0,3.25,26,0.12483230101740486,nan,nan,4044,7875,3993,0
2.0,0.0,79,1,9990114969044653525,3.0,3.25,26,0.6745632680326051,nan,nan,4368,8375,4169,0
2.0,0.0,79,2,9990114969044653525,3.0,3.25,26,0.3369432784913406,nan,nan,4368,8375,4169,0
2.0,0.0,79,3,9990114969044653525,3.0,3.25,26,0.13481981526894593,nan,nan,4368,8375,4169,0
2.0,0.0,80,1,9567224740154580113,3.0,3.25,26,0.6668078262047897,nan,nan,3898,7391,3653,0
2.0,0.0,80,2,9567224740154580113,3.0,3.25,26,0.33417966440904967,nan,nan,3898,7391,3653,0
2.0,0.0,80,3,9567224740154580113,3.0,3.25,26,0.13817731763215108,nan,nan,3898,7391,3653,0
2.0,0.0,81,1,11995482915460695384,3.0,3.25,26,0.6568942945767097,nan,nan,3946,7636,3854,0
2.0,0.0,81,2,11995482915460695384,3.0,3.25,26,0.32310968365477294,nan,nan,3946,7636,3854,0
2.0,0.0,81,3,11995482915460695384,3.0,3.25,26,0.12344421937445632,nan,nan,3946,7636,3854,0
2.0,0.0,82,1,14463605326042415514,3.0,3.25,26,0.6663761758326393,nan,nan,4122,8023,4061,0
2.0,0.0,82,2,14463605326042415514,3.0,3.25,26,0.3310863968368667,nan,nan,4122,8023,4061,0
2.0,0.0,82,3,14463605326042415514,3.0,3.25,26,0.13758031174630034,nan,nan,4122,8023,4061,0
2.0,0.0,83,1,11032602643997434233,3.0,3.25,26,0.6611237245541868,nan,nan,3329,6575,3407,0
2.0,0.0,83,2,11032602643997434233,3.0,3.25,26,0.3282524869317608,nan,nan,3329,6575,3407,0
2.0,0.0,83,3,11032602643997434233,3.0,3.25,26,0.12534979113218175,nan,nan,3329,6575,3407,0
2.0,0.0,84,1,11325211165432833682,3.0,3.25,26,0.6673143417811143,nan,nan,5338,10075,4898,0
2.0,0.0,84,2,11325211165432833682,3.0,3.25,26,0.3258752849535575,nan,nan,5338,10075,4898,0
2.0,0.0,84,3,11325211165432833682,3.0,3.25,26,0.13147080683405482,nan,nan,5338,10075,4898,0
2.0,0.0,85,1,4958578521570695758,3.0,3.25,26,0.6668593369985591,nan,nan,3555,6757,3363,0
2.0,0.0,85,2,4958578521570695758,3.0,3.25,26,0.3188011417287907,nan,nan,3555,6757,3363,0
2.0,0.0,85,3,4958578521570695758,3.0,3.25,26,0.13047054248707007,nan,nan,3555,6757,3363,0
2.0,0.0,86,1,3370144798119507679,3.0,3.25,26,0.6727496733847429,nan,nan,3660,6999,3499,0
2.0,0.0,86,2,3370144798119507679,3.0,3.25,26,0.3370254588413003,nan,nan,3660,6999,3499,0
2.0,0.0,86,3,3370144798119507679,3.0,3.25,26,0.13463189750474044,nan,nan,3660,6999,3499,0
2.0,0.0,87,1,10255329495057084667,3.0,3.25,26,0.6745856810297681,nan,nan,3297,6360,3223,0
2.0,0.0,87,2,10255329495057084667,3.0,3.25,26,0.34762567309472014,nan,nan,3297,6360,3223,0
2.0,0.0,87,3,10255329495057084667,3.0,3.25,26,0.1376037472899091,nan,nan,3297,6360,3223,0
2.0,0.0,88,1,8982249727400866880,3.0,3.25,26,0.6692335603933337,nan,nan,4974,9575,4762,0
2.0,0.0,88,2,8982249727400866880,3.0,3.25,26,0.3366536374820002,nan,nan,4974,9575,4762,0
2.0,0.0,88,3,8982249727400866880,3.0,3.25,26,0.1349579333553726,nan,nan,4974,9575,4762,0
2.0,0.0,89,1,5814629352758566650,3.0,3.25,26,0.680710556569931,nan,nan,4844,9189,4505,0
2.0,0.0,89,2,5814629352758566650,3.0,3.25,26,0.3487543492347013,nan,nan,4844,9189,4505,0
2.0,0.0,89,3,5814629352758566650,3.0,3.25,26,0.1478558662559627,nan,nan,4844,9189,4505,0
2.0,0.0,90,1,6307440154978620702,3.0,3.25,26,0.656598681653491,nan,nan,3759,7444,3845,0
2.0,0.0,90,2,6307440154978620702,3.0,3.25,26,0.327769789543084,nan,nan,3759,7444,3845,0
2.0,0.0,90,3,6307440154978620702,3.0,3.25,26,0.12860535688339444,nan,nan,3759,7444,3845,0
2.0,0.0,91,1,11078272878731900720,3.0,3.25,26,0.6718640661297872,nan,nan,3509,6791,3442,0
2.0,0.0,91,2,11078272878731900720,3.0,3.25,26,0.33546738531740233,nan,nan,3509,6791,3442,0
2.0,0.0,91,3,11078272878731900720,3.0,3.25,26,0.13346534472308352,nan,nan,3509,6791,3442,0
2.0,0.0,92,1,10946067535729559450,3.0,3.25,26,0.6715231277818362,nan,nan,3592,6854,3425,0
2.0,0.0,92,2,10946067535729559450,3.0,3.25,26,0.3466487816802115,nan,nan,3592,6854,3425,0
2.0,0.0,92,3,10946067535729559450,3.0,3.25,26,0.150234843412402,nan,nan,3592,6854,3425,0
2.0,0.0,93,1,1378693619344317684,3.0,3.25,26,0.676298416377281,nan,nan,4056,7888,3992,0
2.0,0.0,93,2,1378693619344317684,3.0,3.25,26,0.3376642613017768,nan,nan,4056,7888,3992,0
2.0,0.0,93,3,1378693619344317684,3.0,3.25,26,0.1385070496510116,nan,nan,4056,7888,3992,0
2.0,0.0,94,1,13720856828243217215,3.0,3.25,26,0.6572592480953395,nan,nan,4277,8407,4290,0
2.0,0.0,94,2,13720856828243217215,3.0,3.25,26,0.3197533219463169,nan,nan,4277,8407,4290,0
2.0,0.0,94,3,13720856828243217215,3.0,3.25,26,0.12240551251955814,nan,nan,4277,8407,4290,0
2.0,0.0,95,1,6259317823657915204,3.0,3.25,26,0.6727338103801587,nan,nan,3806,7506,3862,0
2.0,0.0,95,2,6259317823657915204,3.0,3.25,26,0.34706138960253785,nan,nan,3806,7506,3862,0
2.0,0.0,95,3,6259317823657915204,3.0,3.25,26,0.1516405219346092,nan,nan,3806,7506,3862,0
2.0,0.0,96,1,592384382416283225,3.0,3.25,26,0.6604337964479392,nan,nan,4399,8371,4134,0
2.0,0.0,96,2,592384382416283225,3.0,3.25,26,0.32578560402857865,nan,nan,4399,8371,4134,0
2.0,0.0,96,3,592384382416283225,3.0,3.25,26,0.13182990171850373,nan,nan,4399,8371,4134,0
2.0,0.0,97,1,17429968683027408597,3.0,3.25,26,0.6707503149371171,nan,nan,4503,8629,4286,0
2.0,0.0,97,2,17429968683027408597,3.0,3.25,26,0.34451379105179364,nan,nan,4503,8629,4286,0
2.0,0.0,97,3,17429968683027408597,3.0,3.25,26,0.1472227884322496,nan,nan,4503,8629,4286,0
2.0,0.0,98,1,2281419345663819680,3.0,3.25,26,0.6722020141732892,nan,nan,6068,11396,5489,0
2.0,0.0,98,2,2281419345663819680,3.0,3.25,26,0.34267593643190664,nan,nan,6068,11396,5489,0
2.0,0.0,98,3,2281419345663819680,3.0,3.25,26,0.1447741195462098,nan,nan,6068,11396,5489,0
2.0,0.0,99,1,4552230041598184613,3.0,3.25,26,0.6714059855369787,nan,nan,4484,8628,4305,0
2.0,0.0,99,2,4552230041598184613,3.0,3.25,26,0.3369953055503222,nan,nan,4484,8628,4305,0
2.0,0.0,99,3,4552230041598184613,3.0,3.25,26,0.13596141384058263,nan,nan,4484,8628,4305,0
2.0,0.0,100,1,5359136675924701202,3.0,3.25,26,0.677464024403169,nan,nan,4137,7785,3809,0
2.0,0.0,100,2,5359136675924701202,3.0,3.25,26,0.35560979046275687,nan,nan,4137,7785,3809,0
2.0,0.0,100,3,5359136675924701202,3.0,3.25,26,0.15518896703855936,nan,nan,4137,7785,3809,0
2.0,0.0,101,1,16858457398698281266,3.0,3.25,26,0.6794182656750929,nan,nan,4338,8222,4045,0
2.0,0.0,101,2,16858457398698281266,3.0,3.25,26,0.33970975727013647,nan,nan,4338,8222,4045,0
2.0,0.0,101,3,16858457398698281266,3.0,3.25,26,0.13515965140422048,nan,nan,4338,8222,4045,0
2.0,0.0,102,1,1146502277602229871,3.0,3.25,26,0.6823513749095795,nan,nan,3685,6981,3457,0
2.0,0.0,102,2,1146502277602229871,3.0,3.25,26,0.3652725213610954,nan,nan,3685,6981,3457,0
2.0,0.0,102,3,1146502277602229871,3.0,3.25,26,0.16426245369038975,nan,nan,3685,6981,3457,0
2.0,0.0,103,1,71382056705578723,3.0,3.25,26,0.6813608434035535,nan,nan,3493,6701,3369,0
2.0,0.0,103,2,71382056705578723,3.0,3.25,26,0.3532559078493231,nan,nan,3493,6701,3369,0
2.0,0.0,103,3,71382056705578723,3.0,3.25,26,0.14536501271796076,nan,nan,3493,6701,3369,0
2.0,0.0,104,1,16258759658660092370,3.0,3.25,26,0.6633208236832103,nan,nan,4040,7823,3946,0
2.0,0.0,104,2,16258759658660092370,3.0,3.25,26,0.32973501775918385,nan,nan,4040,7823,3946,0
2.0,0.0,104,3,16258759658660092370,3.0,3.25,26,0.13166525695577277,nan,nan,4040,7823,3946,0
2.0,0.0,105,1,12886115235453053966,3.0,3.25,26,0.6848758304305408,nan,nan,3834,7263,3589,0
2.0,0.0,105,2,12886115235453053966,3.0,3.25,26,0.35884109949167386,nan,nan,3834,7263,3589,0
2.0,0.0,105,3,12886115235453053966,3.0,3.25,26,0.15071785006386568,nan,nan,3834,7263,3589,0
2.0,0.0,106,1,3971438207743244301,3.0,3.25,26,0.664057849582369,nan,nan,4826,9156,4491,0
2.0,0.0,106,2,3971438207743244301,3.0,3.25,26,0.3216395847029428,nan,nan,4826,9156,4491,0
2.0,0.0,106,3,3971438207743244301,3.0,3.25,26,0.11786886421363935,nan,nan,4826,9156,4491,0
2.0,0.0,107,1,11726507966458103,3.0,3.25,26,0.6666405537735554,nan,nan,4285,8219,4095,0
2.0,0.0,107,2,11726507966458103,3.0,3.25,26,0.33525429630956743,nan,nan,4285,8219,4095,0
2.0,0.0,107,3,11726507966458103,3.0,3.25,26,0.12374493891528177,nan,nan,4285,8219,4095,0
2.0,0.0,108,1,6832320514066792804,3.0,3.25,26,0.6738448447720263,nan,nan,4478,8648,4330,0
2.0,0.0,108,2,6832320514066792804,3.0,3.25,26,0.3352727568705921,nan,nan,4478,8648,4330,0
2.0,0.0,108,3,6832320514066792804,3.0,3.25,26,0.13246438393475654,nan,nan,4478,8648,4330,0
2.0,0.0,109,1,13237272397318294197,3.0,3.25,26,0.6530594170334368,nan,nan,4070,7999,4089,0
2.0,0.0,109,2,13237272397318294197,3.0,3.25,26,0.31291170180453187,nan,nan,4070,7999,4089,0
2.0,0.0,109,3,13237272397318294197,3.0,3.25,26,0.11926801736445111,nan,nan,4070,7999,4089,0
2.0,0.0,110,1,11764947539442039615,3.0,3.25,26,0.6718916903179349,nan,nan,4204,8142,4098,0
2.0,0.0,110,2,11764947539442039615,3.0,3.25,26,0.3479618422889002,nan,nan,4204,8142,4098,0
2.0,0.0,110,3,11764947539442039615,3.0,3.25,26,0.14646761034343284,nan,nan,4204,8142,4098,0
2.0,0.0,111,1,12776075635469151169,3.0,3.25,26,0.6802560305249721,nan,nan,4091,7748,3817,0
2.0,0.0,111,2,12776075635469151169,3.0,3.25,26,0.34901073245925657,nan,nan,4091,7748,3817,0
2.0,0.0,111,3,12776075635469151169,3.0,3.25,26,0.15039942356658476,nan,nan,4091,7748,3817,0
2.0,0.0,112,1,2471001823654066203,3.0,3.25,26,0.66643794528298,nan,nan,4766,9128,4523,0
2.0,0.0,112,2,2471001823654066203,3.0,3.25,26,0.33458712921775535,nan,nan,4766,9128,4523,0
2.0,0.0,112,3,2471001823654066203,3.0,3.25,26,0.13113891007501424,nan,nan,4766,9128,4523,0
2.0,0.0,113,1,11810138664976311972,3.0,3.25,26,0.6489520227558873,nan,nan,3744,7286,3702,0
2.0,0.0,113,2,11810138664976311972,3.0,3.25,26,0.3071720557657343,nan,nan,3744,7286,3702,0
2.0,0.0,113,3,11810138664976311972,3.0,3.25,26,0.11216321663965947,nan,nan,3744,7286,3702,0
2.0,0.0,114,1,1211483944339114288,3.0,3.25,26,0.6586465215546397,nan,nan,5869,11150,5442,0
2.0,0.0,114,2,1211483944339114288,3.0,3.25,26,0.3290023078474424,nan,nan,5869,11150,5442,0
2.0,0.0,114,3,1211483944339114288,3.0,3.25,26,0.1380410931196988,nan,nan,5869,11150,5442,0
2.0,0.0,115,1,3068743838749940540,3.0,3.25,26,0.6594359686407317,nan,nan,3844,7474,3790,0
2.0,0.0,115,2,3068743838749940540,3.0,3.25,26,0.32509522398525514,nan,nan,3844,7474,3790,0
2.0,0.0,115,3,3068743838749940540,3.0,3.25,26,0.13467122911119608,nan,nan,3844,7474,3790,0
2.0,0.0,116,1,14249592058239859155,3.0,3.25,26,0.660470634143029,nan,nan,3364,6821,3617,0
2.0,0.0,116,2,14249592058239859155,3.0,3.25,26,0.3131758191502098,nan,nan,3364,6821,3617,0
2.0,0.0,116,3,14249592058239859155,3.0,3.25,26,0.11969172930307138,nan,nan,3364,6821,3617,0
2.0,0.0,117,1,14237048636539263226,3.0,3.25,26,0.6638647995295806,nan,nan,4151,7964,3973,0
2.0,0.0,117,2,14237048636539263226,3.0,3.25,26,0.32316040917240546,nan,nan,4151,7964,3973,0
2.0,0.0,117,3,14237048636539263226,3.0,3.25,26,0.12104257885317504,nan,nan,4151,7964,3973,0
2.0,0.0,118,1,13191535033818990383,3.0,3.25,26,0.6637221203602285,nan,nan,4839,9273,4594,0
2.0,0.0,118,2,13191535033818990383,3.0,3.25,26,0.3276069420589947,nan,nan,4839,9273,4594,0
2.0,0.0,118,3,13191535033818990383,3.0,3.25,26,0.13604023920549915,nan,nan,4839,9273,4594,0
2.0,0.0,119,1,10821630071776996143,3.0,3.25,26,0.6723016700332588,nan,nan,4379,8303,4084,0
2.0,0.0,119,2,10821630071776996143,3.0,3.25,26,0.34352228710824273,nan,nan,4379,8303,4084,0
2.0,0.0,119,3,10821630071776996143,3.0,3.25,26,0.15144466147722774,nan,nan,4379,8303,4084,0
2.0,0.25,0,1,1734244117777092308,3.0,3.25,26,0.6881770585351554,nan,nan,2307,5037,2475,424
2.0,0.25,0,2,1734244117777092308,3.0,3.25,26,0.37096455131738815,nan,nan,2307,5037,2475,424
2.0,0.25,0,3,1734244117777092308,3.0,3.25,26,0.162046470407109,nan,nan,2307,5037,2475,424
2.0,0.25,1,1,17468379646540600875,3.0,3.25,26,0.6641871380608821,nan,nan,2341,5190,2622,388
2.0,0.25,1,2,17468379646540600875,3.0,3.25,26,0.34256978346343325,nan,nan,2341,5190,2622,388
2.0,0.25,1,3,17468379646540600875,3.0,3.25,26,0.14402341848098316,nan,nan,2341,5190,2622,388
2.0,0.25,2,1,3741569251016698994,3.0,3.25,26,0.6887670516204896,nan,nan,3534,7720,3740,608
2.0,0.25,2,2,3741569251016698994,3.0,3.25,26,0.34471229647218943,nan,nan,3534,7720,3740,608
2.0,0.25,2,3,3741569251016698994,3.0,3.25,26,0.13568100992432466,nan,nan,3534,7720,3740,608
2.0,0.25,3,1,14301253728210381918,3.0,3.25,26,0.6676630754671765,nan,nan,2031,4732,2477,390
2.0,0.25,3,2,14301253728210381918,3.0,3.25,26,0.33780597132804935,nan,nan,2031,4732,2477,390
2.0,0.25,3,3,14301253728210381918,3.0,3.25,26,0.12779026316989556,nan,nan,2031,4732,2477,390
2.0,0.25,4,1,2176202313886706909,3.0,3.25,26,0.6724309042092618,nan,nan,2527,5683,2843,473
2.0,0.25,4,2,2176202313886706909,3.0,3.25,26,0.3429026996445831,nan,nan,2527,5683,2843,473
2.0,0.25,4,3,2176202313886706909,3.0,3.25,26,0.13715446633033362,nan,nan,2527,5683,2843,473
2.0,0.25,5,1,15556649130532810783,3.0,3.25,26,0.6708117757180797,nan,nan,2871,6578,3339,529
2.0,0.25,5,2,15556649130532810783,3.0,3.25,26,0.33575097648407976,nan,nan,2871,6578,3339,529
2.0,0.25,5,3,15556649130532810783,3.0,3.25,26,0.13601040899926922,nan,nan,2871,6578,3339,529
2.0,0.25,6,1,14172027036114536709,3.0,3.25,26,0.6580146115589594,nan,nan,1652,3983,2132,361
2.0,0.25,6,2,14172027036114536709,3.0,3.25,26,0.3229419590542208,nan,nan,1652,3983,2132,361
2.0,0.25,6,3,14172027036114536709,3.0,3.25,26,0.12013541942369471,nan,nan,1652,3983,2132,361
2.0,0.25,7,1,4296125650391365700,3.0,3.25,26,0.6814242144505174,nan,nan,2773,6032,2932,491
2.0,0.25,7,2,4296125650391365700,3.0,3.25,26,0.35714315126292046,nan,nan,2773,6032,2932,491
2.0,0.25,7,3,4296125650391365700,3.0,3.25,26,0.1445027781929834,nan,nan,2773,6032,2932,491
2.0,0.25,8,1,13371535302915434516,3.0,3.25,26,0.6767011843039573,nan,nan,2411,5406,2709,450
2.0,0.25,8,2,13371535302915434516,3.0,3.25,26,0.3410666207527727,nan,nan,2411,5406,2709,450
2.0,0.25,8,3,13371535302915434516,3.0,3.25,26,0.13619967427526222,nan,nan,2411,5406,2709,450
2.0,0.25,9,1,18088041304534726002,3.0,3.25,26,0.6659792682323371,nan,nan,1796,4031,2060,335
2.0,0.25,9,2,18088041304534726002,3.0,3.25,26,0.3209884021616869,nan,nan,1796,4031,2060,335
2.0,0.25,9,3,18088041304534726002,3.0,3.25,26,0.11094772541399872,nan,nan,1796,4031,2060,335
2.0,0.25,10,1,8178720264776668249,3.0,3.25,26,0.6893467930936468,nan,nan,3029,6579,3204,506
2.0,0.25,10,2,8178720264776668249,3.0,3.25,26,0.3426830535540979,nan,nan,3029,6579,3204,506
2.0,0.25,10,3,8178720264776668249,3.0,3.25,26,0.1381617519529707,nan,nan,3029,6579,3204,506
2.0,0.25,11,1,7454383767491680157,3.0,3.25,26,0.6555898181166154,nan,nan,2222,5372,2844,466
2.0,0.25,11,2,7454383767491680157,3.0,3.25,26,0.3307473030844713,nan,nan,2222,5372,2844,466
2.0,0.25,11,3,7454383767491680157,3.0,3.25,26,0.13264048373253734,nan,nan,2222,5372,2844,466
2.0,0.25,12,1,13778612259618350421,3.0,3.25,26,0.6749637494182024,nan,nan,1744,3945,2056,309
2.0,0.25,12,2,13778612259618350421,3.0,3.25,26,0.33999172705192415,nan,nan,1744,3945,2056,309
2.0,0.25,12,3,13778612259618350421,3.0,3.25,26,0.13719949922670624,nan,nan,1744,3945,2056,309
2.0,0.25,13,1,1834687170244236669,3.0,3.25,26,0.6730374000408262,nan,nan,1946,4461,2293,383
2.0,0.25,13,2,1834687170244236669,3.0,3.25,26,0.34238448381218195,nan,nan,1946,4461,2293,383
2.0,0.25,13,3,1834687170244236669,3.0,3.25,26,0.1430589070490575,nan,nan,1946,4461,2293,383
2.0,0.25,14,1,3906565506801483798,3.0,3.25,26,0.6668818870452521,nan,nan,3365,7240,3439,597
2.0,0.25,14,2,3906565506801483798,3.0,3.25,26,0.3312196108375333,nan,nan,3365,7240,3439,597
2.0,0.25,14,3,3906565506801483798,3.0,3.25,26,0.1345236102501209,nan,nan,3365,7240,3439,597
2.0,0.25,15,1,15750298218845066177,3.0,3.25,26,0.6719957115253747,nan,nan,2657,5901,2917,489
2.0,0.25,15,2,15750298218845066177,3.0,3.25,26,0.33989370616165304,nan,nan,2657,5901,2917,489
2.0,0.25,15,3,15750298218845066177,3.0,3.25,26,0.1375967373658394,nan,nan,2657,5901,2917,489
2.0,0.25,16,1,7594684365040277444,3.0,3.25,26,0.6704665170962242,nan,nan,2839,6391,3217,497
2.0,0.25,16,2,7594684365040277444,3.0,3.25,26,0.3404913963946441,nan,nan,2839,6391,3217,497
2.0,0.25,16,3,7594684365040277444,3.0,3.25,26,0.1446689084402474,nan,nan,2839,6391,3217,497
2.0,0.25,17,1,1571285164222701545,3.0,3.25,26,0.6796492083285242,nan,nan,2510,5688,2854,484
2.0,0.25,17,2,1571285164222701545,3.0,3.25,26,0.3529591557237856,nan,nan,2510,5688,2854,484
2.0,0.25,17,3,1571285164222701545,3.0,3.25,26,0.150487560242777,nan,nan,2510,5688,2854,484
2.0,0.25,18,1,12520681760383979700,3.0,3.25,26,0.6666304321781238,nan,nan,2705,6167,3110,512
2.0,0.25,18,2,12520681760383979700,3.0,3.25,26,0.3336990819261082,nan,nan,2705,6167,3110,512
2.0,0.25,18,3,12520681760383979700,3.0,3.25,26,0.13439363298929072,nan,nan,2705,6167,3110,512
2.0,0.25,19,1,3435861290536263810,3.0,3.25,26,0.6805904422963676,nan,nan,2508,5606,2778,481
2.0,0.25,19,2,3435861290536263810,3.0,3.25,26,0.3470839783078209,nan,nan,2508,5606,2778,481
2.0,0.25,19,3,3435861290536263810,3.0,3.25,26,0.14768129611918382,nan,nan,2508,5606,2778,481
2.0,0.25,20,1,17170228373310281213,3.0,3.25,26,0.6810115357555494,nan,nan,2781,6129,2985,523
2.0,0.25,20,2,17170228373310281213,3.0,3.25,26,0.3531108920696797,nan,nan,2781,6129,2985,523
2.0,0.25,20,3,17170228373310281213,3.0,3.25,26,0.14492345759558464,nan,nan,2781,6129,2985,523
2.0,0.25,21,1,14315208707715563697,3.0,3.25,26,0.6623287917059704,nan,nan,2555,5726,2867,467
2.0,0.25,21,2,14315208707715563697,3.0,3.25,26,0.3384576191003799,nan,nan,2555,5726,2867,467
2.0,0.25,21,3,14315208707715563697,3.0,3.25,26,0.13150060421971344,nan,nan,2555,5726,2867,467
2.0,0.25,22,1,8461822470177232810,3.0,3.25,26,0.6812906619679502,nan,nan,3027,6645,3241,537
2.0,0.25,22,2,8461822470177232810,3.0,3.25,26,0.35980957258705637,nan,nan,3027,6645,3241,537
2.0,0.25,22,3,8461822470177232810,3.0,3.25,26,0.15648365545563625,nan,nan,3027,6645,3241,537
2.0,0.25,23,1,10183915566882700466,3.0,3.25,26,0.667019970800503,nan,nan,2676,6128,3079,533
2.0,0.25,23,2,10183915566882700466,3.0,3.25,26,0.32074678984777816,nan,nan,2676,6128,3079,533
2.0,0.25,23,3,10183915566882700466,3.0,3.25,26,0.12274763556289213,nan,nan,2676,6128,3079,533
2.0,0.25,24,1,14005447928334707460,3.0,3.25,26,0.6873936544501196,nan,nan,3171,6865,3295,561
2.0,0.25,24,2,14005447928334707460,3.0,3.25,26,0.35865760146351955,nan,nan,3171,6865,3295,561
2.0,0.25,24,3,14005447928334707460,3.0,3.25,26,0.14347308143342863,nan,nan,3171,6865,3295,561
2.0,0.25,25,1,14656515632744531066,3.0,3.25,26,0.668531072050501,nan,nan,2626,5964,2995,505
2.0,0.25,25,2,14656515632744531066,3.0,3.25,26,0.3444273583176004,nan,nan,2626,5964,2995,505
2.0,0.25,25,3,14656515632744531066,3.0,3.25,26,0.1327669261555392,nan,nan,2626,5964,2995,505
2.0,0.25,26,1,4899493351598508357,3.0,3.25,26,0.6733437111043263,nan,nan,2388,5388,2747,415
2.0,0.25,26,2,4899493351598508357,3.0,3.25,26,0.344051894674534,nan,nan,2388,5388,2747,415
2.0,0.25,26,3,4899493351598508357,3.0,3.25,26,0.14670276615341277,nan,nan,2388,5388,2747,415
2.0,0.25,27,1,9847677024980861982,3.0,3.25,26,0.6783439999672355,nan,nan,2502,5645,2817,492
2.0,0.25,27,2,9847677024980861982,3.0,3.25,26,0.36465384823902186,nan,nan,2502,5645,2817,492
2.0,0.25,27,3,9847677024980861982,3.0,3.25,26,0.15433408314647262,nan,nan,2502,5645,2817,492
2.0,0.25,28,1,13992182136791883289,3.0,3.25,26,0.6585746914098578,nan,nan,2933,6526,3195,559
2.0,0.25,28,2,13992182136791883289,3.0,3.25,26,0.32380997050978555,nan,nan,2933,6526,3195,559
2.0,0.25,28,3,13992182136791883289,3.0,3.25,26,0.12509799104011762,nan,nan,2933,6526,3195,559
2.0,0.25,29,1,781444220634036344,3.0,3.25,26,0.6799412275714816,nan,nan,2304,5028,2488,396
2.0,0.25,29,2,781444220634036344,3.0,3.25,26,0.3307916258560854,nan,nan,2304,5028,2488,396
2.0,0.25,29,3,781444220634036344,3.0,3.25,26,0.13210573078413415,nan,nan,2304,5028,2488,396
2.0,0.25,30,1,12171512613741908442,3.0,3.25,26,0.6816051348333261,nan,nan,2262,4919,2443,374
2.0,0.25,30,2,12171512613741908442,3.0,3.25,26,0.3519628078887971,nan,nan,2262,4919,2443,374
2.0,0.25,30,3,12171512613741908442,3.0,3.25,26,0.13700076377647788,nan,nan,2262,4919,2443,374
2.0,0.25,31,1,12019121107805354420,3.0,3.25,26,0.6526533910897758,nan,nan,2857,6159,2949,513
2.0,0.25,31,2,12019121107805354420,3.0,3.25,26,0.309588822746213,nan,nan,2857,6159,2949,513
2.0,0.25,31,3,12019121107805354420,3.0,3.25,26,0.11370827631019022,nan,nan,2857,6159,2949,513
2.0,0.25,32,1,5884731647656709137,3.0,3.25,26,0.6876861776657278,nan,nan,2190,4859,2420,409
2.0,0.25,32,2,5884731647656709137,3.0,3.25,26,0.36846169512588417,nan,nan,2190,4859,2420,409
2.0,0.25,32,3,5884731647656709137,3.0,3.25,26,0.15677514687208421,nan,nan,2190,4859,2420,409
2.0,0.25,33,1,17147511195869819113,3.0,3.25,26,0.6565932629028131,nan,nan,2405,5544,2837,463
2.0,0.25,33,2,17147511195869819113,3.0,3.25,26,0.3272421354097915,nan,nan,2405,5544,2837,463
2.0,0.25,33,3,17147511195869819113,3.0,3.25,26,0.12903380635713518,nan,nan,2405,5544,2837,463
2.0,0.25,34,1,17208549493711419301,3.0,3.25,26,0.6856978206504748,nan,nan,2569,5538,2697,432
2.0,0.25,34,2,17208549493711419301,3.0,3.25,26,0.36245916351059687,nan,nan,2569,5538,2697,432
2.0,0.25,34,3,17208549493711419301,3.0,3.25,26,0.14904889523533218,nan,nan,2569,5538,2697,432
2.0,0.25,35,1,907474871328476281,3.0,3.25,26,0.6787823174931371,nan,nan,2405,5557,2845,467
2.0,0.25,35,2,907474871328476281,3.0,3.25,26,0.3527814923114731,nan,nan,2405,5557,2845,467
2.0,0.25,35,3,907474871328476281,3.0,3.25,26,0.14395280746455638,nan,nan,2405,5557,2845,467
2.0,0.25,36,1,6204406780319753212,3.0,3.25,26,0.6613452717927433,nan,nan,3181,7193,3564,608
2.0,0.25,36,2,6204406780319753212,3.0,3.25,26,0.32658930422318017,nan,nan,3181,7193,3564,608
2.0,0.25,36,3,6204406780319753212,3.0,3.25,26,0.1246009393697106,nan,nan,3181,7193,3564,608
2.0,0.25,37,1,12980477870522225308,3.0,3.25,26,0.6759966383498927,nan,nan,2088,4735,2419,393
2.0,0.25,37,2,12980477870522225308,3.0,3.25,26,0.36284173422729327,nan,nan,2088,4735,2419,393
2.0,0.25,37,3,12980477870522225308,3.0,3.25,26,0.15729409719330606,nan,nan,2088,4735,2419,393
2.0,0.25,38,1,914321464096446907,3.0,3.25,26,0.6688577400419707,nan,nan,2550,5574,2732,452
2.0,0.25,38,2,914321464096446907,3.0,3.25,26,0.31634083091606996,nan,nan,2550,5574,2732,452
2.0,0.25,38,3,914321464096446907,3.0,3.25,26,0.11932874065217705,nan,nan,2550,5574,2732,452
2.0,0.25,39,1,17025717288647237548,3.0,3.25,26,0.6715976080550325,nan,nan,2649,5763,2803,472
2.0,0.25,39,2,17025717288647237548,3.0,3.25,26,0.3447804676318895,nan,nan,2649,5763,2803,472
2.0,0.25,39,3,17025717288647237548,3.0,3.25,26,0.14095390770565375,nan,nan,2649,5763,2803,472
2.0,0.25,40,1,6628082647590263566,3.0,3.25,26,0.6703597180038615,nan,nan,2136,4990,2602,412
2.0,0.25,40,2,6628082647590263566,3.0,3.25,26,0.34409600409831936,nan,nan,2136,4990,2602,412
2.0,0.25,40,3,6628082647590263566,3.0,3.25,26,0.13600035702797478,nan,nan,2136,4990,2602,412
2.0,0.25,41,1,8940633948769495985,3.0,3.25,26,0.6733729242177298,nan,nan,2759,6102,3041,464
2.0,0.25,41,2,8940633948769495985,3.0,3.25,26,0.33721747155444426,nan,nan,2759,6102,3041,464
2.0,0.25,41,3,8940633948769495985,3.0,3.25,26,0.1342574635697867,nan,nan,2759,6102,3041,464
2.0,0.25,42,1,2623019815537662080,3.0,3.25,26,0.678230248167301,nan,nan,2451,5416,2699,426
2.0,0.25,42,2,2623019815537662080,3.0,3.25,26,0.34064383630500533,nan,nan,2451,5416,2699,426
2.0,0.25,42,3,2623019815537662080,3.0,3.25,26,0.13231829125193034,nan,nan,2451,5416,2699,426
2.0,0.25,43,1,2663802108029943025,3.0,3.25,26,0.6828127470058883,nan,nan,3629,7607,3545,594
2.0,0.25,43,2,2663802108029943025,3.0,3.25,26,0.35954312875781896,nan,nan,3629,7607,3545,594
2.0,0.25,43,3,2663802108029943025,3.0,3.25,26,0.16154011803836565,nan,nan,3629,7607,3545,594
2.0,0.25,44,1,10083231093234109238,3.0,3.25,26,0.6899844077278195,nan,nan,2252,5036,2531,416
2.0,0.25,44,2,10083231093234109238,3.0,3.25,26,0.3728150919688771,nan,nan,2252,5036,2531,416
2.0,0.25,44,3,10083231093234109238,3.0,3.25,26,0.1610818110424483,nan,nan,2252,5036,2531,416
2.0,0.25,45,1,6116428676692460972,3.0,3.25,26,0.6702305390962364,nan,nan,2733,6322,3216,534
2.0,0.25,45,2,6116428676692460972,3.0,3.25,26,0.35538553807825857,nan,nan,2733,6322,3216,534
2.0,0.25,45,3,6116428676692460972,3.0,3.25,26,0.1543591808302334,nan,nan,2733,6322,3216,534
2.0,0.25,46,1,577591047133165465,3.0,3.25,26,0.6453887105188414,nan,nan,1666,4024,2183,340
2.0,0.25,46,2,577591047133165465,3.0,3.25,26,0.29592532822115014,nan,nan,1666,4024,2183,340
2.0,0.25,46,3,577591047133165465,3.0,3.25,26,0.1037099642125377,nan,nan,1666,4024,2183,340
2.0,0.25,47,1,6889334019219336393,3.0,3.25,26,0.6849653428592852,nan,nan,2525,5762,2907,492
2.0,0.25,47,2,6889334019219336393,3.0,3.25,26,0.35394415504787974,nan,nan,2525,5762,2907,492
2.0,0.25,47,3,6889334019219336393,3.0,3.25,26,0.14355594576448422,nan,nan,2525,5762,2907,492
2.0,0.25,48,1,2943811988423016577,3.0,3.25,26,0.6778344353341015,nan,nan,2504,5533,2728,461
2.0,0.25,48,2,2943811988423016577,3.0,3.25,26,0.3514648023359658,nan,nan,2504,5533,2728,461
2.0,0.25,48,3,2943811988423016577,3.0,3.25,26,0.15000131533874483,nan,nan,2504,5533,2728,461
2.0,0.25,49,1,8199763738644436346,3.0,3.25,26,0.6932267408086916,nan,nan,2772,6177,3048,517
2.0,0.25,49,2,8199763738644436346,3.0,3.25,26,0.3678001957157019,nan,nan,2772,6177,3048,517
2.0,0.25,49,3,8199763738644436346,3.0,3.25,26,0.15617651783063155,nan,nan,2772,6177,3048,517
2.0,0.25,50,1,1882633665117032383,3.0,3.25,26,0.6768562032133428,nan,nan,2814,6341,3159,529
2.0,0.25,50,2,1882633665117032383,3.0,3.25,26,0.3469329747734603,nan,nan,2814,6341,3159,529
2.0,0.25,50,3,1882633665117032383,3.0,3.25,26,0.14300875388736028,nan,nan,2814,6341,3159,529
2.0,0.25,51,1,4113075130428179058,3.0,3.25,26,0.6705216729616783,nan,nan,2588,5642,2769,445
2.0,0.25,51,2,4113075130428179058,3.0,3.25,26,0.32930944979786286,nan,nan,2588,5642,2769,445
2.0,0.25,51,3,4113075130428179058,3.0,3.25,26,0.1369550816221697,nan,nan,2588,5642,2769,445
2.0,0.25,52,1,13925815507610504251,3.0,3.25,26,0.6877119750656491,nan,nan,2386,5213,2561,427
2.0,0.25,52,2,13925815507610504251,3.0,3.25,26,0.35867780012304046,nan,nan,2386,5213,2561,427
2.0,0.25,52,3,13925815507610504251,3.0,3.25,26,0.14959742065741796,nan,nan,2386,5213,2561,427
2.0,0.25,53,1,4213907861442579499,3.0,3.25,26,0.6752262868811896,nan,nan,2776,6222,3134,474
2.0,0.25,53,2,4213907861442579499,3.0,3.25,26,0.33353506338102284,nan,nan,2776,6222,3134,474
2.0,0.25,53,3,4213907861442579499,3.0,3.25,26,0.13229091297316647,nan,nan,2776,6222,3134,474
2.0,0.25,54,1,1018444701526796905,3.0,3.25,26,0.6599520556372999,nan,nan,1894,4448,2331,383
2.0,0.25,54,2,1018444701526796905,3.0,3.25,26,0.31932905802947814,nan,nan,1894,4448,2331,383
2.0,0.25,54,3,1018444701526796905,3.0,3.25,26,0.12901484897885573,nan,nan,1894,4448,2331,383
2.0,0.25,55,1,9627347010610046201,3.0,3.25,26,0.6889886038766326,nan,nan,2458,5401,2673,431
2.0,0.25,55,2,9627347010610046201,3.0,3.25,26,0.3763859133131123,nan,nan,2458,5401,2673,431
2.0,0.25,55,3,9627347010610046201,3.0,3.25,26,0.16585890102942863,nan,nan,2458,5401,2673,431
2.0,0.25,56,1,2935490222273659770,3.0,3.25,26,0.6590875768224789,nan,nan,2006,4614,2355,416
2.0,0.25,56,2,2935490222273659770,3.0,3.25,26,0.31911312540825765,nan,nan,2006,4614,2355,416
2.0,0.25,56,3,2935490222273659770,3.0,3.25,26,0.11939548488790677,nan,nan,2006,4614,2355,416
2.0,0.25,57,1,12710958571638910452,3.0,3.25,26,0.6846655882932022,nan,nan,2189,4939,2493,422
2.0,0.25,57,2,12710958571638910452,3.0,3.25,26,0.367327418642703,nan,nan,2189,4939,2493,422
2.0,0.25,57,3,12710958571638910452,3.0,3.25,26,0.15587154480304907,nan,nan,2189,4939,2493,422
2.0,0.25,58,1,10685907252085596876,3.0,3.25,26,0.6618498286021506,nan,nan,2674,6021,2975,533
2.0,0.25,58,2,10685907252085596876,3.0,3.25,26,0.3232491634016314,nan,nan,2674,6021,2975,533
2.0,0.25,58,3,10685907252085596876,3.0,3.25,26,0.12515948261508447,nan,nan,2674,6021,2975,533
2.0,0.25,59,1,15656202875055476758,3.0,3.25,26,0.682752030891315,nan,nan,2771,5996,2917,469
2.0,0.25,59,2,15656202875055476758,3.0,3.25,26,0.3496928615004676,nan,nan,2771,5996,2917,469
2.0,0.25,59,3,15656202875055476758,3.0,3.25,26,0.14296227552322432,nan,nan,2771,5996,2917,469
2.0,0.25,60,1,11840046348020429162,3.0,3.25,26,0.6694292831096705,nan,nan,2609,5874,2946,482
2.0,0.25,60,2,11840046348020429162,3.0,3.25,26,0.3369338648482279,nan,nan,2609,5874,2946,482
2.0,0.25,60,3,11840046348020429162,3.0,3.25,26,0.12997197502195365,nan,nan,2609,5874,2946,482
2.0,0.25,61,1,14169011200773608454,3.0,3.25,26,0.6585463327877734,nan,nan,1799,4170,2188,344
2.0,0.25,61,2,14169011200773608454,3.0,3.25,26,0.324586435066831,nan,nan,1799,4170,2188,344
2.0,0.25,61,3,14169011200773608454,3.0,3.25,26,0.13010029517055557,nan,nan,1799,4170,2188,344
2.0,0.25,62,1,10795593242327287200,3.0,3.25,26,0.6655894658203398,nan,nan,2434,5597,2848,480
2.0,0.25,62,2,10795593242327287200,3.0,3.25,26,0.3382576608912989,nan,nan,2434,5597,2848,480
2.0,0.25,62,3,10795593242327287200,3.0,3.25,26,0.1371222745643073,nan,nan,2434,5597,2848,480
2.0,0.25,63,1,6313760088656205205,3.0,3.25,26,0.6850132944685385,nan,nan,2675,5879,2881,483
2.0,0.25,63,2,6313760088656205205,3.0,3.25,26,0.3540828536322642,nan,nan,2675,5879,2881,483
2.0,0.25,63,3,6313760088656205205,3.0,3.25,26,0.14766452384009435,nan,nan,2675,5879,2881,483
2.0,0.25,64,1,4473026164838606903,3.0,3.25,26,0.6635526930268669,nan,nan,2404,5490,2759,487
2.0,0.25,64,2,4473026164838606903,3.0,3.25,26,0.32474352387560634,nan,nan,2404,5490,2759,487
2.0,0.25,64,3,4473026164838606903,3.0,3.25,26,0.1185301508154612,nan,nan,2404,5490,2759,487
2.0,0.25,65,1,16993477016825699386,3.0,3.25,26,0.6662275539076066,nan,nan,2532,5827,2974,483
2.0,0.25,65,2,16993477016825699386,3.0,3.25,26,0.32647935445449294,nan,nan,2532,5827,2974,483
2.0,0.25,65,3,16993477016825699386,3.0,3.25,26,0.12347559908254462,nan,nan,2532,5827,2974,483
2.0,0.25,66,1,13340485843674305404,3.0,3.25,26,0.6799831125210714,nan,nan,2245,4865,2392,393
2.0,0.25,66,2,13340485843674305404,3.0,3.25,26,0.34158069264173724,nan,nan,2245,4865,2392,393
2.0,0.25,66,3,13340485843674305404,3.0,3.25,26,0.13722167952752576,nan,nan,2245,4865,2392,393
2.0,0.25,67,1,17830270259350282401,3.0,3.25,26,0.6574307495639038,nan,nan,2683,6229,3173,533
2.0,0.25,67,2,17830270259350282401,3.0,3.25,26,0.3246889924894508,nan,nan,2683,6229,3173,533
2.0,0.25,67,3,17830270259350282401,3.0,3.25,26,0.12901267025887225,nan,nan,2683,6229,3173,533
2.0,0.25,68,1,3637772744554294617,3.0,3.25,26,0.6708988911970063,nan,nan,2787,6370,3221,525
2.0,0.25,68,2,3637772744554294617,3.0,3.25,26,0.3241872098671744,nan,nan,2787,6370,3221,525
2.0,0.25,68,3,3637772744554294617,3.0,3.25,26,0.1242993514107125,nan,nan,2787,6370,3221,525
2.0,0.25,69,1,3195927650299558031,3.0,3.25,26,0.7196468852502149,nan,nan,2281,4831,2361,351
2.0,0.25,69,2,3195927650299558031,3.0,3.25,26,0.4045804299531,nan,nan,2281,4831,2361,351
2.0,0.25,69,3,3195927650299558031,3.0,3.25,26,0.19108364119703877,nan,nan,2281,4831,2361,351
2.0,0.25,70,1,9677497309786526731,3.0,3.25,26,0.6771299954702743,nan,nan,2724,5983,2932,491
2.0,0.25,70,2,9677497309786526731,3.0,3.25,26,0.35742588082249055,nan,nan,2724,5983,2932,491
2.0,0.25,70,3,9677497309786526731,3.0,3.25,26,0.15730935788190822,nan,nan,2724,5983,2932,491
2.0,0.25,71,1,9822693453504887678,3.0,3.25,26,0.6897119545411804,nan,nan,2912,6252,3041,463
2.0,0.25,71,2,9822693453504887678,3.0,3.25,26,0.3617943818559093,nan,nan,2912,6252,3041,463
2.0,0.25,71,3,9822693453504887678,3.0,3.25,26,0.1524071846047235,nan,nan,2912,6252,3041,463
2.0,0.25,72,1,10345798406121873483,3.0,3.25,26,0.6566274824516898,nan,nan,2893,6430,3214,483
2.0,0.25,72,2,10345798406121873483,3.0,3.25,26,0.31097722543792256,nan,nan,2893,6430,3214,483
2.0,0.25,72,3,10345798406121873483,3.0,3.25,26,0.11777366567911994,nan,nan,2893,6430,3214,483
2.0,0.25,73,1,2214485176688848279,3.0,3.25,26,0.6838977253354768,nan,nan,2641,5712,2789,442
2.0,0.25,73,2,2214485176688848279,3.0,3.25,26,0.34471635181803717,nan,nan,2641,5712,2789,442
2.0,0.25,73,3,2214485176688848279,3.0,3.25,26,0.12992081520853788,nan,nan,2641,5712,2789,442
2.0,0.25,74,1,12582414755985284244,3.0,3.25,26,0.6532247106267571,nan,nan,2565,5978,3032,541
2.0,0.25,74,2,12582414755985284244,3.0,3.25,26,0.3198020986111295,nan,nan,2565,5978,3032,541
2.0,0.25,74,3,12582414755985284244,3.0,3.25,26,0.12638275366614782,nan,nan,2565,5978,3032,541
2.0,0.25,75,1,17858751352973032629,3.0,3.25,26,0.6663978312954336,nan,nan,2596,5797,2894,469
2.0,0.25,75,2,17858751352973032629,3.0,3.25,26,0.36347708690160224,nan,nan,2596,5797,2894,469
2.0,0.25,75,3,17858751352973032629,3.0,3.25,26,0.1566572103836575,nan,nan,2596,5797,2894,469
2.0,0.25,76,1,16510036128351421705,3.0,3.25,26,0.669113402118676,nan,nan,2672,6303,3261,530
2.0,0.25,76,2,16510036128351421705,3.0,3.25,26,0.3320725947207572,nan,nan,2672,6303,3261,530
2.0,0.25,76,3,16510036128351421705,3.0,3.25,26,0.12898880815191086,nan,nan,2672,6303,3261,530
2.0,0.25,77,1,7593317869910484177,3.0,3.25,26,0.6728975552765374,nan,nan,2495,5645,2859,451
2.0,0.25,77,2,7593317869910484177,3.0,3.25,26,0.3281688012689675,nan,nan,2495,5645,2859,451
2.0,0.25,77,3,7593317869910484177,3.0,3.25,26,0.12432036322571832,nan,nan,2495,5645,2859,451
2.0,0.25,78,1,11033411080509620175,3.0,3.25,26,0.697195307275478,nan,nan,3398,7140,3339,565
2.0,0.25,78,2,11033411080509620175,3.0,3.25,26,0.37706123585863316,nan,nan,3398,7140,3339,565
2.0,0.25,78,3,11033411080509620175,3.0,3.25,26,0.16159885668597307,nan,nan,3398,7140,3339,565
2.0,0.25,79,1,13117734215400083348,3.0,3.25,26,0.6740529415279947,nan,nan,3452,7443,3558,594
2.0,0.25,79,2,13117734215400083348,3.0,3.25,26,0.33528490044503934,nan,nan,3452,7443,3558,594
2.0,0.25,79,3,13117734215400083348,3.0,3.25,26,0.1354571404353246,nan,nan,3452,7443,3558,594
2.0,0.25,80,1,1841473216962300740,3.0,3.25,26,0.6504427398209327,nan,nan,2728,6162,3082,513
2.0,0.25,80,2,1841473216962300740,3.0,3.25,26,0.31666059858206624,nan,nan,2728,6162,3082,513
2.0,0.25,80,3,1841473216962300740,3.0,3.25,26,0.11396184978749885,nan,nan,2728,6162,3082,513
2.0,0.25,81,1,18045009878935490108,3.0,3.25,26,0.674672903826402,nan,nan,2678,6240,3196,527
2.0,0.25,81,2,18045009878935490108,3.0,3.25,26,0.34832971939719937,nan,nan,2678,6240,3196,527
2.0,0.25,81,3,18045009878935490108,3.0,3.25,26,0.14995905064653114,nan,nan,2678,6240,3196,527
2.0,0.25,82,1,16705837982683460130,3.0,3.25,26,0.6697024921306771,nan,nan,2706,5893,2888,461
2.0,0.25,82,2,16705837982683460130,3.0,3.25,26,0.33275666450247693,nan,nan,2706,5893,2888,461
2.0,0.25,82,3,16705837982683460130,3.0,3.25,26,0.12953187228132182,nan,nan,2706,5893,2888,461
2.0,0.25,83,1,17915694557336961862,3.0,3.25,26,0.6704339276269766,nan,nan,2752,6090,2979,519
2.0,0.25,83,2,17915694557336961862,3.0,3.25,26,0.3276935391465745,nan,nan,2752,6090,2979,519
2.0,0.25,83,3,17915694557336961862,3.0,3.25,26,0.12953999455793508,nan,nan,2752,6090,2979,519
2.0,0.25,84,1,7218258833684922646,3.0,3.25,26,0.663976296479861,nan,nan,2408,5383,2702,436
2.0,0.25,84,2,7218258833684922646,3.0,3.25,26,0.32658829566636227,nan,nan,2408,5383,2702,436
2.0,0.25,84,3,7218258833684922646,3.0,3.25,26,0.12404565275842476,nan,nan,2408,5383,2702,436
2.0,0.25,85,1,11577488526625349493,3.0,3.25,26,0.6767749434651508,nan,nan,2770,6024,2933,481
2.0,0.25,85,2,11577488526625349493,3.0,3.25,26,0.34921649081760514,nan,nan,2770,6024,2933,481
2.0,0.25,85,3,11577488526625349493,3.0,3.25,26,0.15560430932928274,nan,nan,2770,6024,2933,481
2.0,0.25,86,1,4980512013003555328,3.0,3.25,26,0.6864872784089976,nan,nan,2124,4721,2349,412
2.0,0.25,86,2,4980512013003555328,3.0,3.25,26,0.3632816722166775,nan,nan,2124,4721,2349,412
2.0,0.25,86,3,4980512013003555328,3.0,3.25,26,0.15195367463898696,nan,nan,2124,4721,2349,412
2.0,0.25,87,1,9294364302357295632,3.0,3.25,26,0.6779331245334936,nan,nan,2757,6169,3092,481
2.0,0.25,87,2,9294364302357295632,3.0,3.25,26,0.35690263363990776,nan,nan,2757,6169,3092,481
2.0,0.25,87,3,9294364302357295632,3.0,3.25,26,0.13852338290331845,nan,nan,2757,6169,3092,481
2.0,0.25,88,1,6604477437291662695,3.0,3.25,26,0.6806998384096014,nan,nan,1790,4198,2205,368
2.0,0.25,88,2,6604477437291662695,3.0,3.25,26,0.36433909458572933,nan,nan,1790,4198,2205,368
2.0,0.25,88,3,6604477437291662695,3.0,3.25,26,0.16811882058673933,nan,nan,1790,4198,2205,368
2.0,0.25,89,1,5301684686943508095,3.0,3.25,26,0.6895497719252963,nan,nan,2603,5550,2657,454
2.0,0.25,89,2,5301684686943508095,3.0,3.25,26,0.36649968695667895,nan,nan,2603,5550,2657,454
2.0,0.25,89,3,5301684686943508095,3.0,3.25,26,0.16342171082111714,nan,nan,2603,5550,2657,454
2.0,0.25,90,1,17814583604757079993,3.0,3.25,26,0.6639806964844784,nan,nan,2379,5347,2673,455
2.0,0.25,90,2,17814583604757079993,3.0,3.25,26,0.32980899917405004,nan,nan,2379,5347,2673,455
2.0,0.25,90,3,17814583604757079993,3.0,3.25,26,0.1408611156199739,nan,nan,2379,5347,2673,455
2.0,0.25,91,1,9052520726164144721,3.0,3.25,26,0.6633078624304825,nan,nan,1987,4553,2322,404
2.0,0.25,91,2,9052520726164144721,3.0,3.25,26,0.3288208020455211,nan,nan,1987,4553,2322,404
2.0,0.25,91,3,9052520726164144721,3.0,3.25,26,0.1271554436316999,nan,nan,1987,4553,2322,404
2.0,0.25,92,1,5234299724688424201,3.0,3.25,26,0.6843127331334673,nan,nan,2334,5143,2580,389
2.0,0.25,92,2,5234299724688424201,3.0,3.25,26,0.35519618447420676,nan,nan,2334,5143,2580,389
2.0,0.25,92,3,5234299724688424201,3.0,3.25,26,0.1453623261352303,nan,nan,2334,5143,2580,389
2.0,0.25,93,1,4236041993185483111,3.0,3.25,26,0.6640125616801954,nan,nan,2545,5831,2970,478
2.0,0.25,93,2,4236041993185483111,3.0,3.25,26,0.33349124670869706,nan,nan,2545,5831,2970,478
2.0,0.25,93,3,4236041993185483111,3.0,3.25,26,0.13917229528947905,nan,nan,2545,5831,2970,478
2.0,0.25,94,1,3567459817671150812,3.0,3.25,26,0.6782695783871818,nan,nan,2798,6363,3210,516
2.0,0.25,94,2,3567459817671150812,3.0,3.25,26,0.34518839904738957,nan,nan,2798,6363,3210,516
2.0,0.25,94,3,3567459817671150812,3.0,3.25,26,0.14338714072370917,nan,nan,2798,6363,3210,516
2.0,0.25,95,1,11050703127092576718,3.0,3.25,26,0.6656199274490114,nan,nan,2850,6352,3124,538
2.0,0.25,95,2,11050703127092576718,3.0,3.25,26,0.3285526248967687,nan,nan,2850,6352,3124,538
2.0,0.25,95,3,11050703127092576718,3.0,3.25,26,0.13675413579097778,nan,nan,2850,6352,3124,538
2.0,0.25,96,1,2357198294643665431,3.0,3.25,26,0.6836805377431711,nan,nan,2523,5558,2747,448
2.0,0.25,96,2,2357198294643665431,3.0,3.25,26,0.36176232336004605,nan,nan,2523,5558,2747,448
2.0,0.25,96,3,2357198294643665431,3.0,3.25,26,0.14966774617727852,nan,nan,2523,5558,2747,448
2.0,0.25,97,1,17473676148264423405,3.0,3.25,26,0.6683370758134586,nan,nan,2133,4698,2336,389
2.0,0.25,97,2,17473676148264423405,3.0,3.25,26,0.34085502323181716,nan,nan,2133,4698,2336,389
2.0,0.25,97,3,17473676148264423405,3.0,3.25,26,0.1381253926118555,nan,nan,2133,4698,2336,389
2.0,0.25,98,1,5919290105597156316,3.0,3.25,26,0.6761946010199819,nan,nan,2336,5291,2676,439
2.0,0.25,98,2,5919290105597156316,3.0,3.25,26,0.33345508468615104,nan,nan,2336,5291,2676,439
2.0,0.25,98,3,5919290105597156316,3.0,3.25,26,0.13217629175524293,nan,nan,2336,5291,2676,439
2.0,0.25,99,1,739242369692128419,3.0,3.25,26,0.6753885333684272,nan,nan,3022,6821,3403,557
2.0,0.25,99,2,739242369692128419,3.0,3.25,26,0.3379586831761936,nan,nan,3022,6821,3403,557
2.0,0.25,99,3,739242369692128419,3.0,3.25,26,0.12116537526913093,nan,nan,3022,6821,3403,557
2.0,0.25,100,1,3515334139413774637,3.0,3.25,26,0.6729343144372761,nan,nan,2082,4697,2367,409
2.0,0.25,100,2,3515334139413774637,3.0,3.25,26,0.3343931832242952,nan,nan,2082,4697,2367,409
2.0,0.25,100,3,3515334139413774637,3.0,3.25,26,0.13378933478630559,nan,nan,2082,4697,2367,409
2.0,0.25,101,1,9006172694697993497,3.0,3.25,26,0.6798561618915829,nan,nan,2898,6235,2993,504
2.0,0.25,101,2,9006172694697993497,3.0,3.25,26,0.34851778009117634,nan,nan,2898,6235,2993,504
2.0,0.25,101,3,9006172694697993497,3.0,3.25,26,0.14270993978553753,nan,nan,2898,6235,2993,504
2.0,0.25,102,1,16603206346744310367,3.0,3.25,26,0.6855972685818282,nan,nan,2496,5406,2654,416
2.0,0.25,102,2,16603206346744310367,3.0,3.25,26,0.34941222515172343,nan,nan,2496,5406,2654,416
2.0,0.25,102,3,16603206346744310367,3.0,3.25,26,0.15404027001682347,nan,nan,2496,5406,2654,416
2.0,0.25,103,1,1338739368169712730,3.0,3.25,26,0.6734833012997329,nan,nan,1995,4570,2361,374
2.0,0.25,103,2,1338739368169712730,3.0,3.25,26,0.33357719560116206,nan,nan,1995,4570,2361,374
2.0,0.25,103,3,1338739368169712730,3.0,3.25,26,0.12957033849036087,nan,nan,1995,4570,2361,374
2.0,0.25,104,1,14765519788707253295,3.0,3.25,26,0.6667844487533444,nan,nan,2261,5147,2627,419
2.0,0.25,104,2,14765519788707253295,3.0,3.25,26,0.33258505103388486,nan,nan,2261,5147,2627,419
2.0,0.25,104,3,14765519788707253295,3.0,3.25,26,0.12605912512039394,nan,nan,2261,5147,2627,419
2.0,0.25,105,1,222246240883850205,3.0,3.25,26,0.6742740825723993,nan,nan,2068,4777,2473,400
2.0,0.25,105,2,222246240883850205,3.0,3.25,26,0.34543711366208796,nan,nan,2068,4777,2473,400
2.0,0.25,105,3,222246240883850205,3.0,3.25,26,0.15870019733341534,nan,nan,2068,4777,2473,400
2.0,0.25,106,1,9912008997594560561,3.0,3.25,26,0.6631993330371778,nan,nan,2992,6468,3138,501
2.0,0.25,106,2,9912008997594560561,3.0,3.25,26,0.3437351217702638,nan,nan,2992,6468,3138,501
2.0,0.25,106,3,9912008997594560561,3.0,3.25,26,0.148076808334642,nan,nan,2992,6468,3138,501
2.0,0.25,107,1,13014082363574478022,3.0,3.25,26,0.6848089681544253,nan,nan,2827,6294,3125,503
2.0,0.25,107,2,13014082363574478022,3.0,3.25,26,0.3503769608419515,nan,nan,2827,6294,3125,503
2.0,0.25,107,3,13014082363574478022,3.0,3.25,26,0.14837487012164438,nan,nan,2827,6294,3125,503
2.0,0.25,108,1,15131956849266037567,3.0,3.25,26,0.66201889942936,nan,nan,2561,5903,2985,518
2.0,0.25,108,2,15131956849266037567,3.0,3.25,26,0.3271545441244698,nan,nan,2561,5903,2985,518
2.0,0.25,108,3,15131956849266037567,3.0,3.25,26,0.12625891544882795,nan,nan,2561,5903,2985,518
2.0,0.25,109,1,10810608059951466594,3.0,3.25,26,0.6701784039951959,nan,nan,1751,4025,2100,334
2.0,0.25,109,2,10810608059951466594,3.0,3.25,26,0.35061638229566683,nan,nan,1751,4025,2100,334
2.0,0.25,109,3,10810608059951466594,3.0,3.25,26,0.13929512497016813,nan,nan,1751,4025,2100,334
2.0,0.25,110,1,4032565424396225343,3.0,3.25,26,0.678991230056681,nan,nan,2581,5683,2762,500
2.0,0.25,110,2,4032565424396225343,3.0,3.25,26,0.3553475081009453,nan,nan,2581,5683,2762,500
2.0,0.25,110,3,4032565424396225343,3.0,3.25,26,0.14022992707985688,nan,nan,2581,5683,2762,500
2.0,0.25,111,1,18439338173133855461,3.0,3.25,26,0.6917157513075171,nan,nan,2557,5637,2791,449
2.0,0.25,111,2,18439338173133855461,3.0,3.25,26,0.37355428372719923,nan,nan,2557,5637,2791,449
2.0,0.25,111,3,18439338173133855461,3.0,3.25,26,0.15546489195225754,nan,nan,2557,5637,2791,449
2.0,0.25,112,1,15240367180455755346,3.0,3.25,26,0.6720212893379495,nan,nan,2620,5798,2866,476
2.0,0.25,112,2,15240367180455755346,3.0,3.25,26,0.34197773240577545,nan,nan,2620,5798,2866,476
2.0,0.25,112,3,15240367180455755346,3.0,3.25,26,0.1339115316194899,nan,nan,2620,5798,2866,476
2.0,0.25,113,1,17348930811838870049,3.0,3.25,26,0.6713115123197242,nan,nan,3264,7244,3555,585
2.0,0.25,113,2,17348930811838870049,3.0,3.25,26,0.34986970794110295,nan,nan,3264,7244,3555,585
2.0,0.25,113,3,17348930811838870049,3.0,3.25,26,0.15228264417142234,nan,nan,3264,7244,3555,585
2.0,0.25,114,1,15400964949834389043,3.0,3.25,26,0.6575846365493003,nan,nan,2289,5281,2709,443
2.0,0.25,114,2,15400964949834389043,3.0,3.25,26,0.32545433983045297,nan,nan,2289,5281,2709,443
2.0,0.25,114,3,15400964949834389043,3.0,3.25,26,0.11781394768319853,nan,nan,2289,5281,2709,443
2.0,0.25,115,1,3323925176130735978,3.0,3.25,26,0.6678158602656252,nan,nan,2604,5832,2907,481
2.0,0.25,115,2,3323925176130735978,3.0,3.25,26,0.3301975306937334,nan,nan,2604,5832,2907,481
2.0,0.25,115,3,3323925176130735978,3.0,3.25,26,0.12806582317760562,nan,nan,2604,5832,2907,481
2.0,0.25,116,1,8353037688688414193,3.0,3.25,26,0.6692782271281684,nan,nan,2369,5351,2721,422
2.0,0.25,116,2,8353037688688414193,3.0,3.25,26,0.33154069612034276,nan,nan,2369,5351,2721,422
2.0,0.25,116,3,8353037688688414193,3.0,3.25,26,0.14079855974081926,nan,nan,2369,5351,2721,422
2.0,0.25,117,1,4786913258666655030,3.0,3.25,26,0.6768943110744898,nan,nan,1895,4333,2239,359
2.0,0.25,117,2,4786913258666655030,3.0,3.25,26,0.35879757209750607,nan,nan,1895,4333,2239,359
2.0,0.25,117,3,4786913258666655030,3.0,3.25,26,0.15195519499273874,nan,nan,1895,4333,2239,359
2.0,0.25,118,1,11580539391241459469,3.0,3.25,26,0.6678359247912977,nan,nan,3104,6837,3360,535
2.0,0.25,118,2,11580539391241459469,3.0,3.25,26,0.3302322514965476,nan,nan,3104,6837,3360,535
2.0,0.25,118,3,11580539391241459469,3.0,3.25,26,0.12465864009519102,nan,nan,3104,6837,3360,535
2.0,0.25,119,1,13485094181560099712,3.0,3.25,26,0.6647516137428321,nan,nan,2553,5615,2793,432
2.0,0.25,119,2,13485094181560099712,3.0,3.25,26,0.332324119481464,nan,nan,2553,5615,2793,432
2.0,0.25,119,3,13485094181560099712,3.0,3.25,26,0.13392024539791536,nan,nan,2553,5615,2793,432
2.0,0.5,0,1,13467830535760289949,3.0,3.25,26,0.689449398161805,nan,nan,1539,4047,2012,659
2.0,0.5,0,2,13467830535760289949,3.0,3.25,26,0.3632945076479981,nan,nan,1539,4047,2012,659
2.0,0.5,0,3,13467830535760289949,3.0,3.25,26,0.15436344118179765,nan,nan,1539,4047,2012,659
2.0,0.5,1,1,14663924383497281195,3.0,3.25,26,0.6674862411797119,nan,nan,2007,5312,2609,861
2.0,0.5,1,2,14663924383497281195,3.0,3.25,26,0.33171510550010674,nan,nan,2007,5312,2609,861
2.0,0.5,1,3,14663924383497281195,3.0,3.25,26,0.13899063489384694,nan,nan,2007,5312,2609,861
2.0,0.5,2,1,1044216881385996355,3.0,3.25,26,0.683850377794359,nan,nan,1363,3609,1805,601
2.0,0.5,2,2,1044216881385996355,3.0,3.25,26,0.3552483808361214,nan,nan,1363,3609,1805,601
2.0,0.5,2,3,1044216881385996355,3.0,3.25,26,0.16551649884716363,nan,nan,1363,3609,1805,601
2.0,0.5,3,1,1449049495362664007,3.0,3.25,26,0.6853954843936839,nan,nan,1185,3317,1701,591
2.0,0.5,3,2,1449049495362664007,3.0,3.25,26,0.37919110588488986,nan,nan,1185,3317,1701,591
2.0,0.5,3,3,1449049495362664007,3.0,3.25,26,0.1798857873353031,nan,nan,1185,3317,1701,591
2.0,0.5,4,1,14844632971716936402,3.0,3.25,26,0.6964291623157517,nan,nan,1430,3871,1941,663
2.0,0.5,4,2,14844632971716936402,3.0,3.25,26,0.3554533538607433,nan,nan,1430,3871,1941,663
2.0,0.5,4,3,14844632971716936402,3.0,3.25,26,0.13693015714644458,nan,nan,1430,3871,1941,663
2.0,0.5,5,1,983577332306155961,3.0,3.25,26,0.6773798300429235,nan,nan,896,2632,1429,470
2.0,0.5,5,2,983577332306155961,3.0,3.25,26,0.3352157120862357,nan,nan,896,2632,1429,470
2.0,0.5,5,3,983577332306155961,3.0,3.25,26,0.13978293467949351,nan,nan,896,2632,1429,470
2.0,0.5,6,1,7993555417273812041,3.0,3.25,26,0.6859190803666427,nan,nan,1639,4162,2001,683
2.0,0.5,6,2,7993555417273812041,3.0,3.25,26,0.35961376489585895,nan,nan,1639,4162,2001,683
2.0,0.5,6,3,7993555417273812041,3.0,3.25,26,0.14510010109618643,nan,nan,1639,4162,2001,683
2.0,0.5,7,1,4215825059724610609,3.0,3.25,26,0.7042170498071473,nan,nan,1368,3849,1926,716
2.0,0.5,7,2,4215825059724610609,3.0,3.25,26,0.38797694347926126,nan,nan,1368,3849,1926,716
2.0,0.5,7,3,4215825059724610609,3.0,3.25,26,0.1685855068697679,nan,nan,1368,3849,1926,716
2.0,0.5,8,1,4821104688283714073,3.0,3.25,26,0.696910388364869,nan,nan,1253,3364,1712,563
2.0,0.5,8,2,4821104688283714073,3.0,3.25,26,0.3712383229479671,nan,nan,1253,3364,1712,563
2.0,0.5,8,3,4821104688283714073,3.0,3.25,26,0.1687852107089429,nan,nan,1253,3364,1712,563
2.0,0.5,9,1,2448273001721288503,3.0,3.25,26,0.6716398971733718,nan,nan,1979,5200,2533,848
2.0,0.5,9,2,2448273001721288503,3.0,3.25,26,0.3495263833370093,nan,nan,1979,5200,2533,848
2.0,0.5,9,3,2448273001721288503,3.0,3.25,26,0.1365040975855158,nan,nan,1979,5200,2533,848
2.0,0.5,10,1,10409785183434943651,3.0,3.25,26,0.694792735943927,nan,nan,1433,3794,1862,666
2.0,0.5,10,2,10409785183434943651,3.0,3.25,26,0.38015162767701594,nan,nan,1433,3794,1862,666
2.0,0.5,10,3,10409785183434943651,3.0,3.25,26,0.1790778153963011,nan,nan,1433,3794,1862,666
2.0,0.5,11,1,182268270041223547,3.0,3.25,26,0.7065325634339193,nan,nan,1849,4915,2445,786
2.0,0.5,11,2,182268270041223547,3.0,3.25,26,0.3744479331806841,nan,nan,1849,4915,2445,786
2.0,0.5,11,3,182268270041223547,3.0,3.25,26,0.16356706438752247,nan,nan,1849,4915,2445,786
2.0,0.5,12,1,18068650529716572163,3.0,3.25,26,0.6819020579389687,nan,nan,1717,4467,2204,716
2.0,0.5,12,2,18068650529716572163,3.0,3.25,26,0.3590338406839776,nan,nan,1717,4467,2204,716
2.0,0.5,12,3,18068650529716572163,3.0,3.25,26,0.14970408096475224,nan,nan,1717,4467,2204,716
2.0,0.5,13,1,12083071329187955738,3.0,3.25,26,0.7017538063901589,nan,nan,1429,3781,1900,612
2.0,0.5,13,2,12083071329187955738,3.0,3.25,26,0.3703938518866848,nan,nan,1429,3781,1900,612
2.0,0.5,13,3,12083071329187955738,3.0,3.25,26,0.1474701327950247,nan,nan,1429,3781,1900,612
2.0,0.5,14,1,9478005391089119396,3.0,3.25,26,0.6799246735545768,nan,nan,1519,4116,2074,685
2.0,0.5,14,2,9478005391089119396,3.0,3.25,26,0.35700700144110137,nan,nan,1519,4116,2074,685
2.0,0.5,14,3,9478005391089119396,3.0,3.25,26,0.14687582310359157,nan,nan,1519,4116,2074,685
2.0,0.5,15,1,12143799507500804741,3.0,3.25,26,0.676145497783123,nan,nan,1338,3470,1703,591
2.0,0.5,15,2,12143799507500804741,3.0,3.25,26,0.3349588595699021,nan,nan,1338,3470,1703,591
2.0,0.5,15,3,12143799507500804741,3.0,3.25,26,0.1281079886299719,nan,nan,1338,3470,1703,591
2.0,0.5,16,1,3164885155537805367,3.0,3.25,26,0.6590418446896446,nan,nan,1127,3219,1702,554
2.0,0.5,16,2,3164885155537805367,3.0,3.25,26,0.3254248283797398,nan,nan,1127,3219,1702,554
2.0,0.5,16,3,3164885155537805367,3.0,3.25,26,0.12582805593192586,nan,nan,1127,3219,1702,554
2.0,0.5,17,1,9665931974983124536,3.0,3.25,26,0.7095792718558573,nan,nan,1699,4308,2080,693
2.0,0.5,17,2,9665931974983124536,3.0,3.25,26,0.3805681783799861,nan,nan,1699,4308,2080,693
2.0,0.5,17,3,9665931974983124536,3.0,3.25,26,0.17930048796248926,nan,nan,1699,4308,2080,693
2.0,0.5,18,1,9043055322655220870,3.0,3.25,26,0.6881415407105937,nan,nan,1285,3550,1820,608
2.0,0.5,18,2,9043055322655220870,3.0,3.25,26,0.3671050316176427,nan,nan,1285,3550,1820,608
2.0,0.5,18,3,9043055322655220870,3.0,3.25,26,0.1531835966313991,nan,nan,1285,3550,1820,608
2.0,0.5,19,1,14538795262800500471,3.0,3.25,26,0.7011060884085182,nan,nan,1592,4029,1959,643
2.0,0.5,19,2,14538795262800500471,3.0,3.25,26,0.3726100207144062,nan,nan,1592,4029,1959,643
2.0,0.5,19,3,14538795262800500471,3.0,3.25,26,0.1690143335310042,nan,nan,1592,4029,1959,643
2.0,0.5,20,1,10394812143285951877,3.0,3.25,26,0.689086696091465,nan,nan,1960,4982,2391,797
2.0,0.5,20,2,10394812143285951877,3.0,3.25,26,0.3617194399583777,nan,nan,1960,4982,2391,797
2.0,0.5,20,3,10394812143285951877,3.0,3.25,26,0.15440165190957644,nan,nan,1960,4982,2391,797
2.0,0.5,21,1,14479213229454536978,3.0,3.25,26,0.6840425141985244,nan,nan,1717,4625,2288,780
2.0,0.5,21,2,14479213229454536978,3.0,3.25,26,0.35015839921212255,nan,nan,1717,4625,2288,780
2.0,0.5,21,3,14479213229454536978,3.0,3.25,26,0.14511735047579724,nan,nan,1717,4625,2288,780
2.0,0.5,22,1,15674550595975214167,3.0,3.25,26,0.6796262840048221,nan,nan,1402,3636,1807,598
2.0,0.5,22,2,15674550595975214167,3.0,3.25,26,0.36024994072379396,nan,nan,1402,3636,1807,598
2.0,0.5,22,3,15674550595975214167,3.0,3.25,26,0.1557159341506122,nan,nan,1402,3636,1807,598
2.0,0.5,23,1,10669041630976227028,3.0,3.25,26,0.6818544432996659,nan,nan,1492,3992,1995,666
2.0,0.5,23,2,10669041630976227028,3.0,3.25,26,0.35757656338369753,nan,nan,1492,3992,1995,666
2.0,0.5,23,3,10669041630976227028,3.0,3.25,26,0.1458476665579424,nan,nan,1492,3992,1995,666
2.0,0.5,24,1,17610725686215661291,3.0,3.25,26,0.654620757680939,nan,nan,1353,3941,2052,696
2.0,0.5,24,2,17610725686215661291,3.0,3.25,26,0.33214048294316173,nan,nan,1353,3941,2052,696
2.0,0.5,24,3,17610725686215661291,3.0,3.25,26,0.14011076512594542,nan,nan,1353,3941,2052,696
2.0,0.5,25,1,16750704160882940583,3.0,3.25,26,0.6963066851128848,nan,nan,1714,4480,2200,737
2.0,0.5,25,2,16750704160882940583,3.0,3.25,26,0.3862955218904801,nan,nan,1714,4480,2200,737
2.0,0.5,25,3,16750704160882940583,3.0,3.25,26,0.16482226663753302,nan,nan,1714,4480,2200,737
2.0,0.5,26,1,2934637617463948,3.0,3.25,26,0.6848000172717673,nan,nan,1718,4581,2267,758
2.0,0.5,26,2,2934637617463948,3.0,3.25,26,0.35292759819814495,nan,nan,1718,4581,2267,758
2.0,0.5,26,3,2934637617463948,3.0,3.25,26,0.13516424825921652,nan,nan,1718,4581,2267,758
2.0,0.5,27,1,3925694602641851867,3.0,3.25,26,0.6857369153449322,nan,nan,1483,4049,2077,658
2.0,0.5,27,2,3925694602641851867,3.0,3.25,26,0.34665441458014357,nan,nan,1483,4049,2077,658
2.0,0.5,27,3,3925694602641851867,3.0,3.25,26,0.1465109040537399,nan,nan,1483,4049,2077,658
2.0,0.5,28,1,5334056211622072819,3.0,3.25,26,0.6863598576993343,nan,nan,1445,3691,1797,609
2.0,0.5,28,2,5334056211622072819,3.0,3.25,26,0.3496288005598662,nan,nan,1445,3691,1797,609
2.0,0.5,28,3,5334056211622072819,3.0,3.25,26,0.13873223363571707,nan,nan,1445,3691,1797,609
2.0,0.5,29,1,8002709191205820194,3.0,3.25,26,0.6748136023190873,nan,nan,1870,5147,2603,839
2.0,0.5,29,2,8002709191205820194,3.0,3.25,26,0.3353457865699831,nan,nan,1870,5147,2603,839
2.0,0.5,29,3,8002709191205820194,3.0,3.25,26,0.127564942868945,nan,nan,1870,5147,2603,839
2.0,0.5,30,1,207165376405411891,3.0,3.25,26,0.6723024173759715,nan,nan,1401,3898,2001,656
2.0,0.5,30,2,207165376405411891,3.0,3.25,26,0.33317840116844705,nan,nan,1401,3898,2001,656
2.0,0.5,30,3,207165376405411891,3.0,3.25,26,0.13203268742089483,nan,nan,1401,3898,2001,656
2.0,0.5,31,1,10671738646404256720,3.0,3.25,26,0.6910055606053902,nan,nan,1693,4543,2268,743
2.0,0.5,31,2,10671738646404256720,3.0,3.25,26,0.35446617382792467,nan,nan,1693,4543,2268,743
2.0,0.5,31,3,10671738646404256720,3.0,3.25,26,0.14009699964445527,nan,nan,1693,4543,2268,743
2.0,0.5,32,1,1122653034962801273,3.0,3.25,26,0.7005580466447862,nan,nan,1734,4662,2315,775
2.0,0.5,32,2,1122653034962801273,3.0,3.25,26,0.38156184246836744,nan,nan,1734,4662,2315,775
2.0,0.5,32,3,1122653034962801273,3.0,3.25,26,0.16269727515606153,nan,nan,1734,4662,2315,775
2.0,0.5,33,1,16390099438968836996,3.0,3.25,26,0.6737718221072039,nan,nan,1451,4003,2038,675
2.0,0.5,33,2,16390099438968836996,3.0,3.25,26,0.34217459559955016,nan,nan,1451,4003,2038,675
2.0,0.5,33,3,16390099438968836996,3.0,3.25,26,0.14489037500161378,nan,nan,1451,4003,2038,675
2.0,0.5,34,1,12274158212413964559,3.0,3.25,26,0.6879178385345106,nan,nan,1837,5042,2505,864
2.0,0.5,34,2,12274158212413964559,3.0,3.25,26,0.35795777689422537,nan,nan,1837,5042,2505,864
2.0,0.5,34,3,12274158212413964559,3.0,3.25,26,0.1534769265769761,nan,nan,1837,5042,2505,864
2.0,0.5,35,1,13759507333689611780,3.0,3.25,26,0.6933790426275959,nan,nan,1831,4898,2428,805
2.0,0.5,35,2,13759507333689611780,3.0,3.25,26,0.3479418425685551,nan,nan,1831,4898,2428,805
2.0,0.5,35,3,13759507333689611780,3.0,3.25,26,0.13986580090884107,nan,nan,1831,4898,2428,805
2.0,0.5,36,1,5223518449685659948,3.0,3.25,26,0.7111059531695966,nan,nan,1549,4056,1994,675
2.0,0.5,36,2,5223518449685659948,3.0,3.25,26,0.37860533233763266,nan,nan,1549,4056,1994,675
2.0,0.5,36,3,5223518449685659948,3.0,3.25,26,0.15981664280489546,nan,nan,1549,4056,1994,675
2.0,0.5,37,1,12516344029552503667,3.0,3.25,26,0.6590930069294235,nan,nan,1510,4127,2097,681
2.0,0.5,37,2,12516344029552503667,3.0,3.25,26,0.3309684575816943,nan,nan,1510,4127,2097,681
2.0,0.5,37,3,12516344029552503667,3.0,3.25,26,0.1306743482008143,nan,nan,1510,4127,2097,681
2.0,0.5,38,1,8037454089581934431,3.0,3.25,26,0.6795633579942308,nan,nan,1195,3392,1767,590
2.0,0.5,38,2,8037454089581934431,3.0,3.25,26,0.34740965832970383,nan,nan,1195,3392,1767,590
2.0,0.5,38,3,8037454089581934431,3.0,3.25,26,0.1461140068108089,nan,nan,1195,3392,1767,590
2.0,0.5,39,1,13533510228255436032,3.0,3.25,26,0.7037303227929272,nan,nan,1988,4983,2359,796
2.0,0.5,39,2,13533510228255436032,3.0,3.25,26,0.38091103079363486,nan,nan,1988,4983,2359,796
2.0,0.5,39,3,13533510228255436032,3.0,3.25,26,0.1673888298024457,nan,nan,1988,4983,2359,796
2.0,0.5,40,1,4055969074004354091,3.0,3.25,26,0.6877014679448904,nan,nan,1075,3167,1676,576
2.0,0.5,40,2,4055969074004354091,3.0,3.25,26,0.3636313459894917,nan,nan,1075,3167,1676,576
2.0,0.5,40,3,4055969074004354091,3.0,3.25,26,0.1480672188513455,nan,nan,1075,3167,1676,576
2.0,0.5,41,1,12386420756774863274,3.0,3.25,26,0.6953795215192557,nan,nan,1490,4114,2099,685
2.0,0.5,41,2,12386420756774863274,3.0,3.25,26,0.3637820007556539,nan,nan,1490,4114,2099,685
2.0,0.5,41,3,12386420756774863274,3.0,3.25,26,0.15247272696757472,nan,nan,1490,4114,2099,685
2.0,0.5,42,1,5137582516072260192,3.0,3.25,26,0.6797867925036669,nan,nan,1482,3861,1904,637
2.0,0.5,42,2,5137582516072260192,3.0,3.25,26,0.3513818599808998,nan,nan,1482,3861,1904,637
2.0,0.5,42,3,5137582516072260192,3.0,3.25,26,0.12799482399453158,nan,nan,1482,3861,1904,637
2.0,0.5,43,1,10818752084970612327,3.0,3.25,26,0.6704690248163653,nan,nan,1603,4553,2333,779
2.0,0.5,43,2,10818752084970612327,3.0,3.25,26,0.32598774833524546,nan,nan,1603,4553,2333,779
2.0,0.5,43,3,10818752084970612327,3.0,3.25,26,0.13196510173215392,nan,nan,1603,4553,2333,779
2.0,0.5,44,1,6953947159920690336,3.0,3.25,26,0.7068943495665584,nan,nan,2175,5645,2741,889
2.0,0.5,44,2,6953947159920690336,3.0,3.25,26,0.38505222308592635,nan,nan,2175,5645,2741,889
2.0,0.5,44,3,6953947159920690336,3.0,3.25,26,0.1663468688719233,nan,nan,2175,5645,2741,889
2.0,0.5,45,1,272627021997550958,3.0,3.25,26,0.6959231859078993,nan,nan,1742,4521,2201,739
2.0,0.5,45,2,272627021997550958,3.0,3.25,26,0.3677150557176734,nan,nan,1742,4521,2201,739
2.0,0.5,45,3,272627021997550958,3.0,3.25,26,0.16842341994325175,nan,nan,1742,4521,2201,739
2.0,0.5,46,1,12906240881403932914,3.0,3.25,26,0.6777465869155855,nan,nan,1652,4346,2150,707
2.0,0.5,46,2,12906240881403932914,3.0,3.25,26,0.3424589530955051,nan,nan,1652,4346,2150,707
2.0,0.5,46,3,12906240881403932914,3.0,3.25,26,0.141215609058429,nan,nan,1652,4346,2150,707
2.0,0.5,47,1,11356679880616726415,3.0,3.25,26,0.664999977346161,nan,nan,1264,3450,1792,560
2.0,0.5,47,2,11356679880616726415,3.0,3.25,26,0.31923996744606475,nan,nan,1264,3450,1792,560
2.0,0.5,47,3,11356679880616726415,3.0,3.25,26,0.12915468727208362,nan,nan,1264,3450,1792,560
2.0,0.5,48,1,3989487243690443090,3.0,3.25,26,0.6739831310450213,nan,nan,1178,3184,1630,540
2.0,0.5,48,2,3989487243690443090,3.0,3.25,26,0.3337950106124779,nan,nan,1178,3184,1630,540
2.0,0.5,48,3,3989487243690443090,3.0,3.25,26,0.1390598783010442,nan,nan,1178,3184,1630,540
2.0,0.5,49,1,7575180297802649829,3.0,3.25,26,0.7006154818836182,nan,nan,1046,2953,1539,533
2.0,0.5,49,2,7575180297802649829,3.0,3.25,26,0.3643781525837607,nan,nan,1046,2953,1539,533
2.0,0.5,49,3,7575180297802649829,3.0,3.25,26,0.14141592849129395,nan,nan,1046,2953,1539,533
2.0,0.5,50,1,10343540529969063408,3.0,3.25,26,0.6833136780006378,nan,nan,1371,3618,1844,565
2.0,0.5,50,2,10343540529969063408,3.0,3.25,26,0.3580625561311501,nan,nan,1371,3618,1844,565
2.0,0.5,50,3,10343540529969063408,3.0,3.25,26,0.14145581867416734,nan,nan,1371,3618,1844,565
2.0,0.5,51,1,5287721032120778918,3.0,3.25,26,0.6882335538269343,nan,nan,1650,4172,2040,645
2.0,0.5,51,2,5287721032120778918,3.0,3.25,26,0.36551151778243235,nan,nan,1650,4172,2040,645
2.0,0.5,51,3,5287721032120778918,3.0,3.25,26,0.1575440907921843,nan,nan,1650,4172,2040,645
2.0,0.5,52,1,2769463490109183450,3.0,3.25,26,0.6655774290055579,nan,nan,1287,3585,1832,628
2.0,0.5,52,2,2769463490109183450,3.0,3.25,26,0.3251379559836694,nan,nan,1287,3585,1832,628
2.0,0.5,52,3,2769463490109183450,3.0,3.25,26,0.12270171792668735,nan,nan,1287,3585,1832,628
2.0,0.5,53,1,4358368840785637727,3.0,3.25,26,0.6858740782015252,nan,nan,1169,3215,1647,559
2.0,0.5,53,2,4358368840785637727,3.0,3.25,26,0.35885456567940827,nan,nan,1169,3215,1647,559
2.0,0.5,53,3,4358368840785637727,3.0,3.25,26,0.14438767671240244,nan,nan,1169,3215,1647,559
2.0,0.5,54,1,9209507490368986128,3.0,3.25,26,0.6742427728909224,nan,nan,1194,3263,1670,559
2.0,0.5,54,2,9209507490368986128,3.0,3.25,26,0.3303681187145541,nan,nan,1194,3263,1670,559
2.0,0.5,54,3,9209507490368986128,3.0,3.25,26,0.12611464470417394,nan,nan,1194,3263,1670,559
2.0,0.5,55,1,13035693603330015461,3.0,3.25,26,0.7076141583534471,nan,nan,1788,4377,2072,683
2.0,0.5,55,2,13035693603330015461,3.0,3.25,26,0.3644929438464079,nan,nan,1788,4377,2072,683
2.0,0.5,55,3,13035693603330015461,3.0,3.25,26,0.15527472986501104,nan,nan,1788,4377,2072,683
2.0,0.5,56,1,16425445022228688347,3.0,3.25,26,0.7013502715174678,nan,nan,1914,4967,2400,813
2.0,0.5,56,2,16425445022228688347,3.0,3.25,26,0.3909181150157225,nan,nan,1914,4967,2400,813
2.0,0.5,56,3,16425445022228688347,3.0,3.25,26,0.18668245038248563,nan,nan,1914,4967,2400,813
2.0,0.5,57,1,7284570060240878167,3.0,3.25,26,0.6766651427370006,nan,nan,1118,3344,1820,571
2.0,0.5,57,2,7284570060240878167,3.0,3.25,26,0.32968326159290395,nan,nan,1118,3344,1820,571
2.0,0.5,57,3,7284570060240878167,3.0,3.25,26,0.13144995841738047,nan,nan,1118,3344,1820,571
2.0,0.5,58,1,6766947458786593813,3.0,3.25,26,0.6873409687429282,nan,nan,1436,3701,1830,600
2.0,0.5,58,2,6766947458786593813,3.0,3.25,26,0.3666489285208211,nan,nan,1436,3701,1830,600
2.0,0.5,58,3,6766947458786593813,3.0,3.25,26,0.1837967148635446,nan,nan,1436,3701,1830,600
2.0,0.5,59,1,13486076528671277258,3.0,3.25,26,0.6965656548954444,nan,nan,1374,3678,1873,593
2.0,0.5,59,2,13486076528671277258,3.0,3.25,26,0.3708534707774632,nan,nan,1374,3678,1873,593
2.0,0.5,59,3,13486076528671277258,3.0,3.25,26,0.14674398461937102,nan,nan,1374,3678,1873,593
2.0,0.5,60,1,3062008631797586772,3.0,3.25,26,0.6888731773031386,nan,nan,1439,3828,1951,598
2.0,0.5,60,2,3062008631797586772,3.0,3.25,26,0.3696883670556578,nan,nan,1439,3828,1951,598
2.0,0.5,60,3,3062008631797586772,3.0,3.25,26,0.16734005797203644,nan,nan,1439,3828,1951,598
2.0,0.5,61,1,11514221863889227092,3.0,3.25,26,0.6899830609639642,nan,nan,1070,3068,1615,549
2.0,0.5,61,2,11514221863889227092,3.0,3.25,26,0.3751128843127203,nan,nan,1070,3068,1615,549
2.0,0.5,61,3,11514221863889227092,3.0,3.25,26,0.1627886232460044,nan,nan,1070,3068,1615,549
2.0,0.5,62,1,6025538537920318137,3.0,3.25,26,0.6864129848519968,nan,nan,1477,4089,2055,721
2.0,0.5,62,2,6025538537920318137,3.0,3.25,26,0.3424635386124915,nan,nan,1477,4089,2055,721
2.0,0.5,62,3,6025538537920318137,3.0,3.25,26,0.1480314162488676,nan,nan,1477,4089,2055,721
2.0,0.5,63,1,15700194935543093131,3.0,3.25,26,0.6580255006001478,nan,nan,1547,4152,2087,679
2.0,0.5,63,2,15700194935543093131,3.0,3.25,26,0.32249222302208275,nan,nan,1547,4152,2087,679
2.0,0.5,63,3,15700194935543093131,3.0,3.25,26,0.1281332955220809,nan,nan,1547,4152,2087,679
2.0,0.5,64,1,15668461960487510448,3.0,3.25,26,0.6671951903769288,nan,nan,1507,4174,2141,686
2.0,0.5,64,2,15668461960487510448,3.0,3.25,26,0.32937334388976797,nan,nan,1507,4174,2141,686
2.0,0.5,64,3,15668461960487510448,3.0,3.25,26,0.12571501877742214,nan,nan,1507,4174,2141,686
2.0,0.5,65,1,3180273064959217946,3.0,3.25,26,0.7001014570569681,nan,nan,1576,4118,2049,658
2.0,0.5,65,2,3180273064959217946,3.0,3.25,26,0.3753045278036034,nan,nan,1576,4118,2049,658
2.0,0.5,65,3,3180273064959217946,3.0,3.25,26,0.17717195010407913,nan,nan,1576,4118,2049,658
2.0,0.5,66,1,4729857299565751083,3.0,3.25,26,0.6623680460051434,nan,nan,1305,3514,1790,582
2.0,0.5,66,2,4729857299565751083,3.0,3.25,26,0.3141624713262079,nan,nan,1305,3514,1790,582
2.0,0.5,66,3,4729857299565751083,3.0,3.25,26,0.11424507815656729,nan,nan,1305,3514,1790,582
2.0,0.5,67,1,4674607861511052646,3.0,3.25,26,0.6719422968854113,nan,nan,1644,4179,2017,678
2.0,0.5,67,2,4674607861511052646,3.0,3.25,26,0.3358232670532758,nan,nan,1644,4179,2017,678
2.0,0.5,67,3,4674607861511052646,3.0,3.25,26,0.13419638664888556,nan,nan,1644,4179,2017,678
2.0,0.5,68,1,11637206210169832162,3.0,3.25,26,0.7069486876353684,nan,nan,1732,4646,2290,784
2.0,0.5,68,2,11637206210169832162,3.0,3.25,26,0.3874701578631238,nan,nan,1732,4646,2290,784
2.0,0.5,68,3,11637206210169832162,3.0,3.25,26,0.17146218295792476,nan,nan,1732,4646,2290,784
2.0,0.5,69,1,8922356004543704107,3.0,3.25,26,0.6774892931002918,nan,nan,1772,4553,2236,705
2.0,0.5,69,2,8922356004543704107,3.0,3.25,26,0.35084670395217016,nan,nan,1772,4553,2236,705
2.0,0.5,69,3,8922356004543704107,3.0,3.25,26,0.14776387667331684,nan,nan,1772,4553,2236,705
2.0,0.5,70,1,1953829859892781934,3.0,3.25,26,0.6950029839502666,nan,nan,1096,2844,1454,461
2.0,0.5,70,2,1953829859892781934,3.0,3.25,26,0.35903689851764803,nan,nan,1096,2844,1454,461
2.0,0.5,70,3,1953829859892781934,3.0,3.25,26,0.1521893425849041,nan,nan,1096,2844,1454,461
2.0,0.5,71,1,2982689052605606265,3.0,3.25,26,0.7023585670180362,nan,nan,1327,3386,1709,510
2.0,0.5,71,2,2982689052605606265,3.0,3.25,26,0.3817205073621187,nan,nan,1327,3386,1709,510
2.0,0.5,71,3,2982689052605606265,3.0,3.25,26,0.1697066496839216,nan,nan,1327,3386,1709,510
2.0,0.5,72,1,4425204293376128126,3.0,3.25,26,0.6876600430279545,nan,nan,1163,3198,1655,544
2.0,0.5,72,2,4425204293376128126,3.0,3.25,26,0.3610657574993542,nan,nan,1163,3198,1655,544
2.0,0.5,72,3,4425204293376128126,3.0,3.25,26,0.1571701472749688,nan,nan,1163,3198,1655,544
2.0,0.5,73,1,6746959620635089470,3.0,3.25,26,0.6930543076040963,nan,nan,1547,4074,2018,676
2.0,0.5,73,2,6746959620635089470,3.0,3.25,26,0.37120032475558384,nan,nan,1547,4074,2018,676
2.0,0.5,73,3,6746959620635089470,3.0,3.25,26,0.15747085324433013,nan,nan,1547,4074,2018,676
2.0,0.5,74,1,4124254227241597547,3.0,3.25,26,0.717228888614584,nan,nan,1259,3107,1536,472
2.0,0.5,74,2,4124254227241597547,3.0,3.25,26,0.38913348886291044,nan,nan,1259,3107,1536,472
2.0,0.5,74,3,4124254227241597547,3.0,3.25,26,0.15949466221159847,nan,nan,1259,3107,1536,472
2.0,0.5,75,1,1800935038348739407,3.0,3.25,26,0.7079716831514956,nan,nan,1354,3597,1824,579
2.0,0.5,75,2,1800935038348739407,3.0,3.25,26,0.3847877105789413,nan,nan,1354,3597,1824,579
2.0,0.5,75,3,1800935038348739407,3.0,3.25,26,0.17169944365761294,nan,nan,1354,3597,1824,579
2.0,0.5,76,1,1035125826313713267,3.0,3.25,26,0.6624927842637038,nan,nan,1456,3971,1988,687
2.0,0.5,76,2,1035125826313713267,3.0,3.25,26,0.3241061702871686,nan,nan,1456,3971,1988,687
2.0,0.5,76,3,1035125826313713267,3.0,3.25,26,0.12704069953781338,nan,nan,1456,3971,1988,687
2.0,0.5,77,1,692146519492931275,3.0,3.25,26,0.691761493838839,nan,nan,1641,4156,2058,617
2.0,0.5,77,2,692146519492931275,3.0,3.25,26,0.3516660300662987,nan,nan,1641,4156,2058,617
2.0,0.5,77,3,692146519492931275,3.0,3.25,26,0.14271606352956415,nan,nan,1641,4156,2058,617
2.0,0.5,78,1,8245693679166803042,3.0,3.25,26,0.6514253825337655,nan,nan,1239,3681,1960,642
2.0,0.5,78,2,8245693679166803042,3.0,3.25,26,0.31787311307028404,nan,nan,1239,3681,1960,642
2.0,0.5,78,3,8245693679166803042,3.0,3.25,26,0.12242296082445099,nan,nan,1239,3681,1960,642
2.0,0.5,79,1,11966621988936088855,3.0,3.25,26,0.6828122755379348,nan,nan,1157,3221,1659,565
2.0,0.5,79,2,11966621988936088855,3.0,3.25,26,0.3550877997100074,nan,nan,1157,3221,1659,565
2.0,0.5,79,3,11966621988936088855,3.0,3.25,26,0.14336616380045505,nan,nan,1157,3221,1659,565
2.0,0.5,80,1,1730244656946144538,3.0,3.25,26,0.6722144067538695,nan,nan,1438,3786,1862,646
2.0,0.5,80,2,1730244656946144538,3.0,3.25,26,0.33772006450058323,nan,nan,1438,3786,1862,646
2.0,0.5,80,3,1730244656946144538,3.0,3.25,26,0.12996882743668978,nan,nan,1438,3786,1862,646
2.0,0.5,81,1,15873442353558343459,3.0,3.25,26,0.7238890252069149,nan,nan,1527,3907,1888,652
2.0,0.5,81,2,15873442353558343459,3.0,3.25,26,0.3883121932344326,nan,nan,1527,3907,1888,652
2.0,0.5,81,3,15873442353558343459,3.0,3.25,26,0.17650227167799135,nan,nan,1527,3907,1888,652
2.0,0.5,82,1,18195023485560686702,3.0,3.25,26,0.6649165550886539,nan,nan,1681,4361,2116,724
2.0,0.5,82,2,18195023485560686702,3.0,3.25,26,0.3339594498518216,nan,nan,1681,4361,2116,724
2.0,0.5,82,3,18195023485560686702,3.0,3.25,26,0.12652461989792246,nan,nan,1681,4361,2116,724
2.0,0.5,83,1,17763352020778544945,3.0,3.25,26,0.6637942430702745,nan,nan,1552,4220,2163,674
2.0,0.5,83,2,17763352020778544945,3.0,3.25,26,0.33767610499548517,nan,nan,1552,4220,2163,674
2.0,0.5,83,3,17763352020778544945,3.0,3.25,26,0.133272922978271,nan,nan,1552,4220,2163,674
2.0,0.5,84,1,12115068517706081469,3.0,3.25,26,0.6934110697940626,nan,nan,1682,4466,2186,758
2.0,0.5,84,2,12115068517706081469,3.0,3.25,26,0.3567001916339809,nan,nan,1682,4466,2186,758
2.0,0.5,84,3,12115068517706081469,3.0,3.25,26,0.14985973864602906,nan,nan,1682,4466,2186,758
2.0,0.5,85,1,18051735125450855088,3.0,3.25,26,0.6701903531069953,nan,nan,1338,3752,1945,631
2.0,0.5,85,2,18051735125450855088,3.0,3.25,26,0.3317245115759055,nan,nan,1338,3752,1945,631
2.0,0.5,85,3,18051735125450855088,3.0,3.25,26,0.12667780800371997,nan,nan,1338,3752,1945,631
2.0,0.5,86,1,9147741313273240959,3.0,3.25,26,0.6918669831076701,nan,nan,1419,3776,1857,660
2.0,0.5,86,2,9147741313273240959,3.0,3.25,26,0.3740147136226027,nan,nan,1419,3776,1857,660
2.0,0.5,86,3,9147741313273240959,3.0,3.25,26,0.1601328703041472,nan,nan,1419,3776,1857,660
2.0,0.5,87,1,6778760351096507476,3.0,3.25,26,0.6853876480427985,nan,nan,1666,4521,2252,766
2.0,0.5,87,2,6778760351096507476,3.0,3.25,26,0.3609352117395254,nan,nan,1666,4521,2252,766
2.0,0.5,87,3,6778760351096507476,3.0,3.25,26,0.1557161420819232,nan,nan,1666,4521,2252,766
2.0,0.5,88,1,4641808638542041476,3.0,3.25,26,0.6864422062781899,nan,nan,1400,3576,1753,585
2.0,0.5,88,2,4641808638542041476,3.0,3.25,26,0.35508014408214034,nan,nan,1400,3576,1753,585
2.0,0.5,88,3,4641808638542041476,3.0,3.25,26,0.15068870157529146,nan,nan,1400,3576,1753,585
2.0,0.5,89,1,16494619660833917899,3.0,3.25,26,0.6910726531520878,nan,nan,2093,5389,2633,823
2.0,0.5,89,2,16494619660833917899,3.0,3.25,26,0.3579761396360422,nan,nan,2093,5389,2633,823
2.0,0.5,89,3,16494619660833917899,3.0,3.25,26,0.14161316490336026,nan,nan,2093,5389,2633,823
2.0,0.5,90,1,861002454091107567,3.0,3.25,26,0.6754186456633928,nan,nan,1550,4031,1979,662
2.0,0.5,90,2,861002454091107567,3.0,3.25,26,0.33703920109526425,nan,nan,1550,4031,1979,662
2.0,0.5,90,3,861002454091107567,3.0,3.25,26,0.1389693828975881,nan,nan,1550,4031,1979,662
2.0,0.5,91,1,5931189664927832203,3.0,3.25,26,0.667192835229212,nan,nan,1314,3662,1864,657
2.0,0.5,91,2,5931189664927832203,3.0,3.25,26,0.3433464527364705,nan,nan,1314,3662,1864,657
2.0,0.5,91,3,5931189664927832203,3.0,3.25,26,0.13797841546153428,nan,nan,1314,3662,1864,657
2.0,0.5,92,1,4431656797985590030,3.0,3.25,26,0.6826290222898752,nan,nan,1740,4701,2330,791
2.0,0.5,92,2,4431656797985590030,3.0,3.25,26,0.34950468328623163,nan,nan,1740,4701,2330,791
2.0,0.5,92,3,4431656797985590030,3.0,3.25,26,0.1398901871883243,nan,nan,1740,4701,2330,791
2.0,0.5,93,1,889521854095578863,3.0,3.25,26,0.7025353279193758,nan,nan,1751,4449,2182,686
2.0,0.5,93,2,889521854095578863,3.0,3.25,26,0.36522083606022276,nan,nan,1751,4449,2182,686
2.0,0.5,93,3,889521854095578863,3.0,3.25,26,0.15097053005590297,nan,nan,1751,4449,2182,686
2.0,0.5,94,1,9589214193018500144,3.0,3.25,26,0.66411601116116,nan,nan,1659,4478,2266,715
2.0,0.5,94,2,9589214193018500144,3.0,3.25,26,0.3286492437932319,nan,nan,1659,4478,2266,715
2.0,0.5,94,3,9589214193018500144,3.0,3.25,26,0.1233476427448025,nan,nan,1659,4478,2266,715
2.0,0.5,95,1,2231533793629209688,3.0,3.25,26,0.6888849945385497,nan,nan,1218,3292,1658,578
2.0,0.5,95,2,2231533793629209688,3.0,3.25,26,0.35948782999614115,nan,nan,1218,3292,1658,578
2.0,0.5,95,3,2231533793629209688,3.0,3.25,26,0.15229523597939684,nan,nan,1218,3292,1658,578
2.0,0.5,96,1,3254400812881527989,3.0,3.25,26,0.6850398930103285,nan,nan,1173,3444,1832,610
2.0,0.5,96,2,3254400812881527989,3.0,3.25,26,0.3476627347646726,nan,nan,1173,3444,1832,610
2.0,0.5,96,3,3254400812881527989,3.0,3.25,26,0.1497023478806046,nan,nan,1173,3444,1832,610
2.0,0.5,97,1,12848259138508273493,3.0,3.25,26,0.6777696107048544,nan,nan,1570,4103,2047,646
2.0,0.5,97,2,12848259138508273493,3.0,3.25,26,0.33955013179627547,nan,nan,1570,4103,2047,646
2.0,0.5,97,3,12848259138508273493,3.0,3.25,26,0.1383213876453245,nan,nan,1570,4103,2047,646
2.0,0.5,98,1,5854020907457830035,3.0,3.25,26,0.6716787372846551,nan,nan,1450,3780,1870,621
2.0,0.5,98,2,5854020907457830035,3.0,3.25,26,0.31247918739463343,nan,nan,1450,3780,1870,621
2.0,0.5,98,3,5854020907457830035,3.0,3.25,26,0.09830221218116188,nan,nan,1450,3780,1870,621
2.0,0.5,99,1,1341111460237930574,3.0,3.25,26,0.6794749995554968,nan,nan,1324,3506,1766,578
2.0,0.5,99,2,1341111460237930574,3.0,3.25,26,0.3517096927887978,nan,nan,1324,3506,1766,578
2.0,0.5,99,3,1341111460237930574,3.0,3.25,26,0.13712574411578735,nan,nan,1324,3506,1766,578
2.0,0.5,100,1,1985559100989696890,3.0,3.25,26,0.7064958331249869,nan,nan,1576,4070,1976,679
2.0,0.5,100,2,1985559100989696890,3.0,3.25,26,0.3892444583665722,nan,nan,1576,4070,1976,679
2.0,0.5,100,3,1985559100989696890,3.0,3.25,26,0.1728433983584379,nan,nan,1576,4070,1976,679
2.0,0.5,101,1,5165319643911770326,3.0,3.25,26,0.6808538920986347,nan,nan,1765,4689,2311,773
2.0,0.5,101,2,5165319643911770326,3.0,3.25,26,0.35702753163335604,nan,nan,1765,4689,2311,773
2.0,0.5,101,3,5165319643911770326,3.0,3.25,26,0.15358109032020378,nan,nan,1765,4689,2311,773
2.0,0.5,102,1,13510354276305892807,3.0,3.25,26,0.698274953258555,nan,nan,1781,4442,2124,698
2.0,0.5,102,2,13510354276305892807,3.0,3.25,26,0.36776894661915216,nan,nan,1781,4442,2124,698
2.0,0.5,102,3,13510354276305892807,3.0,3.25,26,0.15766085475635966,nan,nan,1781,4442,2124,698
2.0,0.5,103,1,18185903284768194454,3.0,3.25,26,0.6741429076866926,nan,nan,1179,3349,1754,576
2.0,0.5,103,2,18185903284768194454,3.0,3.25,26,0.3377706788398825,nan,nan,1179,3349,1754,576
2.0,0.5,103,3,18185903284768194454,3.0,3.25,26,0.1452957715863728,nan,nan,1179,3349,1754,576
2.0,0.5,104,1,11216016116608068489,3.0,3.25,26,0.6918889214513265,nan,nan,1558,4031,1964,675
2.0,0.5,104,2,11216016116608068489,3.0,3.25,26,0.3480121781021429,nan,nan,1558,4031,1964,675
2.0,0.5,104,3,11216016116608068489,3.0,3.25,26,0.14455242014618402,nan,nan,1558,4031,1964,675
2.0,0.5,105,1,12576705310396755058,3.0,3.25,26,0.6912219764484537,nan,nan,1022,2698,1383,456
2.0,0.5,105,2,12576705310396755058,3.0,3.25,26,0.3763785084695211,nan,nan,1022,2698,1383,456
2.0,0.5,105,3,12576705310396755058,3.0,3.25,26,0.1714650976732834,nan,nan,1022,2698,1383,456
2.0,0.5,106,1,5495290716279958225,3.0,3.25,26,0.7011330898572949,nan,nan,1903,4713,2254,716
2.0,0.5,106,2,5495290716279958225,3.0,3.25,26,0.38407014297787145,nan,nan,1903,4713,2254,716
2.0,0.5,106,3,5495290716279958225,3.0,3.25,26,0.1569449291161628,nan,nan,1903,4713,2254,716
2.0,0.5,107,1,12237142461879909156,3.0,3.25,26,0.6799404243604149,nan,nan,1798,4814,2366,814
2.0,0.5,107,2,12237142461879909156,3.0,3.25,26,0.3404390010076845,nan,nan,1798,4814,2366,814
2.0,0.5,107,3,12237142461879909156,3.0,3.25,26,0.13365461522413694,nan,nan,1798,4814,2366,814
2.0,0.5,108,1,2818459694473361152,3.0,3.25,26,0.6710843674539598,nan,nan,1409,3841,1960,635
2.0,0.5,108,2,2818459694473361152,3.0,3.25,26,0.33843653476390034,nan,nan,1409,3841,1960,635
2.0,0.5,108,3,2818459694473361152,3.0,3.25,26,0.1229986499259709,nan,nan,1409,3841,1960,635
2.0,0.5,109,1,638027014145862775,3.0,3.25,26,0.6939396492305185,nan,nan,1784,4556,2224,708
2.0,0.5,109,2,638027014145862775,3.0,3.25,26,0.36117052845472775,nan,nan,1784,4556,2224,708
2.0,0.5,109,3,638027014145862775,3.0,3.25,26,0.1517262607420839,nan,nan,1784,4556,2224,708
2.0,0.5,110,1,18097637582800822851,3.0,3.25,26,0.6757732767646855,nan,nan,1532,4092,2036,689
2.0,0.5,110,2,18097637582800822851,3.0,3.25,26,0.3462447807853918,nan,nan,1532,4092,2036,689
2.0,0.5,110,3,18097637582800822851,3.0,3.25,26,0.1526946123943957,nan,nan,1532,4092,2036,689
2.0,0.5,111,1,7411449823739864186,3.0,3.25,26,0.663078652244965,nan,nan,1415,3809,1929,629
2.0,0.5,111,2,7411449823739864186,3.0,3.25,26,0.33030608089591545,nan,nan,1415,3809,1929,629
2.0,0.5,111,3,7411449823739864186,3.0,3.25,26,0.1314688885209038,nan,nan,1415,3809,1929,629
2.0,0.5,112,1,13633655559730577356,3.0,3.25,26,0.6675776827225636,nan,nan,1168,3102,1582,516
2.0,0.5,112,2,13633655559730577356,3.0,3.25,26,0.353002630584056,nan,nan,1168,3102,1582,516
2.0,0.5,112,3,13633655559730577356,3.0,3.25,26,0.15049859538101001,nan,nan,1168,3102,1582,516
2.0,0.5,113,1,12156993804188184800,3.0,3.25,26,0.693946991906387,nan,nan,1743,4597,2278,736
2.0,0.5,113,2,12156993804188184800,3.0,3.25,26,0.36796066232186625,nan,nan,1743,4597,2278,736
2.0,0.5,113,3,12156993804188184800,3.0,3.25,26,0.15138302439890347,nan,nan,1743,4597,2278,736
2.0,0.5,114,1,3937810014850522830,3.0,3.25,26,0.684881832787222,nan,nan,1600,4269,2134,696
2.0,0.5,114,2,3937810014850522830,3.0,3.25,26,0.35402377888598086,nan,nan,1600,4269,2134,696
2.0,0.5,114,3,3937810014850522830,3.0,3.25,26,0.15017942411976454,nan,nan,1600,4269,2134,696
2.0,0.5,115,1,1818200263658296203,3.0,3.25,26,0.6790472078085703,nan,nan,1818,4707,2295,757
2.0,0.5,115,2,1818200263658296203,3.0,3.25,26,0.33916631800400354,nan,nan,1818,4707,2295,757
2.0,0.5,115,3,1818200263658296203,3.0,3.25,26,0.1279466651721746,nan,nan,1818,4707,2295,757
2.0,0.5,116,1,12034784605120708564,3.0,3.25,26,0.7084345595804243,nan,nan,1404,3584,1782,558
2.0,0.5,116,2,12034784605120708564,3.0,3.25,26,0.37882092920585936,nan,nan,1404,3584,1782,558
2.0,0.5,116,3,12034784605120708564,3.0,3.25,26,0.15838600800665478,nan,nan,1404,3584,1782,558
2.0,0.5,117,1,6117677164344542759,3.0,3.25,26,0.6701480657062139,nan,nan,1239,3509,1834,596
2.0,0.5,117,2,6117677164344542759,3.0,3.25,26,0.3173292713068877,nan,nan,1239,3509,1834,596
2.0,0.5,117,3,6117677164344542759,3.0,3.25,26,0.11842729554885853,nan,nan,1239,3509,1834,596
2.0,0.5,118,1,16248980156619887896,3.0,3.25,26,0.699722337726371,nan,nan,1710,4458,2190,722
2.0,0.5,118,2,16248980156619887896,3.0,3.25,26,0.37239265923907827,nan,nan,1710,4458,2190,722
2.0,0.5,118,3,16248980156619887896,3.0,3.25,26,0.16289097376789805,nan,nan,1710,4458,2190,722
2.0,0.5,119,1,73954205839541368,3.0,3.25,26,0.7106060856711889,nan,nan,1722,4441,2166,713
2.0,0.5,119,2,73954205839541368,3.0,3.25,26,0.3830099760165932,nan,nan,1722,4441,2166,713
2.0,0.5,119,3,73954205839541368,3.0,3.25,26,0.17179115894954136,nan,nan,1722,4441,2166,713
2.0,0.75,0,1,8325956507622918163,3.0,3.25,26,0.6786736118027997,nan,nan,897,3028,1521,776
2.0,0.75,0,2,8325956507622918163,3.0,3.25,26,0.3516813373598536,nan,nan,897,3028,1521,776
2.0,0.75,0,3,8325956507622918163,3.0,3.25,26,0.14285772071307815,nan,nan,897,3028,1521,776
2.0,0.75,1,1,3862695832218162971,3.0,3.25,26,0.6752595373991457,nan,nan,1002,3379,1659,895
2.0,0.75,1,2,3862695832218162971,3.0,3.25,26,0.34993969723124607,nan,nan,1002,3379,1659,895
2.0,0.75,1,3,3862695832218162971,3.0,3.25,26,0.1581443884525092,nan,nan,1002,3379,1659,895
2.0,0.75,2,1,12666078511925946972,3.0,3.25,26,0.6656977293516453,nan,nan,784,2777,1426,742
2.0,0.75,2,2,12666078511925946972,3.0,3.25,26,0.33840272315652375,nan,nan,784,2777,1426,742
2.0,0.75,2,3,12666078511925946972,3.0,3.25,26,0.12267999579358915,nan,nan,784,2777,1426,742
2.0,0.75,3,1,11875414919259042884,3.0,3.25,26,0.6653951780569846,nan,nan,735,2721,1425,721
2.0,0.75,3,2,11875414919259042884,3.0,3.25,26,0.32580936996842874,nan,nan,735,2721,1425,721
2.0,0.75,3,3,11875414919259042884,3.0,3.25,26,0.12026740500890322,nan,nan,735,2721,1425,721
2.0,0.75,4,1,6656494349418039874,3.0,3.25,26,0.6915527096665268,nan,nan,980,3284,1648,816
2.0,0.75,4,2,6656494349418039874,3.0,3.25,26,0.3445576714701535,nan,nan,980,3284,1648,816
2.0,0.75,4,3,6656494349418039874,3.0,3.25,26,0.1290444126434238,nan,nan,980,3284,1648,816
2.0,0.75,5,1,16790952628167004391,3.0,3.25,26,0.6853872941648869,nan,nan,782,2544,1287,637
2.0,0.75,5,2,16790952628167004391,3.0,3.25,26,0.35922250792321986,nan,nan,782,2544,1287,637
2.0,0.75,5,3,16790952628167004391,3.0,3.25,26,0.1456842292891499,nan,nan,782,2544,1287,637
2.0,0.75,6,1,4015738015416319035,3.0,3.25,26,0.6701675902912718,nan,nan,705,2304,1180,580
2.0,0.75,6,2,4015738015416319035,3.0,3.25,26,0.33864042913754056,nan,nan,705,2304,1180,580
2.0,0.75,6,3,4015738015416319035,3.0,3.25,26,0.141870063471304,nan,nan,705,2304,1180,580
2.0,0.75,7,1,9075728649432831177,3.0,3.25,26,0.7182476835883675,nan,nan,1246,3617,1720,815
2.0,0.75,7,2,9075728649432831177,3.0,3.25,26,0.3822264107990143,nan,nan,1246,3617,1720,815
2.0,0.75,7,3,9075728649432831177,3.0,3.25,26,0.16427610493221054,nan,nan,1246,3617,1720,815
2.0,0.75,8,1,7951468325597775929,3.0,3.25,26,0.6962959615072553,nan,nan,988,3481,1765,888
2.0,0.75,8,2,7951468325597775929,3.0,3.25,26,0.3584523223486111,nan,nan,988,3481,1765,888
2.0,0.75,8,3,7951468325597775929,3.0,3.25,26,0.15093123037664413,nan,nan,988,3481,1765,888
2.0,0.75,9,1,12485612261881513143,3.0,3.25,26,0.6917019271602182,nan,nan,914,3122,1566,807
2.0,0.75,9,2,12485612261881513143,3.0,3.25,26,0.35544076840498867,nan,nan,914,3122,1566,807
2.0,0.75,9,3,12485612261881513143,3.0,3.25,26,0.15008966674833285,nan,nan,914,3122,1566,807
2.0,0.75,10,1,11748742315280717907,3.0,3.25,26,0.7035333652025054,nan,nan,946,2971,1479,708
2.0,0.75,10,2,11748742315280717907,3.0,3.25,26,0.3789983809440664,nan,nan,946,2971,1479,708
2.0,0.75,10,3,11748742315280717907,3.0,3.25,26,0.17254211673340436,nan,nan,946,2971,1479,708
2.0,0.75,11,1,16308831055289256530,3.0,3.25,26,0.6850521773020698,nan,nan,767,2739,1438,704
2.0,0.75,11,2,16308831055289256530,3.0,3.25,26,0.36580514346470167,nan,nan,767,2739,1438,704
2.0,0.75,11,3,16308831055289256530,3.0,3.25,26,0.16526873773378045,nan,nan,767,2739,1438,704
2.0,0.75,12,1,421036270830619645,3.0,3.25,26,0.7001160477318821,nan,nan,934,3074,1532,770
2.0,0.75,12,2,421036270830619645,3.0,3.25,26,0.3451812362864703,nan,nan,934,3074,1532,770
2.0,0.75,12,3,421036270830619645,3.0,3.25,26,0.11565060439590583,nan,nan,934,3074,1532,770
2.0,0.75,13,1,12784233711851646495,3.0,3.25,26,0.7044033708475317,nan,nan,1080,3509,1739,864
2.0,0.75,13,2,12784233711851646495,3.0,3.25,26,0.3913048133070858,nan,nan,1080,3509,1739,864
2.0,0.75,13,3,12784233711851646495,3.0,3.25,26,0.1634242879534043,nan,nan,1080,3509,1739,864
2.0,0.75,14,1,6720407527492361670,3.0,3.25,26,0.6855056174134538,nan,nan,620,2153,1142,555
2.0,0.75,14,2,6720407527492361670,3.0,3.25,26,0.3603617435488458,nan,nan,620,2153,1142,555
2.0,0.75,14,3,6720407527492361670,3.0,3.25,26,0.1474995480332641,nan,nan,620,2153,1142,555
2.0,0.75,15,1,4746255978096755861,3.0,3.25,26,0.7028112596616574,nan,nan,724,2321,1190,576
2.0,0.75,15,2,4746255978096755861,3.0,3.25,26,0.40165712800197806,nan,nan,724,2321,1190,576
2.0,0.75,15,3,4746255978096755861,3.0,3.25,26,0.18783834296444007,nan,nan,724,2321,1190,576
2.0,0.75,16,1,12953464205159710199,3.0,3.25,26,0.7025863892164883,nan,nan,1180,3695,1824,851
2.0,0.75,16,2,12953464205159710199,3.0,3.25,26,0.39830359753471245,nan,nan,1180,3695,1824,851
2.0,0.75,16,3,12953464205159710199,3.0,3.25,26,0.1698066370317328,nan,nan,1180,3695,1824,851
2.0,0.75,17,1,9197746488450741780,3.0,3.25,26,0.694331744424997,nan,nan,1140,3675,1792,906
2.0,0.75,17,2,9197746488450741780,3.0,3.25,26,0.37280840063746196,nan,nan,1140,3675,1792,906
2.0,0.75,17,3,9197746488450741780,3.0,3.25,26,0.17801994103152882,nan,nan,1140,3675,1792,906
2.0,0.75,18,1,13267068478487123237,3.0,3.25,26,0.6897533304215036,nan,nan,901,2943,1483,719
2.0,0.75,18,2,13267068478487123237,3.0,3.25,26,0.3551655036283237,nan,nan,901,2943,1483,719
2.0,0.75,18,3,13267068478487123237,3.0,3.25,26,0.13987177742535392,nan,nan,901,2943,1483,719
2.0,0.75,19,1,14257567078022739824,3.0,3.25,26,0.6887728893290467,nan,nan,795,2825,1471,742
2.0,0.75,19,2,14257567078022739824,3.0,3.25,26,0.3716350807774216,nan,nan,795,2825,1471,742
2.0,0.75,19,3,14257567078022739824,3.0,3.25,26,0.1508143810556928,nan,nan,795,2825,1471,742
2.0,0.75,20,1,647581582504165543,3.0,3.25,26,0.6940248865227076,nan,nan,1210,3757,1801,921
2.0,0.75,20,2,647581582504165543,3.0,3.25,26,0.3739076392931743,nan,nan,1210,3757,1801,921
2.0,0.75,20,3,647581582504165543,3.0,3.25,26,0.1601768596853724,nan,nan,1210,3757,1801,921
2.0,0.75,21,1,13608462279090621446,3.0,3.25,26,0.7097589880524384,nan,nan,922,3115,1565,794
2.0,0.75,21,2,13608462279090621446,3.0,3.25,26,0.3716533755015495,nan,nan,922,3115,1565,794
2.0,0.75,21,3,13608462279090621446,3.0,3.25,26,0.14244958039205044,nan,nan,922,3115,1565,794
2.0,0.75,22,1,17062253798886497238,3.0,3.25,26,0.6915475156902241,nan,nan,1200,3748,1803,917
2.0,0.75,22,2,17062253798886497238,3.0,3.25,26,0.3682425400245893,nan,nan,1200,3748,1803,917
2.0,0.75,22,3,17062253798886497238,3.0,3.25,26,0.15520060667202631,nan,nan,1200,3748,1803,917
2.0,0.75,23,1,11297168903146485648,3.0,3.25,26,0.7105579931368672,nan,nan,715,2350,1191,606
2.0,0.75,23,2,11297168903146485648,3.0,3.25,26,0.3831031912050934,nan,nan,715,2350,1191,606
2.0,0.75,23,3,11297168903146485648,3.0,3.25,26,0.16027674261478606,nan,nan,715,2350,1191,606
2.0,0.75,24,1,15376064261967634503,3.0,3.25,26,0.7056470004170392,nan,nan,1003,3147,1574,734
2.0,0.75,24,2,15376064261967634503,3.0,3.25,26,0.3753058570677247,nan,nan,1003,3147,1574,734
2.0,0.75,24,3,15376064261967634503,3.0,3.25,26,0.1553230962251839,nan,nan,1003,3147,1574,734
2.0,0.75,25,1,2064571435464582776,3.0,3.25,26,0.7109409426295439,nan,nan,642,2239,1181,579
2.0,0.75,25,2,2064571435464582776,3.0,3.25,26,0.4058445977670815,nan,nan,642,2239,1181,579
2.0,0.75,25,3,2064571435464582776,3.0,3.25,26,0.17768080475886977,nan,nan,642,2239,1181,579
2.0,0.75,26,1,8389197470751246379,3.0,3.25,26,0.6993377684142265,nan,nan,727,2453,1270,617
2.0,0.75,26,2,8389197470751246379,3.0,3.25,26,0.3644365595258074,nan,nan,727,2453,1270,617
2.0,0.75,26,3,8389197470751246379,3.0,3.25,26,0.14738995074813513,nan,nan,727,2453,1270,617
2.0,0.75,27,1,12928738379963573584,3.0,3.25,26,0.694417436231174,nan,nan,919,2983,1512,712
2.0,0.75,27,2,12928738379963573584,3.0,3.25,26,0.3549900665349519,nan,nan,919,2983,1512,712
2.0,0.75,27,3,12928738379963573584,3.0,3.25,26,0.15440122415407456,nan,nan,919,2983,1512,712
2.0,0.75,28,1,10944938361304544365,3.0,3.25,26,0.6829106182785908,nan,nan,1052,3596,1841,876
2.0,0.75,28,2,10944938361304544365,3.0,3.25,26,0.3570438819831282,nan,nan,1052,3596,1841,876
2.0,0.75,28,3,10944938361304544365,3.0,3.25,26,0.14039132418969347,nan,nan,1052,3596,1841,876
2.0,0.75,29,1,17595805249815718521,3.0,3.25,26,0.7114727110896338,nan,nan,1338,3928,1791,963
2.0,0.75,29,2,17595805249815718521,3.0,3.25,26,0.36654694810965344,nan,nan,1338,3928,1791,963
2.0,0.75,29,3,17595805249815718521,3.0,3.25,26,0.15170543095016017,nan,nan,1338,3928,1791,963
2.0,0.75,30,1,10792091844147185521,3.0,3.25,26,0.745360214873696,nan,nan,1049,3105,1505,716
2.0,0.75,30,2,10792091844147185521,3.0,3.25,26,0.4234040322373777,nan,nan,1049,3105,1505,716
2.0,0.75,30,3,10792091844147185521,3.0,3.25,26,0.20340370962942741,nan,nan,1049,3105,1505,716
2.0,0.75,31,1,16403990501239915521,3.0,3.25,26,0.6789146961288992,nan,nan,927,3031,1519,745
2.0,0.75,31,2,16403990501239915521,3.0,3.25,26,0.3525007145069011,nan,nan,927,3031,1519,745
2.0,0.75,31,3,16403990501239915521,3.0,3.25,26,0.1447226492415243,nan,nan,927,3031,1519,745
2.0,0.75,32,1,13208131211103302009,3.0,3.25,26,0.674445006226468,nan,nan,877,3001,1538,748
2.0,0.75,32,2,13208131211103302009,3.0,3.25,26,0.3324311900583029,nan,nan,877,3001,1538,748
2.0,0.75,32,3,13208131211103302009,3.0,3.25,26,0.1434519714450166,nan,nan,877,3001,1538,748
2.0,0.75,33,1,15957035606530707717,3.0,3.25,26,0.7086562121770962,nan,nan,946,3317,1698,838
2.0,0.75,33,2,15957035606530707717,3.0,3.25,26,0.3806727850103953,nan,nan,946,3317,1698,838
2.0,0.75,33,3,15957035606530707717,3.0,3.25,26,0.16277629603041804,nan,nan,946,3317,1698,838
2.0,0.75,34,1,9774165003464443803,3.0,3.25,26,0.6923589824686126,nan,nan,792,2608,1352,634
2.0,0.75,34,2,9774165003464443803,3.0,3.25,26,0.3708394565864154,nan,nan,792,2608,1352,634
2.0,0.75,34,3,9774165003464443803,3.0,3.25,26,0.1651923492416466,nan,nan,792,2608,1352,634
2.0,0.75,35,1,7443277426245178161,3.0,3.25,26,0.6888471220962811,nan,nan,871,2783,1381,695
2.0,0.75,35,2,7443277426245178161,3.0,3.25,26,0.36775331220384355,nan,nan,871,2783,1381,695
2.0,0.75,35,3,7443277426245178161,3.0,3.25,26,0.1610623612237046,nan,nan,871,2783,1381,695
2.0,0.75,36,1,3699491726501783915,3.0,3.25,26,0.7030985787190379,nan,nan,1213,3744,1805,889
2.0,0.75,36,2,3699491726501783915,3.0,3.25,26,0.36915319388688034,nan,nan,1213,3744,1805,889
2.0,0.75,36,3,3699491726501783915,3.0,3.25,26,0.15052320875743574,nan,nan,1213,3744,1805,889
2.0,0.75,37,1,5544359121763675738,3.0,3.25,26,0.698517471200604,nan,nan,1188,3885,1915,943
2.0,0.75,37,2,5544359121763675738,3.0,3.25,26,0.3680950287387803,nan,nan,1188,3885,1915,943
2.0,0.75,37,3,5544359121763675738,3.0,3.25,26,0.15645809687426632,nan,nan,1188,3885,1915,943
2.0,0.75,38,1,1996573345766610705,3.0,3.25,26,0.6836723930382977,nan,nan,737,2487,1310,607
2.0,0.75,38,2,1996573345766610705,3.0,3.25,26,0.360016676187819,nan,nan,737,2487,1310,607
2.0,0.75,38,3,1996573345766610705,3.0,3.25,26,0.13275763382030692,nan,nan,737,2487,1310,607
2.0,0.75,39,1,12640029302928887023,3.0,3.25,26,0.6719762341068866,nan,nan,890,2980,1488,765
2.0,0.75,39,2,12640029302928887023,3.0,3.25,26,0.3653715006777827,nan,nan,890,2980,1488,765
2.0,0.75,39,3,12640029302928887023,3.0,3.25,26,0.16520461072882803,nan,nan,890,2980,1488,765
2.0,0.75,40,1,1244034197159736341,3.0,3.25,26,0.6819371846096399,nan,nan,748,2567,1332,647
2.0,0.75,40,2,1244034197159736341,3.0,3.25,26,0.34432032361938053,nan,nan,748,2567,1332,647
2.0,0.75,40,3,1244034197159736341,3.0,3.25,26,0.130061504564363,nan,nan,748,2567,1332,647
2.0,0.75,41,1,4684604696433203590,3.0,3.25,26,0.6828629160439708,nan,nan,856,2902,1485,722
2.0,0.75,41,2,4684604696433203590,3.0,3.25,26,0.3588927608480118,nan,nan,856,2902,1485,722
2.0,0.75,41,3,4684604696433203590,3.0,3.25,26,0.14359036987665613,nan,nan,856,2902,1485,722
2.0,0.75,42,1,7811137551253862148,3.0,3.25,26,0.6727993884765097,nan,nan,720,2513,1302,654
2.0,0.75,42,2,7811137551253862148,3.0,3.25,26,0.3312570201712744,nan,nan,720,2513,1302,654
2.0,0.75,42,3,7811137551253862148,3.0,3.25,26,0.12885763064774963,nan,nan,720,2513,1302,654
2.0,0.75,43,1,1573655733418293744,3.0,3.25,26,0.6984115905352687,nan,nan,940,3062,1494,791
2.0,0.75,43,2,1573655733418293744,3.0,3.25,26,0.3509942253607149,nan,nan,940,3062,1494,791
2.0,0.75,43,3,1573655733418293744,3.0,3.25,26,0.13076283916894238,nan,nan,940,3062,1494,791
2.0,0.75,44,1,3784273538314895840,3.0,3.25,26,0.6907155379839602,nan,nan,935,3001,1467,762
2.0,0.75,44,2,3784273538314895840,3.0,3.25,26,0.3786557000453865,nan,nan,935,3001,1467,762
2.0,0.75,44,3,3784273538314895840,3.0,3.25,26,0.17346744968479566,nan,nan,935,3001,1467,762
2.0,0.75,45,1,450200150709750779,3.0,3.25,26,0.6890745624243722,nan,nan,1050,3517,1734,896
2.0,0.75,45,2,450200150709750779,3.0,3.25,26,0.38468429275098254,nan,nan,1050,3517,1734,896
2.0,0.75,45,3,450200150709750779,3.0,3.25,26,0.1793554288000091,nan,nan,1050,3517,1734,896
2.0,0.75,46,1,15154019792278466342,3.0,3.25,26,0.6731408055944195,nan,nan,905,3037,1502,793
2.0,0.75,46,2,15154019792278466342,3.0,3.25,26,0.3362206197861498,nan,nan,905,3037,1502,793
2.0,0.75,46,3,15154019792278466342,3.0,3.25,26,0.13307692028731055,nan,nan,905,3037,1502,793
2.0,0.75,47,1,121170506667985883,3.0,3.25,26,0.7378409044825099,nan,nan,819,2512,1251,613
2.0,0.75,47,2,121170506667985883,3.0,3.25,26,0.43296786726846787,nan,nan,819,2512,1251,613
2.0,0.75,47,3,121170506667985883,3.0,3.25,26,0.22028855946454579,nan,nan,819,2512,1251,613
2.0,0.75,48,1,18310398387709074219,3.0,3.25,26,0.7153961719431707,nan,nan,946,3009,1505,733
2.0,0.75,48,2,18310398387709074219,3.0,3.25,26,0.4043170457456941,nan,nan,946,3009,1505,733
2.0,0.75,48,3,18310398387709074219,3.0,3.25,26,0.1802352786254811,nan,nan,946,3009,1505,733
2.0,0.75,49,1,5511746933691877109,3.0,3.25,26,0.7179251875153004,nan,nan,812,2592,1333,608
2.0,0.75,49,2,5511746933691877109,3.0,3.25,26,0.3928888432445686,nan,nan,812,2592,1333,608
2.0,0.75,49,3,5511746933691877109,3.0,3.25,26,0.16005870791768656,nan,nan,812,2592,1333,608
2.0,0.75,50,1,8070101492941085912,3.0,3.25,26,0.6881015570785637,nan,nan,853,2792,1407,698
2.0,0.75,50,2,8070101492941085912,3.0,3.25,26,0.34810056129647177,nan,nan,853,2792,1407,698
2.0,0.75,50,3,8070101492941085912,3.0,3.25,26,0.11914318309934845,nan,nan,853,2792,1407,698
2.0,0.75,51,1,1166349345646171414,3.0,3.25,26,0.7047588185740642,nan,nan,1167,3782,1847,928
2.0,0.75,51,2,1166349345646171414,3.0,3.25,26,0.3858247752037183,nan,nan,1167,3782,1847,928
2.0,0.75,51,3,1166349345646171414,3.0,3.25,26,0.18326839257875854,nan,nan,1167,3782,1847,928
2.0,0.75,52,1,4535033102416761082,3.0,3.25,26,0.7084012887653703,nan,nan,1206,3749,1821,882
2.0,0.75,52,2,4535033102416761082,3.0,3.25,26,0.39871161051923387,nan,nan,1206,3749,1821,882
2.0,0.75,52,3,4535033102416761082,3.0,3.25,26,0.19185128241628982,nan,nan,1206,3749,1821,882
2.0,0.75,53,1,6600906986599599874,3.0,3.25,26,0.6946668830332745,nan,nan,936,3146,1588,792
2.0,0.75,53,2,6600906986599599874,3.0,3.25,26,0.35037051521941426,nan,nan,936,3146,1588,792
2.0,0.75,53,3,6600906986599599874,3.0,3.25,26,0.13313974106322493,nan,nan,936,3146,1588,792
2.0,0.75,54,1,14264901923709691814,3.0,3.25,26,0.6938731952539878,nan,nan,1048,3201,1565,753
2.0,0.75,54,2,14264901923709691814,3.0,3.25,26,0.37750703961992765,nan,nan,1048,3201,1565,753
2.0,0.75,54,3,14264901923709691814,3.0,3.25,26,0.16132746875723097,nan,nan,1048,3201,1565,753
2.0,0.75,55,1,3275232620765178790,3.0,3.25,26,0.7048250986606133,nan,nan,1065,3162,1520,743
2.0,0.75,55,2,3275232620765178790,3.0,3.25,26,0.37647848928606137,nan,nan,1065,3162,1520,743
2.0,0.75,55,3,3275232620765178790,3.0,3.25,26,0.16183269248901458,nan,nan,1065,3162,1520,743
2.0,0.75,56,1,3491940221283011499,3.0,3.25,26,0.6837227066434765,nan,nan,1082,3735,1865,948
2.0,0.75,56,2,3491940221283011499,3.0,3.25,26,0.3425928588255366,nan,nan,1082,3735,1865,948
2.0,0.75,56,3,3491940221283011499,3.0,3.25,26,0.12933733428829536,nan,nan,1082,3735,1865,948
2.0,0.75,57,1,15901034810583808314,3.0,3.25,26,0.6893463000788509,nan,nan,1095,3650,1797,922
2.0,0.75,57,2,15901034810583808314,3.0,3.25,26,0.3523560291583826,nan,nan,1095,3650,1797,922
2.0,0.75,57,3,15901034810583808314,3.0,3.25,26,0.14512140046184768,nan,nan,1095,3650,1797,922
2.0,0.75,58,1,10337284792111568794,3.0,3.25,26,0.6846602648650404,nan,nan,807,2609,1331,631
2.0,0.75,58,2,10337284792111568794,3.0,3.25,26,0.372202482069083,nan,nan,807,2609,1331,631
2.0,0.75,58,3,10337284792111568794,3.0,3.25,26,0.1778387607834306,nan,nan,807,2609,1331,631
2.0,0.75,59,1,13344747608624661674,3.0,3.25,26,0.7047350485213246,nan,nan,1078,3031,1410,707
2.0,0.75,59,2,13344747608624661674,3.0,3.25,26,0.3896786983417123,nan,nan,1078,3031,1410,707
2.0,0.75,59,3,13344747608624661674,3.0,3.25,26,0.17238485318513866,nan,nan,1078,3031,1410,707
2.0,0.75,60,1,17421199792202443180,3.0,3.25,26,0.7113939507057429,nan,nan,1179,3587,1671,898
2.0,0.75,60,2,17421199792202443180,3.0,3.25,26,0.391997099757743,nan,nan,1179,3587,1671,898
2.0,0.75,60,3,17421199792202443180,3.0,3.25,26,0.1705568703379006,nan,nan,1179,3587,1671,898
2.0,0.75,61,1,14931918475946199705,3.0,3.25,26,0.6958824613230873,nan,nan,833,2852,1456,723
2.0,0.75,61,2,14931918475946199705,3.0,3.25,26,0.3656217142405454,nan,nan,833,2852,1456,723
2.0,0.75,61,3,14931918475946199705,3.0,3.25,26,0.14452783157041094,nan,nan,833,2852,1456,723
2.0,0.75,62,1,10582855101626332603,3.0,3.25,26,0.6745502093888783,nan,nan,663,2325,1241,584
2.0,0.75,62,2,10582855101626332603,3.0,3.25,26,0.32968590450534807,nan,nan,663,2325,1241,584
2.0,0.75,62,3,10582855101626332603,3.0,3.25,26,0.11827755902597666,nan,nan,663,2325,1241,584
2.0,0.75,63,1,11252245221324505212,3.0,3.25,26,0.6838189068487234,nan,nan,1073,3396,1632,851
2.0,0.75,63,2,11252245221324505212,3.0,3.25,26,0.3425258025202283,nan,nan,1073,3396,1632,851
2.0,0.75,63,3,11252245221324505212,3.0,3.25,26,0.13452002474779767,nan,nan,1073,3396,1632,851
2.0,0.75,64,1,11060545129106710066,3.0,3.25,26,0.6904121188162446,nan,nan,714,2508,1296,664
2.0,0.75,64,2,11060545129106710066,3.0,3.25,26,0.3595399374328604,nan,nan,714,2508,1296,664
2.0,0.75,64,3,11060545129106710066,3.0,3.25,26,0.13589257117949285,nan,nan,714,2508,1296,664
2.0,0.75,65,1,17540955455161074433,3.0,3.25,26,0.7072396496105747,nan,nan,688,2259,1157,577
2.0,0.75,65,2,17540955455161074433,3.0,3.25,26,0.38928362053109733,nan,nan,688,2259,1157,577
2.0,0.75,65,3,17540955455161074433,3.0,3.25,26,0.16856481303579487,nan,nan,688,2259,1157,577
2.0,0.75,66,1,3642594353030933985,3.0,3.25,26,0.6849488300998382,nan,nan,905,2833,1373,715
2.0,0.75,66,2,3642594353030933985,3.0,3.25,26,0.3403761221909998,nan,nan,905,2833,1373,715
2.0,0.75,66,3,3642594353030933985,3.0,3.25,26,0.12619728017073834,nan,nan,905,2833,1373,715
2.0,0.75,67,1,17096054991545735442,3.0,3.25,26,0.7080644261210562,nan,nan,586,2073,1132,515
2.0,0.75,67,2,17096054991545735442,3.0,3.25,26,0.36359951332631135,nan,nan,586,2073,1132,515
2.0,0.75,67,3,17096054991545735442,3.0,3.25,26,0.1396199696651568,nan,nan,586,2073,1132,515
2.0,0.75,68,1,11182135862218883425,3.0,3.25,26,0.6743321946442946,nan,nan,867,2986,1550,754
2.0,0.75,68,2,11182135862218883425,3.0,3.25,26,0.35019706051821614,nan,nan,867,2986,1550,754
2.0,0.75,68,3,11182135862218883425,3.0,3.25,26,0.14919095264468718,nan,nan,867,2986,1550,754
2.0,0.75,69,1,1466747448252733872,3.0,3.25,26,0.6601492968600078,nan,nan,853,2811,1427,693
2.0,0.75,69,2,1466747448252733872,3.0,3.25,26,0.31477214875577036,nan,nan,853,2811,1427,693
2.0,0.75,69,3,1466747448252733872,3.0,3.25,26,0.1318287706919157,nan,nan,853,2811,1427,693
2.0,0.75,70,1,3386749466704290963,3.0,3.25,26,0.7042682398412506,nan,nan,999,3322,1661,830
2.0,0.75,70,2,3386749466704290963,3.0,3.25,26,0.3695036683656242,nan,nan,999,3322,1661,830
2.0,0.75,70,3,3386749466704290963,3.0,3.25,26,0.15645631292059015,nan,nan,999,3322,1661,830
2.0,0.75,71,1,3392763320626178262,3.0,3.25,26,0.68752401375513,nan,nan,799,2750,1433,690
2.0,0.75,71,2,3392763320626178262,3.0,3.25,26,0.3494459669107543,nan,nan,799,2750,1433,690
2.0,0.75,71,3,3392763320626178262,3.0,3.25,26,0.12992112444202333,nan,nan,799,2750,1433,690
2.0,0.75,72,1,4326399083400843421,3.0,3.25,26,0.7200885621668577,nan,nan,1050,3216,1570,759
2.0,0.75,72,2,4326399083400843421,3.0,3.25,26,0.39345133123111786,nan,nan,1050,3216,1570,759
2.0,0.75,72,3,4326399083400843421,3.0,3.25,26,0.18374464206319688,nan,nan,1050,3216,1570,759
2.0,0.75,73,1,3822869797918704561,3.0,3.25,26,0.7142293027839839,nan,nan,747,2528,1313,632
2.0,0.75,73,2,3822869797918704561,3.0,3.25,26,0.3699797392485889,nan,nan,747,2528,1313,632
2.0,0.75,73,3,3822869797918704561,3.0,3.25,26,0.15222325682784094,nan,nan,747,2528,1313,632
2.0,0.75,74,1,4140648394468800367,3.0,3.25,26,0.698608754413269,nan,nan,727,2391,1246,582
2.0,0.75,74,2,4140648394468800367,3.0,3.25,26,0.38412381109216615,nan,nan,727,2391,1246,582
2.0,0.75,74,3,4140648394468800367,3.0,3.25,26,0.1547394160035897,nan,nan,727,2391,1246,582
2.0,0.75,75,1,6713754075692011593,3.0,3.25,26,0.690289186926236,nan,nan,633,2414,1306,637
2.0,0.75,75,2,6713754075692011593,3.0,3.25,26,0.34460777284453986,nan,nan,633,2414,1306,637
2.0,0.75,75,3,6713754075692011593,3.0,3.25,26,0.14553580917124637,nan,nan,633,2414,1306,637
2.0,0.75,76,1,10411424597825329228,3.0,3.25,26,0.7090712914962662,nan,nan,1080,3276,1565,793
2.0,0.75,76,2,10411424597825329228,3.0,3.25,26,0.39564616379075634,nan,nan,1080,3276,1565,793
2.0,0.75,76,3,10411424597825329228,3.0,3.25,26,0.18656158236286366,nan,nan,1080,3276,1565,793
2.0,0.75,77,1,9055491599504640485,3.0,3.25,26,0.684525687325542,nan,nan,892,2853,1430,692
2.0,0.75,77,2,9055491599504640485,3.0,3.25,26,0.3515918812328337,nan,nan,892,2853,1430,692
2.0,0.75,77,3,9055491599504640485,3.0,3.25,26,0.14470006601082425,nan,nan,892,2853,1430,692
2.0,0.75,78,1,15034358902477824597,3.0,3.25,26,0.7074081097396067,nan,nan,807,2548,1273,628
2.0,0.75,78,2,15034358902477824597,3.0,3.25,26,0.38393310355365323,nan,nan,807,2548,1273,628
2.0,0.75,78,3,15034358902477824597,3.0,3.25,26,0.1855183547047899,nan,nan,807,2548,1273,628
2.0,0.75,79,1,15048858631258041329,3.0,3.25,26,0.6605838033101334,nan,nan,1103,3690,1821,926
2.0,0.75,79,2,15048858631258041329,3.0,3.25,26,0.32350987919597113,nan,nan,1103,3690,1821,926
2.0,0.75,79,3,15048858631258041329,3.0,3.25,26,0.12491426683109282,nan,nan,1103,3690,1821,926
2.0,0.75,80,1,16100806072005678145,3.0,3.25,26,0.6789369735885382,nan,nan,747,2631,1343,702
2.0,0.75,80,2,16100806072005678145,3.0,3.25,26,0.3501574663282199,nan,nan,747,2631,1343,702
2.0,0.75,80,3,16100806072005678145,3.0,3.25,26,0.14765437707221238,nan,nan,747,2631,1343,702
2.0,0.75,81,1,16742160860179557999,3.0,3.25,26,0.6873240775618531,nan,nan,1031,3296,1617,811
2.0,0.75,81,2,16742160860179557999,3.0,3.25,26,0.33872745944222366,nan,nan,1031,3296,1617,811
2.0,0.75,81,3,16742160860179557999,3.0,3.25,26,0.12431222010872202,nan,nan,1031,3296,1617,811
2.0,0.75,82,1,17461162775447794384,3.0,3.25,26,0.7123375242359611,nan,nan,722,2416,1254,605
2.0,0.75,82,2,17461162775447794384,3.0,3.25,26,0.36094335698360663,nan,nan,722,2416,1254,605
2.0,0.75,82,3,17461162775447794384,3.0,3.25,26,0.1458118584387197,nan,nan,722,2416,1254,605
2.0,0.75,83,1,18196458351780520785,3.0,3.25,26,0.6924464376958193,nan,nan,1018,3162,1489,815
2.0,0.75,83,2,18196458351780520785,3.0,3.25,26,0.35114365864142705,nan,nan,1018,3162,1489,815
2.0,0.75,83,3,18196458351780520785,3.0,3.25,26,0.13789264381896688,nan,nan,1018,3162,1489,815
2.0,0.75,84,1,18141095364137826725,3.0,3.25,26,0.6824525639015548,nan,nan,881,2684,1333,630
2.0,0.75,84,2,18141095364137826725,3.0,3.25,26,0.3574902786388251,nan,nan,881,2684,1333,630
2.0,0.75,84,3,18141095364137826725,3.0,3.25,26,0.14828486947752598,nan,nan,881,2684,1333,630
2.0,0.75,85,1,12222703137191391078,3.0,3.25,26,0.6991223296665159,nan,nan,1221,3921,1907,953
2.0,0.75,85,2,12222703137191391078,3.0,3.25,26,0.379850696738935,nan,nan,1221,3921,1907,953
2.0,0.75,85,3,12222703137191391078,3.0,3.25,26,0.16013660261583837,nan,nan,1221,3921,1907,953
2.0,0.75,86,1,14893955166433087337,3.0,3.25,26,0.717766388602603,nan,nan,969,2860,1351,707
2.0,0.75,86,2,14893955166433087337,3.0,3.25,26,0.41038046911278403,nan,nan,969,2860,1351,707
2.0,0.75,86,3,14893955166433087337,3.0,3.25,26,0.18957389859158547,nan,nan,969,2860,1351,707
2.0,0.75,87,1,9364777607390858053,3.0,3.25,26,0.6842915823414693,nan,nan,733,2326,1162,591
2.0,0.75,87,2,9364777607390858053,3.0,3.25,26,0.3343887661750535,nan,nan,733,2326,1162,591
2.0,0.75,87,3,9364777607390858053,3.0,3.25,26,0.1443264971367994,nan,nan,733,2326,1162,591
2.0,0.75,88,1,5842315204243627022,3.0,3.25,26,0.697032644224634,nan,nan,1109,3506,1674,891
2.0,0.75,88,2,5842315204243627022,3.0,3.25,26,0.361163739300356,nan,nan,1109,3506,1674,891
2.0,0.75,88,3,5842315204243627022,3.0,3.25,26,0.1410596020788621,nan,nan,1109,3506,1674,891
2.0,0.75,89,1,5004738331584965904,3.0,3.25,26,0.6977229347252071,nan,nan,771,2634,1367,679
2.0,0.75,89,2,5004738331584965904,3.0,3.25,26,0.3590738413285803,nan,nan,771,2634,1367,679
2.0,0.75,89,3,5004738331584965904,3.0,3.25,26,0.1464152662135218,nan,nan,771,2634,1367,679
2.0,0.75,90,1,6827318514704994226,3.0,3.25,26,0.6905376836797803,nan,nan,1035,3194,1517,802
2.0,0.75,90,2,6827318514704994226,3.0,3.25,26,0.36125727778640104,nan,nan,1035,3194,1517,802
2.0,0.75,90,3,6827318514704994226,3.0,3.25,26,0.15477895430024063,nan,nan,1035,3194,1517,802
2.0,0.75,91,1,11178848722483419172,3.0,3.25,26,0.6844997557248951,nan,nan,894,3189,1620,839
2.0,0.75,91,2,11178848722483419172,3.0,3.25,26,0.3449677458207112,nan,nan,894,3189,1620,839
2.0,0.75,91,3,11178848722483419172,3.0,3.25,26,0.14224182106821395,nan,nan,894,3189,1620,839
2.0,0.75,92,1,2548746262641973369,3.0,3.25,26,0.7027451035838013,nan,nan,972,2917,1414,695
2.0,0.75,92,2,2548746262641973369,3.0,3.25,26,0.3828307794319124,nan,nan,972,2917,1414,695
2.0,0.75,92,3,2548746262641973369,3.0,3.25,26,0.17079317200695615,nan,nan,972,2917,1414,695
2.0,0.75,93,1,17984769397354143554,3.0,3.25,26,0.7054375149894997,nan,nan,785,2690,1388,682
2.0,0.75,93,2,17984769397354143554,3.0,3.25,26,0.37715268044097183,nan,nan,785,2690,1388,682
2.0,0.75,93,3,17984769397354143554,3.0,3.25,26,0.1574665572070564,nan,nan,785,2690,1388,682
2.0,0.75,94,1,6940708842511991437,3.0,3.25,26,0.6872921611330364,nan,nan,1156,3611,1741,876
2.0,0.75,94,2,6940708842511991437,3.0,3.25,26,0.3628241634622833,nan,nan,1156,3611,1741,876
2.0,0.75,94,3,6940708842511991437,3.0,3.25,26,0.1678450293455336,nan,nan,1156,3611,1741,876
2.0,0.75,95,1,18272368467881464270,3.0,3.25,26,0.7072133919937134,nan,nan,1220,3738,1807,871
2.0,0.75,95,2,18272368467881464270,3.0,3.25,26,0.38244096121988397,nan,nan,1220,3738,1807,871
2.0,0.75,95,3,18272368467881464270,3.0,3.25,26,0.16073099903203042,nan,nan,1220,3738,1807,871
2.0,0.75,96,1,7533557698783191856,3.0,3.25,26,0.694982758167259,nan,nan,601,2148,1147,565
2.0,0.75,96,2,7533557698783191856,3.0,3.25,26,0.36777539838062684,nan,nan,601,2148,1147,565
2.0,0.75,96,3,7533557698783191856,3.0,3.25,26,0.13402476898993013,nan,nan,601,2148,1147,565
2.0,0.75,97,1,16980833006817976365,3.0,3.25,26,0.6816328737916539,nan,nan,675,2316,1220,585
2.0,0.75,97,2,16980833006817976365,3.0,3.25,26,0.3649797264303013,nan,nan,675,2316,1220,585
2.0,0.75,97,3,16980833006817976365,3.0,3.25,26,0.16874383970269424,nan,nan,675,2316,1220,585
2.0,0.75,98,1,4338698204535708110,3.0,3.25,26,0.6736393539212412,nan,nan,642,2236,1182,573
2.0,0.75,98,2,4338698204535708110,3.0,3.25,26,0.33922844667287627,nan,nan,642,2236,1182,573
2.0,0.75,98,3,4338698204535708110,3.0,3.25,26,0.14159811997623534,nan,nan,642,2236,1182,573
2.0,0.75,99,1,6209384296429977912,3.0,3.25,26,0.7209564700231221,nan,nan,958,2894,1418,679
2.0,0.75,99,2,6209384296429977912,3.0,3.25,26,0.41392778933812946,nan,nan,958,2894,1418,679
2.0,0.75,99,3,6209384296429977912,3.0,3.25,26,0.17310632213369537,nan,nan,958,2894,1418,679
2.0,0.75,100,1,14759597833869923775,3.0,3.25,26,0.7235582302962652,nan,nan,813,2465,1239,573
2.0,0.75,100,2,14759597833869923775,3.0,3.25,26,0.40569181382082614,nan,nan,813,2465,1239,573
2.0,0.75,100,3,14759597833869923775,3.0,3.25,26,0.1903013407590102,nan,nan,813,2465,1239,573
2.0,0.75,101,1,6294773054926298421,3.0,3.25,26,0.6690721598984948,nan,nan,670,2320,1201,610
2.0,0.75,101,2,6294773054926298421,3.0,3.25,26,0.3526883620270643,nan,nan,670,2320,1201,610
2.0,0.75,101,3,6294773054926298421,3.0,3.25,26,0.14728319968003306,nan,nan,670,2320,1201,610
2.0,0.75,102,1,6635524747572680482,3.0,3.25,26,0.7045944024498753,nan,nan,958,3065,1552,722
2.0,0.75,102,2,6635524747572680482,3.0,3.25,26,0.3820733662843501,nan,nan,958,3065,1552,722
2.0,0.75,102,3,6635524747572680482,3.0,3.25,26,0.1781250746502266,nan,nan,958,3065,1552,722
2.0,0.75,103,1,13729581793534147987,3.0,3.25,26,0.7041729510916153,nan,nan,833,2548,1237,639
2.0,0.75,103,2,13729581793534147987,3.0,3.25,26,0.36800257463762664,nan,nan,833,2548,1237,639
2.0,0.75,103,3,13729581793534147987,3.0,3.25,26,0.1273825596765114,nan,nan,833,2548,1237,639
2.0,0.75,104,1,11977299120113439858,3.0,3.25,26,0.6946971994756177,nan,nan,1064,3244,1571,772
2.0,0.75,104,2,11977299120113439858,3.0,3.25,26,0.3644030866312188,nan,nan,1064,3244,1571,772
2.0,0.75,104,3,11977299120113439858,3.0,3.25,26,0.1588489769707282,nan,nan,1064,3244,1571,772
2.0,0.75,105,1,4243873812131540492,3.0,3.25,26,0.6728071063945992,nan,nan,975,3446,1756,878
2.0,0.75,105,2,4243873812131540492,3.0,3.25,26,0.34673809328903765,nan,nan,975,3446,1756,878
2.0,0.75,105,3,4243873812131540492,3.0,3.25,26,0.1505467540580558,nan,nan,975,3446,1756,878
2.0,0.75,106,1,4163540194866248110,3.0,3.25,26,0.696494389248281,nan,nan,685,2463,1305,645
2.0,0.75,106,2,4163540194866248110,3.0,3.25,26,0.3496644972624802,nan,nan,685,2463,1305,645
2.0,0.75,106,3,4163540194866248110,3.0,3.25,26,0.1324243375217296,nan,nan,685,2463,1305,645
2.0,0.75,107,1,14984684873946005357,3.0,3.25,26,0.7112109506856119,nan,nan,815,2659,1361,648
2.0,0.75,107,2,14984684873946005357,3.0,3.25,26,0.3819160587211503,nan,nan,815,2659,1361,648
2.0,0.75,107,3,14984684873946005357,3.0,3.25,26,0.15713688690443506,nan,nan,815,2659,1361,648
2.0,0.75,108,1,10878589147961122540,3.0,3.25,26,0.6964632311703698,nan,nan,786,2816,1478,727
2.0,0.75,108,2,10878589147961122540,3.0,3.25,26,0.3420076257140907,nan,nan,786,2816,1478,727
2.0,0.75,108,3,10878589147961122540,3.0,3.25,26,0.11972058679111973,nan,nan,786,2816,1478,727
2.0,0.75,109,1,4880684199231685464,3.0,3.25,26,0.7036261546002085,nan,nan,724,2424,1268,593
2.0,0.75,109,2,4880684199231685464,3.0,3.25,26,0.35899106134002196,nan,nan,724,2424,1268,593
2.0,0.75,109,3,4880684199231685464,3.0,3.25,26,0.15972122392776086,nan,nan,724,2424,1268,593
2.0,0.75,110,1,14698743109716226534,3.0,3.25,26,0.6798956591315661,nan,nan,887,2875,1480,670
2.0,0.75,110,2,14698743109716226534,3.0,3.25,26,0.3614565418567951,nan,nan,887,2875,1480,670
2.0,0.75,110,3,14698743109716226534,3.0,3.25,26,0.15888398319623767,nan,nan,887,2875,1480,670
2.0,0.75,111,1,7642616953167592994,3.0,3.25,26,0.7120821925479022,nan,nan,867,2663,1317,646
2.0,0.75,111,2,7642616953167592994,3.0,3.25,26,0.3649510760256147,nan,nan,867,2663,1317,646
2.0,0.75,111,3,7642616953167592994,3.0,3.25,26,0.1267737488157067,nan,nan,867,2663,1317,646
2.0,0.75,112,1,15442350856760573349,3.0,3.25,26,0.7039888405882344,nan,nan,892,2919,1454,745
2.0,0.75,112,2,15442350856760573349,3.0,3.25,26,0.3885888881817142,nan,nan,892,2919,1454,745
2.0,0.75,112,3,15442350856760573349,3.0,3.25,26,0.15736353954525495,nan,nan,892,2919,1454,745
2.0,0.75,113,1,15026918377924847749,3.0,3.25,26,0.6867921711710758,nan,nan,922,2947,1458,727
2.0,0.75,113,2,15026918377924847749,3.0,3.25,26,0.3557876263921073,nan,nan,922,2947,1458,727
2.0,0.75,113,3,15026918377924847749,3.0,3.25,26,0.15332489026399812,nan,nan,922,2947,1458,727
2.0,0.75,114,1,14376497255069178544,3.0,3.25,26,0.6557847753924134,nan,nan,563,2058,1116,541
2.0,0.75,114,2,14376497255069178544,3.0,3.25,26,0.3068662386963338,nan,nan,563,2058,1116,541
2.0,0.75,114,3,14376497255069178544,3.0,3.25,26,0.11180453082226882,nan,nan,563,2058,1116,541
2.0,0.75,115,1,15309026001065665269,3.0,3.25,26,0.6766173385274962,nan,nan,766,2755,1448,701
2.0,0.75,115,2,15309026001065665269,3.0,3.25,26,0.31720040658634335,nan,nan,766,2755,1448,701
2.0,0.75,115,3,15309026001065665269,3.0,3.25,26,0.11265327981608618,nan,nan,766,2755,1448,701
2.0,0.75,116,1,8475780560751548710,3.0,3.25,26,0.6970033861760666,nan,nan,938,3171,1622,778
2.0,0.75,116,2,8475780560751548710,3.0,3.25,26,0.36795975063036124,nan,nan,938,3171,1622,778
2.0,0.75,116,3,8475780560751548710,3.0,3.25,26,0.15226160693875102,nan,nan,938,3171,1622,778
2.0,0.75,117,1,1181038203649838606,3.0,3.25,26,0.7127795422160185,nan,nan,1021,3246,1609,783
2.0,0.75,117,2,1181038203649838606,3.0,3.25,26,0.3976470416347469,nan,nan,1021,3246,1609,783
2.0,0.75,117,3,1181038203649838606,3.0,3.25,26,0.17044755456627936,nan,nan,1021,3246,1609,783
2.0,0.75,118,1,18010899042306852982,3.0,3.25,26,0.7061201242009258,nan,nan,1027,3411,1670,876
2.0,0.75,118,2,18010899042306852982,3.0,3.25,26,0.40372642016039695,nan,nan,1027,3411,1670,876
2.0,0.75,118,3,18010899042306852982,3.0,3.25,26,0.18408219164573275,nan,nan,1027,3411,1670,876
2.0,0.75,119,1,4659141269452751804,3.0,3.25,26,0.6602565086144649,nan,nan,865,2918,1474,740
2.0,0.75,119,2,4659141269452751804,3.0,3.25,26,0.3082400158321281,nan,nan,865,2918,1474,740
2.0,0.75,119,3,4659141269452751804,3.0,3.25,26,0.11899946059088756,nan,nan,865,2918,1474,740
2.0,1.0,0,1,837260704936764593,3.0,3.25,26,0.7500305289994895,nan,nan,615,2333,1146,732
2.0,1.0,0,2,837260704936764593,3.0,3.25,26,0.45552797700909736,nan,nan,615,2333,1146,732
2.0,1.0,0,3,837260704936764593,3.0,3.25,26,0.21831736142345198,nan,nan,615,2333,1146,732
2.0,1.0,1,1,3000465219357697271,3.0,3.25,26,0.7030504383541073,nan,nan,535,2012,989,650
2.0,1.0,1,2,3000465219357697271,3.0,3.25,26,0.36969275030257986,nan,nan,535,2012,989,650
2.0,1.0,1,3,3000465219357697271,3.0,3.25,26,0.16685903235291463,nan,nan,535,2012,989,650
2.0,1.0,2,1,16486634063645716065,3.0,3.25,26,0.7170898772687158,nan,nan,383,1697,892,582
2.0,1.0,2,2,16486634063645716065,3.0,3.25,26,0.4405090413117136,nan,nan,383,1697,892,582
2.0,1.0,2,3,16486634063645716065,3.0,3.25,26,0.23575108539715212,nan,nan,383,1697,892,582
2.0,1.0,3,1,14301648759747724395,3.0,3.25,26,0.6455222843827964,nan,nan,339,1573,872,554
2.0,1.0,3,2,14301648759747724395,3.0,3.25,26,0.3251920808147692,nan,nan,339,1573,872,554
2.0,1.0,3,3,14301648759747724395,3.0,3.25,26,0.1489991599526873,nan,nan,339,1573,872,554
2.0,1.0,4,1,15867336692283177819,3.0,3.25,26,0.6889469456842381,nan,nan,505,2266,1180,770
2.0,1.0,4,2,15867336692283177819,3.0,3.25,26,0.36554489287110303,nan,nan,505,2266,1180,770
2.0,1.0,4,3,15867336692283177819,3.0,3.25,26,0.13906084460529763,nan,nan,505,2266,1180,770
2.0,1.0,5,1,8401728748987068174,3.0,3.25,26,0.6851076648033755,nan,nan,540,2095,1014,701
2.0,1.0,5,2,8401728748987068174,3.0,3.25,26,0.35274254545304545,nan,nan,540,2095,1014,701
2.0,1.0,5,3,8401728748987068174,3.0,3.25,26,0.14325023244860524,nan,nan,540,2095,1014,701
2.0,1.0,6,1,14399456710659873487,3.0,3.25,26,0.7364188538959691,nan,nan,560,2065,997,678
2.0,1.0,6,2,14399456710659873487,3.0,3.25,26,0.3878838911599974,nan,nan,560,2065,997,678
2.0,1.0,6,3,14399456710659873487,3.0,3.25,26,0.1522921551254151,nan,nan,560,2065,997,678
2.0,1.0,7,1,15752927408472444441,3.0,3.25,26,0.7068550509225479,nan,nan,549,2255,1130,739
2.0,1.0,7,2,15752927408472444441,3.0,3.25,26,0.3920234756720861,nan,nan,549,2255,1130,739
2.0,1.0,7,3,15752927408472444441,3.0,3.25,26,0.17193893252097636,nan,nan,549,2255,1130,739
2.0,1.0,8,1,16436152935681487492,3.0,3.25,26,0.7290197547733563,nan,nan,644,2500,1210,823
2.0,1.0,8,2,16436152935681487492,3.0,3.25,26,0.4270970031075636,nan,nan,644,2500,1210,823
2.0,1.0,8,3,16436152935681487492,3.0,3.25,26,0.21042171507749402,nan,nan,644,2500,1210,823
2.0,1.0,9,1,10533290398161276804,3.0,3.25,26,0.7052784691121607,nan,nan,587,2383,1180,783
2.0,1.0,9,2,10533290398161276804,3.0,3.25,26,0.3667098498075833,nan,nan,587,2383,1180,783
2.0,1.0,9,3,10533290398161276804,3.0,3.25,26,0.18100765695524,nan,nan,587,2383,1180,783
2.0,1.0,10,1,7908648837613686039,3.0,3.25,26,0.720708500689639,nan,nan,509,2218,1142,757
2.0,1.0,10,2,7908648837613686039,3.0,3.25,26,0.39379410628981587,nan,nan,509,2218,1142,757
2.0,1.0,10,3,7908648837613686039,3.0,3.25,26,0.16117414735235006,nan,nan,509,2218,1142,757
2.0,1.0,11,1,2764850082300793788,3.0,3.25,26,0.7025317939816123,nan,nan,611,2390,1188,758
2.0,1.0,11,2,2764850082300793788,3.0,3.25,26,0.39280198038126635,nan,nan,611,2390,1188,758
2.0,1.0,11,3,2764850082300793788,3.0,3.25,26,0.18416152494904842,nan,nan,611,2390,1188,758
2.0,1.0,12,1,18359068987565863273,3.0,3.25,26,0.7283328662823503,nan,nan,715,2631,1274,803
2.0,1.0,12,2,18359068987565863273,3.0,3.25,26,0.39686002450565455,nan,nan,715,2631,1274,803
2.0,1.0,12,3,18359068987565863273,3.0,3.25,26,0.1829210915544267,nan,nan,715,2631,1274,803
2.0,1.0,13,1,11190851590329728632,3.0,3.25,26,0.7015413871265943,nan,nan,424,1901,1020,665
2.0,1.0,13,2,11190851590329728632,3.0,3.25,26,0.39874374696420234,nan,nan,424,1901,1020,665
2.0,1.0,13,3,11190851590329728632,3.0,3.25,26,0.16210554523372028,nan,nan,424,1901,1020,665
2.0,1.0,14,1,1966892723885902308,3.0,3.25,26,0.664984865477947,nan,nan,650,2665,1298,890
2.0,1.0,14,2,1966892723885902308,3.0,3.25,26,0.32870938638261094,nan,nan,650,2665,1298,890
2.0,1.0,14,3,1966892723885902308,3.0,3.25,26,0.1438981188158068,nan,nan,650,2665,1298,890
2.0,1.0,15,1,2376032262867484478,3.0,3.25,26,0.6901190503274987,nan,nan,653,2540,1249,801
2.0,1.0,15,2,2376032262867484478,3.0,3.25,26,0.345931285707335,nan,nan,653,2540,1249,801
2.0,1.0,15,3,2376032262867484478,3.0,3.25,26,0.13420151289667692,nan,nan,653,2540,1249,801
2.0,1.0,16,1,8171781983638547563,3.0,3.25,26,0.7230890536718076,nan,nan,436,1849,941,636
2.0,1.0,16,2,8171781983638547563,3.0,3.25,26,0.3762873782891753,nan,nan,436,1849,941,636
2.0,1.0,16,3,8171781983638547563,3.0,3.25,26,0.1777211987346855,nan,nan,436,1849,941,636
2.0,1.0,17,1,2122048883188407284,3.0,3.25,26,0.6962938329640903,nan,nan,641,2598,1262,856
2.0,1.0,17,2,2122048883188407284,3.0,3.25,26,0.3690218794591165,nan,nan,641,2598,1262,856
2.0,1.0,17,3,2122048883188407284,3.0,3.25,26,0.14550264325208656,nan,nan,641,2598,1262,856
2.0,1.0,18,1,6205307286831107253,3.0,3.25,26,0.679393706303065,nan,nan,523,2141,1056,726
2.0,1.0,18,2,6205307286831107253,3.0,3.25,26,0.3680912094985329,nan,nan,523,2141,1056,726
2.0,1.0,18,3,6205307286831107253,3.0,3.25,26,0.1524189912801151,nan,nan,523,2141,1056,726
2.0,1.0,19,1,16047657021582218196,3.0,3.25,26,0.6859047454956003,nan,nan,733,2832,1372,895
2.0,1.0,19,2,16047657021582218196,3.0,3.25,26,0.36503192863426526,nan,nan,733,2832,1372,895
2.0,1.0,19,3,16047657021582218196,3.0,3.25,26,0.15786932215136515,nan,nan,733,2832,1372,895
2.0,1.0,20,1,4449487831860384576,3.0,3.25,26,0.6660084637074166,nan,nan,500,2231,1125,780
2.0,1.0,20,2,4449487831860384576,3.0,3.25,26,0.3481858366318074,nan,nan,500,2231,1125,780
2.0,1.0,20,3,4449487831860384576,3.0,3.25,26,0.13510832570260128,nan,nan,500,2231,1125,780
2.0,1.0,21,1,621853060835818871,3.0,3.25,26,0.737028205486697,nan,nan,629,2491,1231,792
2.0,1.0,21,2,621853060835818871,3.0,3.25,26,0.4288704818244773,nan,nan,629,2491,1231,792
2.0,1.0,21,3,621853060835818871,3.0,3.25,26,0.21141063803531912,nan,nan,629,2491,1231,792
2.0,1.0,22,1,2162690420287170708,3.0,3.25,26,0.6943376410058547,nan,nan,652,2575,1252,837
2.0,1.0,22,2,2162690420287170708,3.0,3.25,26,0.38002907678369496,nan,nan,652,2575,1252,837
2.0,1.0,22,3,2162690420287170708,3.0,3.25,26,0.17563979465781582,nan,nan,652,2575,1252,837
2.0,1.0,23,1,9540265503600330093,3.0,3.25,26,0.6969988231116845,nan,nan,562,2237,1089,755
2.0,1.0,23,2,9540265503600330093,3.0,3.25,26,0.3506185777630496,nan,nan,562,2237,1089,755
2.0,1.0,23,3,9540265503600330093,3.0,3.25,26,0.1411347951503281,nan,nan,562,2237,1089,755
2.0,1.0,24,1,7295036276746439787,3.0,3.25,26,0.7001355493532043,nan,nan,718,2772,1348,870
2.0,1.0,24,2,7295036276746439787,3.0,3.25,26,0.3520282473875589,nan,nan,718,2772,1348,870
2.0,1.0,24,3,7295036276746439787,3.0,3.25,26,0.1609682429063134,nan,nan,718,2772,1348,870
2.0,1.0,25,1,1928742035148916824,3.0,3.25,26,0.7252819097007878,nan,nan,589,2481,1217,838
2.0,1.0,25,2,1928742035148916824,3.0,3.25,26,0.42037908879220914,nan,nan,589,2481,1217,838
2.0,1.0,25,3,1928742035148916824,3.0,3.25,26,0.19348664434701146,nan,nan,589,2481,1217,838
2.0,1.0,26,1,18038743279900771778,3.0,3.25,26,0.727328796213813,nan,nan,753,2668,1252,826
2.0,1.0,26,2,18038743279900771778,3.0,3.25,26,0.39332412673093625,nan,nan,753,2668,1252,826
2.0,1.0,26,3,18038743279900771778,3.0,3.25,26,0.181155887538393,nan,nan,753,2668,1252,826
2.0,1.0,27,1,6133128678790101564,3.0,3.25,26,0.6916324612421632,nan,nan,496,2130,1048,774
2.0,1.0,27,2,6133128678790101564,3.0,3.25,26,0.3354241554700141,nan,nan,496,2130,1048,774
2.0,1.0,27,3,6133128678790101564,3.0,3.25,26,0.1368599381560525,nan,nan,496,2130,1048,774
2.0,1.0,28,1,13896465818695358348,3.0,3.25,26,0.6852056017415122,nan,nan,546,2279,1115,783
2.0,1.0,28,2,13896465818695358348,3.0,3.25,26,0.3252519336372519,nan,nan,546,2279,1115,783
2.0,1.0,28,3,13896465818695358348,3.0,3.25,26,0.1150589936665123,nan,nan,546,2279,1115,783
2.0,1.0,29,1,15942474119622995793,3.0,3.25,26,0.6836876985164685,nan,nan,583,2422,1191,810
2.0,1.0,29,2,15942474119622995793,3.0,3.25,26,0.3510614528599636,nan,nan,583,2422,1191,810
2.0,1.0,29,3,15942474119622995793,3.0,3.25,26,0.16669665717570253,nan,nan,583,2422,1191,810
2.0,1.0,30,1,1947026736905399761,3.0,3.25,26,0.6709386722017479,nan,nan,441,1782,897,611
2.0,1.0,30,2,1947026736905399761,3.0,3.25,26,0.3476576344163318,nan,nan,441,1782,897,611
2.0,1.0,30,3,1947026736905399761,3.0,3.25,26,0.15679655179385338,nan,nan,441,1782,897,611
2.0,1.0,31,1,3300142409206424563,3.0,3.25,26,0.6862265514680316,nan,nan,591,2341,1151,760
2.0,1.0,31,2,3300142409206424563,3.0,3.25,26,0.34091926847575205,nan,nan,591,2341,1151,760
2.0,1.0,31,3,3300142409206424563,3.0,3.25,26,0.13514511314486843,nan,nan,591,2341,1151,760
2.0,1.0,32,1,14022242995019591054,3.0,3.25,26,0.6908767863067583,nan,nan,537,2156,1090,703
2.0,1.0,32,2,14022242995019591054,3.0,3.25,26,0.3600156284909441,nan,nan,537,2156,1090,703
2.0,1.0,32,3,14022242995019591054,3.0,3.25,26,0.1520655149252486,nan,nan,537,2156,1090,703
2.0,1.0,33,1,4564557177131163185,3.0,3.25,26,0.6399573988111762,nan,nan,504,2037,1027,699
2.0,1.0,33,2,4564557177131163185,3.0,3.25,26,0.29259121332693244,nan,nan,504,2037,1027,699
2.0,1.0,33,3,4564557177131163185,3.0,3.25,26,0.09384327055787417,nan,nan,504,2037,1027,699
2.0,1.0,34,1,14935286520312501283,3.0,3.25,26,0.6819787477148841,nan,nan,437,1846,936,633
2.0,1.0,34,2,14935286520312501283,3.0,3.25,26,0.3698332005918718,nan,nan,437,1846,936,633
2.0,1.0,34,3,14935286520312501283,3.0,3.25,26,0.1691082229466677,nan,nan,437,1846,936,633
2.0,1.0,35,1,11562133258041348489,3.0,3.25,26,0.7027430426985818,nan,nan,469,2032,1038,693
2.0,1.0,35,2,11562133258041348489,3.0,3.25,26,0.39369010453267056,nan,nan,469,2032,1038,693
2.0,1.0,35,3,11562133258041348489,3.0,3.25,26,0.19680124450727973,nan,nan,469,2032,1038,693
2.0,1.0,36,1,17070427818776279201,3.0,3.25,26,0.6633243656182337,nan,nan,508,2322,1180,794
2.0,1.0,36,2,17070427818776279201,3.0,3.25,26,0.2960325523297179,nan,nan,508,2322,1180,794
2.0,1.0,36,3,17070427818776279201,3.0,3.25,26,0.08383393916996237,nan,nan,508,2322,1180,794
2.0,1.0,37,1,14822706651233115960,3.0,3.25,26,0.6808318063107074,nan,nan,548,2175,1083,710
2.0,1.0,37,2,14822706651233115960,3.0,3.25,26,0.36312855131034366,nan,nan,548,2175,1083,710
2.0,1.0,37,3,14822706651233115960,3.0,3.25,26,0.13631382935283456,nan,nan,548,2175,1083,710
2.0,1.0,38,1,14560910060333146801,3.0,3.25,26,0.7096409871948297,nan,nan,480,1909,983,618
2.0,1.0,38,2,14560910060333146801,3.0,3.25,26,0.38233772541797645,nan,nan,480,1909,983,618
2.0,1.0,38,3,14560910060333146801,3.0,3.25,26,0.17228762816755927,nan,nan,480,1909,983,618
2.0,1.0,39,1,4691821594120480157,3.0,3.25,26,0.6973640581101008,nan,nan,366,1641,892,546
2.0,1.0,39,2,4691821594120480157,3.0,3.25,26,0.358101850120238,nan,nan,366,1641,892,546
2.0,1.0,39,3,4691821594120480157,3.0,3.25,26,0.15334126501225936,nan,nan,366,1641,892,546
2.0,1.0,40,1,7830581700164083988,3.0,3.25,26,0.7113067893851567,nan,nan,462,1909,971,641
2.0,1.0,40,2,7830581700164083988,3.0,3.25,26,0.3623377503428803,nan,nan,462,1909,971,641
2.0,1.0,40,3,7830581700164083988,3.0,3.25,26,0.12075124715781037,nan,nan,462,1909,971,641
2.0,1.0,41,1,14822908393936197809,3.0,3.25,26,0.7280572065790305,nan,nan,453,1814,919,615
2.0,1.0,41,2,14822908393936197809,3.0,3.25,26,0.39388288508023706,nan,nan,453,1814,919,615
2.0,1.0,41,3,14822908393936197809,3.0,3.25,26,0.1629879950779084,nan,nan,453,1814,919,615
2.0,1.0,42,1,5198678155978180874,3.0,3.25,26,0.7117921246255219,nan,nan,467,1959,1023,630
2.0,1.0,42,2,5198678155978180874,3.0,3.25,26,0.4123382009944805,nan,nan,467,1959,1023,630
2.0,1.0,42,3,5198678155978180874,3.0,3.25,26,0.18595252115417743,nan,nan,467,1959,1023,630
2.0,1.0,43,1,8058347274351366175,3.0,3.25,26,0.738749154422773,nan,nan,556,2145,1062,694
2.0,1.0,43,2,8058347274351366175,3.0,3.25,26,0.4330980017744718,nan,nan,556,2145,1062,694
2.0,1.0,43,3,8058347274351366175,3.0,3.25,26,0.21720605223641418,nan,nan,556,2145,1062,694
2.0,1.0,44,1,1334794881787300370,3.0,3.25,26,0.7202066141097286,nan,nan,680,2476,1195,769
2.0,1.0,44,2,1334794881787300370,3.0,3.25,26,0.40636663546134355,nan,nan,680,2476,1195,769
2.0,1.0,44,3,1334794881787300370,3.0,3.25,26,0.18220045082399156,nan,nan,680,2476,1195,769
2.0,1.0,45,1,741884331139869382,3.0,3.25,26,0.7258008004269088,nan,nan,495,2090,1048,710
2.0,1.0,45,2,741884331139869382,3.0,3.25,26,0.39575701066622043,nan,nan,495,2090,1048,710
2.0,1.0,45,3,741884331139869382,3.0,3.25,26,0.181125429146047,nan,nan,495,2090,1048,710
2.0,1.0,46,1,9046058586292380342,3.0,3.25,26,0.7098600223011217,nan,nan,432,1714,904,539
2.0,1.0,46,2,9046058586292380342,3.0,3.25,26,0.41512484244820946,nan,nan,432,1714,904,539
2.0,1.0,46,3,9046058586292380342,3.0,3.25,26,0.2022444444721169,nan,nan,432,1714,904,539
2.0,1.0,47,1,14532024481454838347,3.0,3.25,26,0.710000715584857,nan,nan,599,2332,1120,780
2.0,1.0,47,2,14532024481454838347,3.0,3.25,26,0.3686048317293433,nan,nan,599,2332,1120,780
2.0,1.0,47,3,14532024481454838347,3.0,3.25,26,0.1554627188959149,nan,nan,599,2332,1120,780
2.0,1.0,48,1,1995962514948128134,3.0,3.25,26,0.7069202284732032,nan,nan,605,2238,1074,731
2.0,1.0,48,2,1995962514948128134,3.0,3.25,26,0.4060646003466312,nan,nan,605,2238,1074,731
2.0,1.0,48,3,1995962514948128134,3.0,3.25,26,0.19685240850881264,nan,nan,605,2238,1074,731
2.0,1.0,49,1,3038018591406740662,3.0,3.25,26,0.7225640944559927,nan,nan,723,2740,1296,881
2.0,1.0,49,2,3038018591406740662,3.0,3.25,26,0.38978316830571047,nan,nan,723,2740,1296,881
2.0,1.0,49,3,3038018591406740662,3.0,3.25,26,0.16518184228863797,nan,nan,723,2740,1296,881
2.0,1.0,50,1,13530041707818850616,3.0,3.25,26,0.6832556299477445,nan,nan,456,2011,1033,699
2.0,1.0,50,2,13530041707818850616,3.0,3.25,26,0.3305490007026043,nan,nan,456,2011,1033,699
2.0,1.0,50,3,13530041707818850616,3.0,3.25,26,0.11691288032024319,nan,nan,456,2011,1033,699
2.0,1.0,51,1,17279813433073725979,3.0,3.25,26,0.6881542299413375,nan,nan,607,2399,1174,780
2.0,1.0,51,2,17279813433073725979,3.0,3.25,26,0.3384487721368885,nan,nan,607,2399,1174,780
2.0,1.0,51,3,17279813433073725979,3.0,3.25,26,0.12655392138519367,nan,nan,607,2399,1174,780
2.0,1.0,52,1,12499490424723331882,3.0,3.25,26,0.7285405208200296,nan,nan,533,2237,1115,756
2.0,1.0,52,2,12499490424723331882,3.0,3.25,26,0.392042286225436,nan,nan,533,2237,1115,756
2.0,1.0,52,3,12499490424723331882,3.0,3.25,26,0.16159581507750123,nan,nan,533,2237,1115,756
2.0,1.0,53,1,16613781658033869112,3.0,3.25,26,0.7419089216332555,nan,nan,422,1805,937,609
2.0,1.0,53,2,16613781658033869112,3.0,3.25,26,0.4291486617555519,nan,nan,422,1805,937,609
2.0,1.0,53,3,16613781658033869112,3.0,3.25,26,0.19899749806806094,nan,nan,422,1805,937,609
2.0,1.0,54,1,2156928916322930056,3.0,3.25,26,0.7013467015962163,nan,nan,498,1939,962,641
2.0,1.0,54,2,2156928916322930056,3.0,3.25,26,0.355291321043325,nan,nan,498,1939,962,641
2.0,1.0,54,3,2156928916322930056,3.0,3.25,26,0.11456834152902252,nan,nan,498,1939,962,641
2.0,1.0,55,1,1924827739978264375,3.0,3.25,26,0.7098483724309961,nan,nan,657,2614,1270,855
2.0,1.0,55,2,1924827739978264375,3.0,3.25,26,0.40695463072087723,nan,nan,657,2614,1270,855
2.0,1.0,55,3,1924827739978264375,3.0,3.25,26,0.19714139134060102,nan,nan,657,2614,1270,855
2.0,1.0,56,1,17527571944038410054,3.0,3.25,26,0.6767690578103805,nan,nan,619,2281,1082,742
2.0,1.0,56,2,17527571944038410054,3.0,3.25,26,0.3893625758649436,nan,nan,619,2281,1082,742
2.0,1.0,56,3,17527571944038410054,3.0,3.25,26,0.1891158332375825,nan,nan,619,2281,1082,742
2.0,1.0,57,1,6658055031627781425,3.0,3.25,26,0.6966111079895643,nan,nan,549,2160,1074,709
2.0,1.0,57,2,6658055031627781425,3.0,3.25,26,0.3890491233116054,nan,nan,549,2160,1074,709
2.0,1.0,57,3,6658055031627781425,3.0,3.25,26,0.17096930556527445,nan,nan,549,2160,1074,709
2.0,1.0,58,1,9205335785840250897,3.0,3.25,26,0.7428234988045067,nan,nan,606,2172,1054,674
2.0,1.0,58,2,9205335785840250897,3.0,3.25,26,0.42551822594332794,nan,nan,606,2172,1054,674
2.0,1.0,58,3,9205335785840250897,3.0,3.25,26,0.20269333642705745,nan,nan,606,2172,1054,674
2.0,1.0,59,1,15935797462330913846,3.0,3.25,26,0.6796433413336006,nan,nan,577,2390,1170,818
2.0,1.0,59,2,15935797462330913846,3.0,3.25,26,0.3346508404086274,nan,nan,577,2390,1170,818
2.0,1.0,59,3,15935797462330913846,3.0,3.25,26,0.13078480889344155,nan,nan,577,2390,1170,818
2.0,1.0,60,1,17360854006505692509,3.0,3.25,26,0.7145878698253395,nan,nan,781,3010,1383,1008
2.0,1.0,60,2,17360854006505692509,3.0,3.25,26,0.38839510785525955,nan,nan,781,3010,1383,1008
2.0,1.0,60,3,17360854006505692509,3.0,3.25,26,0.1571736321427755,nan,nan,781,3010,1383,1008
2.0,1.0,61,1,17200823760483085480,3.0,3.25,26,0.743498720068567,nan,nan,459,1881,978,613
2.0,1.0,61,2,17200823760483085480,3.0,3.25,26,0.4019404557979161,nan,nan,459,1881,978,613
2.0,1.0,61,3,17200823760483085480,3.0,3.25,26,0.2111367609941105,nan,nan,459,1881,978,613
2.0,1.0,62,1,11166964453900787118,3.0,3.25,26,0.7169848306249835,nan,nan,865,3117,1491,927
2.0,1.0,62,2,11166964453900787118,3.0,3.25,26,0.4078570754304736,nan,nan,865,3117,1491,927
2.0,1.0,62,3,11166964453900787118,3.0,3.25,26,0.18802509824396502,nan,nan,865,3117,1491,927
2.0,1.0,63,1,2787542089079389443,3.0,3.25,26,0.7213791462231931,nan,nan,579,2237,1110,714
2.0,1.0,63,2,2787542089079389443,3.0,3.25,26,0.4285681842176522,nan,nan,579,2237,1110,714
2.0,1.0,63,3,2787542089079389443,3.0,3.25,26,0.2054655217557757,nan,nan,579,2237,1110,714
2.0,1.0,64,1,7382012031984369380,3.0,3.25,26,0.6986575596311766,nan,nan,754,2742,1295,865
2.0,1.0,64,2,7382012031984369380,3.0,3.25,26,0.3701032980535296,nan,nan,754,2742,1295,865
2.0,1.0,64,3,7382012031984369380,3.0,3.25,26,0.1625928097715603,nan,nan,754,2742,1295,865
2.0,1.0,65,1,2507736755872948531,3.0,3.25,26,0.720464320820658,nan,nan,533,2118,1063,686
2.0,1.0,65,2,2507736755872948531,3.0,3.25,26,0.4015356817803187,nan,nan,533,2118,1063,686
2.0,1.0,65,3,2507736755872948531,3.0,3.25,26,0.18216774679862074,nan,nan,533,2118,1063,686
2.0,1.0,66,1,18306078345906732787,3.0,3.25,26,0.7040019981827876,nan,nan,653,2382,1146,766
2.0,1.0,66,2,18306078345906732787,3.0,3.25,26,0.3766091664853255,nan,nan,653,2382,1146,766
2.0,1.0,66,3,18306078345906732787,3.0,3.25,26,0.15721589693731566,nan,nan,653,2382,1146,766
2.0,1.0,67,1,7941282182613985153,3.0,3.25,26,0.6902381279609368,nan,nan,485,1884,939,625
2.0,1.0,67,2,7941282182613985153,3.0,3.25,26,0.3911639705142012,nan,nan,485,1884,939,625
2.0,1.0,67,3,7941282182613985153,3.0,3.25,26,0.15783073566854358,nan,nan,485,1884,939,625
2.0,1.0,68,1,9945359011423984263,3.0,3.25,26,0.7306958669405479,nan,nan,708,2621,1271,816
2.0,1.0,68,2,9945359011423984263,3.0,3.25,26,0.39210818853902374,nan,nan,708,2621,1271,816
2.0,1.0,68,3,9945359011423984263,3.0,3.25,26,0.17082487990494336,nan,nan,708,2621,1271,816
2.0,1.0,69,1,15988095999888895959,3.0,3.25,26,0.7241015134361111,nan,nan,526,1985,974,653
2.0,1.0,69,2,15988095999888895959,3.0,3.25,26,0.4090587884626843,nan,nan,526,1985,974,653
2.0,1.0,69,3,15988095999888895959,3.0,3.25,26,0.20766064918947008,nan,nan,526,1985,974,653
2.0,1.0,70,1,13254050555744943236,3.0,3.25,26,0.6985201807599914,nan,nan,632,2611,1293,856
2.0,1.0,70,2,13254050555744943236,3.0,3.25,26,0.3877224019935493,nan,nan,632,2611,1293,856
2.0,1.0,70,3,13254050555744943236,3.0,3.25,26,0.1612175937511037,nan,nan,632,2611,1293,856
2.0,1.0,71,1,17420163968691485932,3.0,3.25,26,0.7135745309073305,nan,nan,683,2558,1234,808
2.0,1.0,71,2,17420163968691485932,3.0,3.25,26,0.3948275469191691,nan,nan,683,2558,1234,808
2.0,1.0,71,3,17420163968691485932,3.0,3.25,26,0.18274419292362173,nan,nan,683,2558,1234,808
2.0,1.0,72,1,7979638393533342827,3.0,3.25,26,0.695745435262589,nan,nan,365,1641,864,573
2.0,1.0,72,2,7979638393533342827,3.0,3.25,26,0.3384717973793868,nan,nan,365,1641,864,573
2.0,1.0,72,3,7979638393533342827,3.0,3.25,26,0.10755508694382566,nan,nan,365,1641,864,573
2.0,1.0,73,1,14539162881725429675,3.0,3.25,26,0.6923133321345316,nan,nan,550,2304,1157,766
2.0,1.0,73,2,14539162881725429675,3.0,3.25,26,0.36405967927593313,nan,nan,550,2304,1157,766
2.0,1.0,73,3,14539162881725429675,3.0,3.25,26,0.1420969487108821,nan,nan,550,2304,1157,766
2.0,1.0,74,1,1483210988617097410,3.0,3.25,26,0.7006796531189818,nan,nan,468,1955,971,678
2.0,1.0,74,2,1483210988617097410,3.0,3.25,26,0.34384580217172483,nan,nan,468,1955,971,678
2.0,1.0,74,3,1483210988617097410,3.0,3.25,26,0.13714249571961523,nan,nan,468,1955,971,678
2.0,1.0,75,1,1808663535765791749,3.0,3.25,26,0.7067529638390414,nan,nan,547,2201,1112,732
2.0,1.0,75,2,1808663535765791749,3.0,3.25,26,0.37668318938070294,nan,nan,547,2201,1112,732
2.0,1.0,75,3,1808663535765791749,3.0,3.25,26,0.13217287085135443,nan,nan,547,2201,1112,732
2.0,1.0,76,1,1704061800452737934,3.0,3.25,26,0.7207980096297201,nan,nan,581,2166,1055,691
2.0,1.0,76,2,1704061800452737934,3.0,3.25,26,0.37303796350670704,nan,nan,581,2166,1055,691
2.0,1.0,76,3,1704061800452737934,3.0,3.25,26,0.1477404572271264,nan,nan,581,2166,1055,691
2.0,1.0,77,1,13392581368170203879,3.0,3.25,26,0.728976737718297,nan,nan,634,2314,1128,735
2.0,1.0,77,2,13392581368170203879,3.0,3.25,26,0.4122344410973904,nan,nan,634,2314,1128,735
2.0,1.0,77,3,13392581368170203879,3.0,3.25,26,0.19200774507231044,nan,nan,634,2314,1128,735
2.0,1.0,78,1,6850095398006861744,3.0,3.25,26,0.7110062824965849,nan,nan,680,2794,1390,912
2.0,1.0,78,2,6850095398006861744,3.0,3.25,26,0.38433569124867273,nan,nan,680,2794,1390,912
2.0,1.0,78,3,6850095398006861744,3.0,3.25,26,0.16422160831649088,nan,nan,680,2794,1390,912
2.0,1.0,79,1,14981602553315243574,3.0,3.25,26,0.7372855391064632,nan,nan,557,2107,1056,658
2.0,1.0,79,2,14981602553315243574,3.0,3.25,26,0.42632521253313427,nan,nan,557,2107,1056,658
2.0,1.0,79,3,14981602553315243574,3.0,3.25,26,0.1954901343547594,nan,nan,557,2107,1056,658
2.0,1.0,80,1,8836290993194402156,3.0,3.25,26,0.7208191503403497,nan,nan,582,2348,1146,781
2.0,1.0,80,2,8836290993194402156,3.0,3.25,26,0.41121998333978405,nan,nan,582,2348,1146,781
2.0,1.0,80,3,8836290993194402156,3.0,3.25,26,0.2001439500666202,nan,nan,582,2348,1146,781
2.0,1.0,81,1,9553872172840520502,3.0,3.25,26,0.695368853407249,nan,nan,360,1687,914,613
2.0,1.0,81,2,9553872172840520502,3.0,3.25,26,0.36987933143795704,nan,nan,360,1687,914,613
2.0,1.0,81,3,9553872172840520502,3.0,3.25,26,0.17001737592914554,nan,nan,360,1687,914,613
2.0,1.0,82,1,15743386983429003760,3.0,3.25,26,0.6901746059806685,nan,nan,381,1697,895,589
2.0,1.0,82,2,15743386983429003760,3.0,3.25,26,0.334292187223926,nan,nan,381,1697,895,589
2.0,1.0,82,3,15743386983429003760,3.0,3.25,26,0.11982005264401721,nan,nan,381,1697,895,589
2.0,1.0,83,1,3089710332798928631,3.0,3.25,26,0.7336508826988486,nan,nan,397,1494,799,461
2.0,1.0,83,2,3089710332798928631,3.0,3.25,26,0.4223349628422902,nan,nan,397,1494,799,461
2.0,1.0,83,3,3089710332798928631,3.0,3.25,26,0.22718773567022768,nan,nan,397,1494,799,461
2.0,1.0,84,1,2424987375955986189,3.0,3.25,26,0.719584629586845,nan,nan,367,1590,857,526
2.0,1.0,84,2,2424987375955986189,3.0,3.25,26,0.4433912982863916,nan,nan,367,1590,857,526
2.0,1.0,84,3,2424987375955986189,3.0,3.25,26,0.2181424868889554,nan,nan,367,1590,857,526
2.0,1.0,85,1,7003859728802289799,3.0,3.25,26,0.7359568954388295,nan,nan,457,1814,924,601
2.0,1.0,85,2,7003859728802289799,3.0,3.25,26,0.4428278614562132,nan,nan,457,1814,924,601
2.0,1.0,85,3,7003859728802289799,3.0,3.25,26,0.19376882241264426,nan,nan,457,1814,924,601
2.0,1.0,86,1,11611452147590758846,3.0,3.25,26,0.6901387286903342,nan,nan,693,2785,1352,911
2.0,1.0,86,2,11611452147590758846,3.0,3.25,26,0.34752810073647467,nan,nan,693,2785,1352,911
2.0,1.0,86,3,11611452147590758846,3.0,3.25,26,0.12197668909502822,nan,nan,693,2785,1352,911
2.0,1.0,87,1,2047347384867883433,3.0,3.25,26,0.7027856788748745,nan,nan,366,1731,919,624
2.0,1.0,87,2,2047347384867883433,3.0,3.25,26,0.37426784588835066,nan,nan,366,1731,919,624
2.0,1.0,87,3,2047347384867883433,3.0,3.25,26,0.1451151355453223,nan,nan,366,1731,919,624
2.0,1.0,88,1,4595160187910589540,3.0,3.25,26,0.7212586728736378,nan,nan,837,3119,1455,1000
2.0,1.0,88,2,4595160187910589540,3.0,3.25,26,0.39238308369709224,nan,nan,837,3119,1455,1000
2.0,1.0,88,3,4595160187910589540,3.0,3.25,26,0.17391977662353256,nan,nan,837,3119,1455,1000
2.0,1.0,89,1,612124087133456368,3.0,3.25,26,0.6947146573903951,nan,nan,450,1711,870,553
2.0,1.0,89,2,612124087133456368,3.0,3.25,26,0.3235433800855819,nan,nan,450,1711,870,553
2.0,1.0,89,3,612124087133456368,3.0,3.25,26,0.12190659545340823,nan,nan,450,1711,870,553
2.0,1.0,90,1,17321448098914603046,3.0,3.25,26,0.7171847147377773,nan,nan,760,2915,1398,928
2.0,1.0,90,2,17321448098914603046,3.0,3.25,26,0.38667929957489616,nan,nan,760,2915,1398,928
2.0,1.0,90,3,17321448098914603046,3.0,3.25,26,0.15122801128095278,nan,nan,760,2915,1398,928
2.0,1.0,91,1,11578858359731734764,3.0,3.25,26,0.727788987927896,nan,nan,464,1864,955,608
2.0,1.0,91,2,11578858359731734764,3.0,3.25,26,0.4228184685738224,nan,nan,464,1864,955,608
2.0,1.0,91,3,11578858359731734764,3.0,3.25,26,0.21397758871066944,nan,nan,464,1864,955,608
2.0,1.0,92,1,16966957851578037419,3.0,3.25,26,0.6940908549635518,nan,nan,478,1995,1027,659
2.0,1.0,92,2,16966957851578037419,3.0,3.25,26,0.3643224494922094,nan,nan,478,1995,1027,659
2.0,1.0,92,3,16966957851578037419,3.0,3.25,26,0.1730033695663756,nan,nan,478,1995,1027,659
2.0,1.0,93,1,14604422186237833009,3.0,3.25,26,0.6923920138311408,nan,nan,409,1732,892,598
2.0,1.0,93,2,14604422186237833009,3.0,3.25,26,0.3695052698477552,nan,nan,409,1732,892,598
2.0,1.0,93,3,14604422186237833009,3.0,3.25,26,0.14393092465379922,nan,nan,409,1732,892,598
2.0,1.0,94,1,6495049872383333324,3.0,3.25,26,0.7105616010168059,nan,nan,701,2618,1293,784
2.0,1.0,94,2,6495049872383333324,3.0,3.25,26,0.38661968981037437,nan,nan,701,2618,1293,784
2.0,1.0,94,3,6495049872383333324,3.0,3.25,26,0.16703487693873795,nan,nan,701,2618,1293,784
2.0,1.0,95,1,18302887828953808325,3.0,3.25,26,0.701701621759348,nan,nan,544,2259,1154,762
2.0,1.0,95,2,18302887828953808325,3.0,3.25,26,0.39294625729908594,nan,nan,544,2259,1154,762
2.0,1.0,95,3,18302887828953808325,3.0,3.25,26,0.19009678249927342,nan,nan,544,2259,1154,762
2.0,1.0,96,1,58883235898209767,3.0,3.25,26,0.718079677822733,nan,nan,601,2144,1027,676
2.0,1.0,96,2,58883235898209767,3.0,3.25,26,0.36878799268533685,nan,nan,601,2144,1027,676
2.0,1.0,96,3,58883235898209767,3.0,3.25,26,0.12688756339807344,nan,nan,601,2144,1027,676
2.0,1.0,97,1,1758003876411222495,3.0,3.25,26,0.6572860532118103,nan,nan,443,2094,1066,751
2.0,1.0,97,2,1758003876411222495,3.0,3.25,26,0.3299985398532751,nan,nan,443,2094,1066,751
2.0,1.0,97,3,1758003876411222495,3.0,3.25,26,0.1259655156147893,nan,nan,443,2094,1066,751
2.0,1.0,98,1,9682890630046083658,3.0,3.25,26,0.7152968587963695,nan,nan,538,1941,961,604
2.0,1.0,98,2,9682890630046083658,3.0,3.25,26,0.3891345568669496,nan,nan,538,1941,961,604
2.0,1.0,98,3,9682890630046083658,3.0,3.25,26,0.18576519665299973,nan,nan,538,1941,961,604
2.0,1.0,99,1,4508244720047619700,3.0,3.25,26,0.6453611521987876,nan,nan,457,2073,1063,718
2.0,1.0,99,2,4508244720047619700,3.0,3.25,26,0.33165664019010577,nan,nan,457,2073,1063,718
2.0,1.0,99,3,4508244720047619700,3.0,3.25,26,0.12100892458018311,nan,nan,457,2073,1063,718
2.0,1.0,100,1,11407216619632685649,3.0,3.25,26,0.7010685824800239,nan,nan,518,2022,985,683
2.0,1.0,100,2,11407216619632685649,3.0,3.25,26,0.33914178435712505,nan,nan,518,2022,985,683
2.0,1.0,100,3,11407216619632685649,3.0,3.25,26,0.12316873941357771,nan,nan,518,2022,985,683
2.0,1.0,101,1,4338107035747988417,3.0,3.25,26,0.7189126982192071,nan,nan,497,2004,1017,651
2.0,1.0,101,2,4338107035747988417,3.0,3.25,26,0.3657178608015558,nan,nan,497,2004,1017,651
2.0,1.0,101,3,4338107035747988417,3.0,3.25,26,0.15808827781258625,nan,nan,497,2004,1017,651
2.0,1.0,102,1,14202313079339925286,3.0,3.25,26,0.674622253228721,nan,nan,560,2434,1244,807
2.0,1.0,102,2,14202313079339925286,3.0,3.25,26,0.30207308669358485,nan,nan,560,2434,1244,807
2.0,1.0,102,3,14202313079339925286,3.0,3.25,26,0.09777474181825505,nan,nan,560,2434,1244,807
2.0,1.0,103,1,4677284370372122997,3.0,3.25,26,0.717073013494204,nan,nan,437,1828,944,609
2.0,1.0,103,2,4677284370372122997,3.0,3.25,26,0.39423500871810735,nan,nan,437,1828,944,609
2.0,1.0,103,3,4677284370372122997,3.0,3.25,26,0.18337503903559207,nan,nan,437,1828,944,609
2.0,1.0,104,1,15026891484722534673,3.0,3.25,26,0.7367548322966612,nan,nan,612,2209,1068,702
2.0,1.0,104,2,15026891484722534673,3.0,3.25,26,0.41438594204364254,nan,nan,612,2209,1068,702
2.0,1.0,104,3,15026891484722534673,3.0,3.25,26,0.1758265809922938,nan,nan,612,2209,1068,702
2.0,1.0,105,1,16222480712156101290,3.0,3.25,26,0.6710405576121821,nan,nan,421,1919,991,667
2.0,1.0,105,2,16222480712156101290,3.0,3.25,26,0.31024334271453896,nan,nan,421,1919,991,667
2.0,1.0,105,3,16222480712156101290,3.0,3.25,26,0.11060629697830741,nan,nan,421,1919,991,667
2.0,1.0,106,1,9675380815952400429,3.0,3.25,26,0.6996642423587571,nan,nan,503,1921,951,630
2.0,1.0,106,2,9675380815952400429,3.0,3.25,26,0.370420234825161,nan,nan,503,1921,951,630
2.0,1.0,106,3,9675380815952400429,3.0,3.25,26,0.1547790061456631,nan,nan,503,1921,951,630
2.0,1.0,107,1,9649809821353326614,3.0,3.25,26,0.7203463900198539,nan,nan,564,2176,1059,713
2.0,1.0,107,2,9649809821353326614,3.0,3.25,26,0.4010773367640675,nan,nan,564,2176,1059,713
2.0,1.0,107,3,9649809821353326614,3.0,3.25,26,0.19155995459082562,nan,nan,564,2176,1059,713
2.0,1.0,108,1,14410905002278709938,3.0,3.25,26,0.7238617560607293,nan,nan,487,2091,1067,721
2.0,1.0,108,2,14410905002278709938,3.0,3.25,26,0.4024837985339639,nan,nan,487,2091,1067,721
2.0,1.0,108,3,14410905002278709938,3.0,3.25,26,0.18978925864097318,nan,nan,487,2091,1067,721
2.0,1.0,109,1,12399737706655758151,3.0,3.25,26,0.6828530557727954,nan,nan,341,1620,873,573
2.0,1.0,109,2,12399737706655758151,3.0,3.25,26,0.35623957734151424,nan,nan,341,1620,873,573
2.0,1.0,109,3,12399737706655758151,3.0,3.25,26,0.16309545114112142,nan,nan,341,1620,873,573
2.0,1.0,110,1,9444339221731152648,3.0,3.25,26,0.6640949122039953,nan,nan,285,1434,817,539
2.0,1.0,110,2,9444339221731152648,3.0,3.25,26,0.3171880994799855,nan,nan,285,1434,817,539
2.0,1.0,110,3,9444339221731152648,3.0,3.25,26,0.10461812271689207,nan,nan,285,1434,817,539
2.0,1.0,111,1,11045257822954811880,3.0,3.25,26,0.6959866902710989,nan,nan,542,2155,1075,716
2.0,1.0,111,2,11045257822954811880,3.0,3.25,26,0.3975837960126614,nan,nan,542,2155,1075,716
2.0,1.0,111,3,11045257822954811880,3.0,3.25,26,0.20059147158357485,nan,nan,542,2155,1075,716
2.0,1.0,112,1,13740852532243976516,3.0,3.25,26,0.6893066196665808,nan,nan,512,2289,1150,790
2.0,1.0,112,2,13740852532243976516,3.0,3.25,26,0.33839043547414893,nan,nan,512,2289,1150,790
2.0,1.0,112,3,13740852532243976516,3.0,3.25,26,0.12376426519752082,nan,nan,512,2289,1150,790
2.0,1.0,113,1,8724138358289090736,3.0,3.25,26,0.7249750773413522,nan,nan,460,2024,1047,697
2.0,1.0,113,2,8724138358289090736,3.0,3.25,26,0.4266999492418894,nan,nan,460,2024,1047,697
2.0,1.0,113,3,8724138358289090736,3.0,3.25,26,0.19911531268469182,nan,nan,460,2024,1047,697
2.0,1.0,114,1,3088189662302558792,3.0,3.25,26,0.7386410449020574,nan,nan,715,2674,1273,848
2.0,1.0,114,2,3088189662302558792,3.0,3.25,26,0.4257804773583021,nan,nan,715,2674,1273,848
2.0,1.0,114,3,3088189662302558792,3.0,3.25,26,0.21261147201556105,nan,nan,715,2674,1273,848
2.0,1.0,115,1,12840458043289409885,3.0,3.25,26,0.66454365650421,nan,nan,581,2478,1237,840
2.0,1.0,115,2,12840458043289409885,3.0,3.25,26,0.33352676095372846,nan,nan,581,2478,1237,840
2.0,1.0,115,3,12840458043289409885,3.0,3.25,26,0.12032851728202723,nan,nan,581,2478,1237,840
2.0,1.0,116,1,8386028255665212684,3.0,3.25,26,0.6921424135919856,nan,nan,434,1954,1020,666
2.0,1.0,116,2,8386028255665212684,3.0,3.25,26,0.3664626072625553,nan,nan,434,1954,1020,666
2.0,1.0,116,3,8386028255665212684,3.0,3.25,26,0.14376509738338472,nan,nan,434,1954,1020,666
2.0,1.0,117,1,17236307210888254858,3.0,3.25,26,0.6814667763739292,nan,nan,789,3082,1426,1027
2.0,1.0,117,2,17236307210888254858,3.0,3.25,26,0.33106922092123886,nan,nan,789,3082,1426,1027
2.0,1.0,117,3,17236307210888254858,3.0,3.25,26,0.14370796309506562,nan,nan,789,3082,1426,1027
2.0,1.0,118,1,4050969268989534511,3.0,3.25,26,0.703740734523906,nan,nan,423,1835,950,638
2.0,1.0,118,2,4050969268989534511,3.0,3.25,26,0.3973973572482532,nan,nan,423,1835,950,638
2.0,1.0,118,3,4050969268989534511,3.0,3.25,26,0.17268861385817552,nan,nan,423,1835,950,638
2.0,1.0,119,1,1225701631407562575,3.0,3.25,26,0.6776439286864024,nan,nan,646,2434,1171,794
2.0,1.0,119,2,1225701631407562575,3.0,3.25,26,0.3446677756933813,nan,nan,646,2434,1171,794
2.0,1.0,119,3,1225701631407562575,3.0,3.25,26,0.1361729988321401,nan,nan,646,2434,1171,794
4.0,0.0,0,1,14139838117155599685,3.0,3.25,26,0.8000903459640909,nan,nan,2886692,3846472,959940,0
4.0,0.0,0,2,14139838117155599685,3.0,3.25,26,0.5336755069789875,nan,nan,2886692,3846472,959940,0
4.0,0.0,0,3,14139838117155599685,3.0,3.25,26,0.3050050021446863,nan,nan,2886692,3846472,959940,0
4.0,0.0,1,1,17872451715689246190,3.0,3.25,26,0.7991795727855003,nan,nan,3277233,4370097,1093024,0
4.0,0.0,1,2,17872451715689246190,3.0,3.25,26,0.5316955578435167,nan,nan,3277233,4370097,1093024,0
4.0,0.0,1,3,17872451715689246190,3.0,3.25,26,0.3026157377639669,nan,nan,3277233,4370097,1093024,0
4.0,0.0,2,1,16722436391128125812,3.0,3.25,26,0.799823585100474,nan,nan,2289852,3052809,763117,0
4.0,0.0,2,2,16722436391128125812,3.0,3.25,26,0.5334374904880321,nan,nan,2289852,3052809,763117,0
4.0,0.0,2,3,16722436391128125812,3.0,3.25,26,0.3044911876803177,nan,nan,2289852,3052809,763117,0
4.0,0.0,3,1,9654608031190537766,3.0,3.25,26,0.8004076820444003,nan,nan,2733278,3642775,909658,0
4.0,0.0,3,2,9654608031190537766,3.0,3.25,26,0.5341802679058427,nan,nan,2733278,3642775,909658,0
4.0,0.0,3,3,9654608031190537766,3.0,3.25,26,0.3054779268202719,nan,nan,2733278,3642775,909658,0
4.0,0.0,4,1,12798300652734083842,3.0,3.25,26,0.799900278960684,nan,nan,2645681,3527214,881693,0
4.0,0.0,4,2,12798300652734083842,3.0,3.25,26,0.5326619764809959,nan,nan,2645681,3527214,881693,0
4.0,0.0,4,3,12798300652734083842,3.0,3.25,26,0.30408317586332684,nan,nan,2645681,3527214,881693,0
4.0,0.0,5,1,6930687015041009003,3.0,3.25,26,0.8001670835209771,nan,nan,2613844,3485467,871783,0
4.0,0.0,5,2,6930687015041009003,3.0,3.25,26,0.5336151299459303,nan,nan,2613844,3485467,871783,0
4.0,0.0,5,3,6930687015041009003,3.0,3.25,26,0.3050698692320559,nan,nan,2613844,3485467,871783,0
4.0,0.0,6,1,4507486071338561798,3.0,3.25,26,0.7999362535200194,nan,nan,2585847,3447731,862044,0
4.0,0.0,6,2,4507486071338561798,3.0,3.25,26,0.5329944283620509,nan,nan,2585847,3447731,862044,0
4.0,0.0,6,3,4507486071338561798,3.0,3.25,26,0.30425116010910874,nan,nan,2585847,3447731,862044,0
4.0,0.0,7,1,8295815607998560982,3.0,3.25,26,0.7996372440482674,nan,nan,2716161,3622209,906208,0
4.0,0.0,7,2,8295815607998560982,3.0,3.25,26,0.5322727081746657,nan,nan,2716161,3622209,906208,0
4.0,0.0,7,3,8295815607998560982,3.0,3.25,26,0.3038006194476243,nan,nan,2716161,3622209,906208,0
4.0,0.0,8,1,1684787067710387794,3.0,3.25,26,0.799785401641121,nan,nan,2385365,3179544,794341,0
4.0,0.0,8,2,1684787067710387794,3.0,3.25,26,0.5331201578669537,nan,nan,2385365,3179544,794341,0
4.0,0.0,8,3,1684787067710387794,3.0,3.25,26,0.30453776966274837,nan,nan,2385365,3179544,794341,0
4.0,0.0,9,1,12304777537892050627,3.0,3.25,26,0.8002120614583833,nan,nan,2632959,3510222,877423,0
4.0,0.0,9,2,12304777537892050627,3.0,3.25,26,0.533809891929926,nan,nan,2632959,3510222,877423,0
4.0,0.0,9,3,12304777537892050627,3.0,3.25,26,0.3052989778618291,nan,nan,2632959,3510222,877423,0
4.0,0.0,10,1,3913336305372913136,3.0,3.25,26,0.7999422742113975,nan,nan,2489845,3319367,829683,0
4.0,0.0,10,2,3913336305372913136,3.0,3.25,26,0.5334732925500021,nan,nan,2489845,3319367,829683,0
4.0,0.0,10,3,3913336305372913136,3.0,3.25,26,0.30489708402516325,nan,nan,2489845,3319367,829683,0
4.0,0.0,11,1,10636851751910312616,3.0,3.25,26,0.7996374441715771,nan,nan,2885025,3846651,961787,0
4.0,0.0,11,2,10636851751910312616,3.0,3.25,26,0.5325888800985591,nan,nan,2885025,3846651,961787,0
4.0,0.0,11,3,10636851751910312616,3.0,3.25,26,0.303660782602214,nan,nan,2885025,3846651,961787,0
4.0,0.0,12,1,11135005811090681728,3.0,3.25,26,0.7998679382438769,nan,nan,3201750,4268590,1067000,0
4.0,0.0,12,2,11135005811090681728,3.0,3.25,26,0.5329016173180667,nan,nan,3201750,4268590,1067000,0
4.0,0.0,12,3,11135005811090681728,3.0,3.25,26,0.30385902842179635,nan,nan,3201750,4268590,1067000,0
4.0,0.0,13,1,16274246262245877981,3.0,3.25,26,0.8003939511783736,nan,nan,3098633,4129348,1030875,0
4.0,0.0,13,2,16274246262245877981,3.0,3.25,26,0.5343667845107665,nan,nan,3098633,4129348,1030875,0
4.0,0.0,13,3,16274246262245877981,3.0,3.25,26,0.30596113365671646,nan,nan,3098633,4129348,1030875,0
4.0,0.0,14,1,3630888813498676382,3.0,3.25,26,0.7998111996529503,nan,nan,3160131,4214068,1054097,0
4.0,0.0,14,2,3630888813498676382,3.0,3.25,26,0.5329337936379582,nan,nan,3160131,4214068,1054097,0
4.0,0.0,14,3,3630888813498676382,3.0,3.25,26,0.30416294033041813,nan,nan,3160131,4214068,1054097,0
4.0,0.0,15,1,10021625333112280191,3.0,3.25,26,0.7996029976194857,nan,nan,2671498,3561564,890226,0
4.0,0.0,15,2,10021625333112280191,3.0,3.25,26,0.5323930205859682,nan,nan,2671498,3561564,890226,0
4.0,0.0,15,3,10021625333112280191,3.0,3.25,26,0.30379974494385986,nan,nan,2671498,3561564,890226,0
4.0,0.0,16,1,17199882624767384676,3.0,3.25,26,0.799444680103888,nan,nan,3114465,4152726,1038421,0
4.0,0.0,16,2,17199882624767384676,3.0,3.25,26,0.5326148242854766,nan,nan,3114465,4152726,1038421,0
4.0,0.0,16,3,17199882624767384676,3.0,3.25,26,0.3043317355742507,nan,nan,3114465,4152726,1038421,0
4.0,0.0,17,1,16809661749402077677,3.0,3.25,26,0.8000651483861548,nan,nan,2856303,3806337,950194,0
4.0,0.0,17,2,16809661749402077677,3.0,3.25,26,0.5332847046127482,nan,nan,2856303,3806337,950194,0
4.0,0.0,17,3,16809661749402077677,3.0,3.25,26,0.30446195007036353,nan,nan,2856303,3806337,950194,0
4.0,0.0,18,1,22516694966961676,3.0,3.25,26,0.7998120833905692,nan,nan,2987095,3982652,995717,0
4.0,0.0,18,2,22516694966961676,3.0,3.25,26,0.5331746120074462,nan,nan,2987095,3982652,995717,0
4.0,0.0,18,3,22516694966961676,3.0,3.25,26,0.304426366242323,nan,nan,2987095,3982652,995717,0
4.0,0.0,19,1,17427370593354888418,3.0,3.25,26,0.8000717152712371,nan,nan,2713888,3618621,904893,0
4.0,0.0,19,2,17427370593354888418,3.0,3.25,26,0.5332714695843197,nan,nan,2713888,3618621,904893,0
4.0,0.0,19,3,17427370593354888418,3.0,3.25,26,0.30443025405065516,nan,nan,2713888,3618621,904893,0
4.0,0.0,20,1,6960220935517880484,3.0,3.25,26,0.799918283513149,nan,nan,4141350,5523481,1382291,0
4.0,0.0,20,2,6960220935517880484,3.0,3.25,26,0.5331844689132837,nan,nan,4141350,5523481,1382291,0
4.0,0.0,20,3,6960220935517880484,3.0,3.25,26,0.304708115065881,nan,nan,4141350,5523481,1382291,0
4.0,0.0,21,1,4556575941084939283,3.0,3.25,26,0.8001783571030316,nan,nan,2666293,3555171,889038,0
4.0,0.0,21,2,4556575941084939283,3.0,3.25,26,0.5335418815476216,nan,nan,2666293,3555171,889038,0
4.0,0.0,21,3,4556575941084939283,3.0,3.25,26,0.30498806487394114,nan,nan,2666293,3555171,889038,0
4.0,0.0,22,1,15238426900509870514,3.0,3.25,26,0.8005634229575954,nan,nan,3131942,4174692,1042912,0
4.0,0.0,22,2,15238426900509870514,3.0,3.25,26,0.5342028726673597,nan,nan,3131942,4174692,1042912,0
4.0,0.0,22,3,15238426900509870514,3.0,3.25,26,0.3057114817646336,nan,nan,3131942,4174692,1042912,0
4.0,0.0,23,1,1008603701569554056,3.0,3.25,26,0.799200882600036,nan,nan,3063604,4085795,1022351,0
4.0,0.0,23,2,1008603701569554056,3.0,3.25,26,0.5319920969223602,nan,nan,3063604,4085795,1022351,0
4.0,0.0,23,3,1008603701569554056,3.0,3.25,26,0.302802095412257,nan,nan,3063604,4085795,1022351,0
4.0,0.0,24,1,5202495151019585337,3.0,3.25,26,0.7999428262675374,nan,nan,2747544,3663546,916162,0
4.0,0.0,24,2,5202495151019585337,3.0,3.25,26,0.5335344367730248,nan,nan,2747544,3663546,916162,0
4.0,0.0,24,3,5202495151019585337,3.0,3.25,26,0.30499858851496753,nan,nan,2747544,3663546,916162,0
4.0,0.0,25,1,2366079683777549674,3.0,3.25,26,0.8000771252363224,nan,nan,3249739,4333727,1084150,0
4.0,0.0,25,2,2366079683777549674,3.0,3.25,26,0.5336527444396939,nan,nan,3249739,4333727,1084150,0
4.0,0.0,25,3,2366079683777549674,3.0,3.25,26,0.3051398458952271,nan,nan,3249739,4333727,1084150,0
4.0,0.0,26,1,7519625100597186527,3.0,3.25,26,0.8001051096103988,nan,nan,2829866,3772014,942308,0
4.0,0.0,26,2,7519625100597186527,3.0,3.25,26,0.533135354359529,nan,nan,2829866,3772014,942308,0
4.0,0.0,26,3,7519625100597186527,3.0,3.25,26,0.30471997476298296,nan,nan,2829866,3772014,942308,0
4.0,0.0,27,1,3427047916254452590,3.0,3.25,26,0.8005100101843919,nan,nan,3092895,4121627,1028892,0
4.0,0.0,27,2,3427047916254452590,3.0,3.25,26,0.534032639256178,nan,nan,3092895,4121627,1028892,0
4.0,0.0,27,3,3427047916254452590,3.0,3.25,26,0.3050848730008775,nan,nan,3092895,4121627,1028892,0
4.0,0.0,28,1,10441390962092145565,3.0,3.25,26,0.8002938965234674,nan,nan,2183252,2909501,726409,0
4.0,0.0,28,2,10441390962092145565,3.0,3.25,26,0.5342274623878319,nan,nan,2183252,2909501,726409,0
4.0,0.0,28,3,10441390962092145565,3.0,3.25,26,0.3061627314595946,nan,nan,2183252,2909501,726409,0
4.0,0.0,29,1,17776790190046309799,3.0,3.25,26,0.8003417567167845,nan,nan,2617357,3488251,871054,0
4.0,0.0,29,2,17776790190046309799,3.0,3.25,26,0.5339926142252417,nan,nan,2617357,3488251,871054,0
4.0,0.0,29,3,17776790190046309799,3.0,3.25,26,0.30554248195067896,nan,nan,2617357,3488251,871054,0
4.0,0.0,30,1,3578702950017546670,3.0,3.25,26,0.8003536657300715,nan,nan,2764800,3683128,918489,0
4.0,0.0,30,2,3578702950017546670,3.0,3.25,26,0.5338216612189066,nan,nan,2764800,3683128,918489,0
4.0,0.0,30,3,3578702950017546670,3.0,3.25,26,0.3051675644973711,nan,nan,2764800,3683128,918489,0
4.0,0.0,31,1,9122747492593045915,3.0,3.25,26,0.7997261710741632,nan,nan,2641492,3521510,880178,0
4.0,0.0,31,2,9122747492593045915,3.0,3.25,26,0.532564950969549,nan,nan,2641492,3521510,880178,0
4.0,0.0,31,3,9122747492593045915,3.0,3.25,26,0.30361322888106684,nan,nan,2641492,3521510,880178,0
4.0,0.0,32,1,207218107958595320,3.0,3.25,26,0.8000969509455221,nan,nan,2663850,3549246,885556,0
4.0,0.0,32,2,207218107958595320,3.0,3.25,26,0.5335636488663007,nan,nan,2663850,3549246,885556,0
4.0,0.0,32,3,207218107958595320,3.0,3.25,26,0.3048726828491396,nan,nan,2663850,3549246,885556,0
4.0,0.0,33,1,8468310905795847699,3.0,3.25,26,0.7996028030506263,nan,nan,2868611,3827277,958826,0
4.0,0.0,33,2,8468310905795847699,3.0,3.25,26,0.5329704990152533,nan,nan,2868611,3827277,958826,0
4.0,0.0,33,3,8468310905795847699,3.0,3.25,26,0.304322809803152,nan,nan,2868611,3827277,958826,0
4.0,0.0,34,1,8221618684154218600,3.0,3.25,26,0.79980170355337,nan,nan,2305554,3074047,768653,0
4.0,0.0,34,2,8221618684154218600,3.0,3.25,26,0.5325395440413001,nan,nan,2305554,3074047,768653,0
4.0,0.0,34,3,8221618684154218600,3.0,3.25,26,0.30339944335415825,nan,nan,2305554,3074047,768653,0
4.0,0.0,35,1,17723985799739439787,3.0,3.25,26,0.8000437071713666,nan,nan,2867214,3822610,955556,0
4.0,0.0,35,2,17723985799739439787,3.0,3.25,26,0.5338367428709208,nan,nan,2867214,3822610,955556,0
4.0,0.0,35,3,17723985799739439787,3.0,3.25,26,0.30528769852751003,nan,nan,2867214,3822610,955556,0
4.0,0.0,36,1,896910363416272556,3.0,3.25,26,0.799581384146994,nan,nan,2505620,3341960,836500,0
4.0,0.0,36,2,896910363416272556,3.0,3.25,26,0.5327357621799259,nan,nan,2505620,3341960,836500,0
4.0,0.0,36,3,896910363416272556,3.0,3.25,26,0.3044195160104647,nan,nan,2505620,3341960,836500,0
4.0,0.0,37,1,706308335341807163,3.0,3.25,26,0.7995695531440142,nan,nan,3130318,4175225,1045067,0
4.0,0.0,37,2,706308335341807163,3.0,3.25,26,0.5327492288995139,nan,nan,3130318,4175225,1045067,0
4.0,0.0,37,3,706308335341807163,3.0,3.25,26,0.3041451629177196,nan,nan,3130318,4175225,1045067,0
4.0,0.0,38,1,14267191164626743243,3.0,3.25,26,0.8004355005122158,nan,nan,2387272,3182031,794920,0
4.0,0.0,38,2,14267191164626743243,3.0,3.25,26,0.53357684406712,nan,nan,2387272,3182031,794920,0
4.0,0.0,38,3,14267191164626743243,3.0,3.25,26,0.30480920453519383,nan,nan,2387272,3182031,794920,0
4.0,0.0,39,1,11090142751304626885,3.0,3.25,26,0.8001903605845466,nan,nan,2866379,3820811,954593,0
4.0,0.0,39,2,11090142751304626885,3.0,3.25,26,0.5336986113732067,nan,nan,2866379,3820811,954593,0
4.0,0.0,39,3,11090142751304626885,3.0,3.25,26,0.30560727305051116,nan,nan,2866379,3820811,954593,0
4.0,0.0,40,1,11301382384781850131,3.0,3.25,26,0.8000255762943769,nan,nan,2831443,3774469,943186,0
4.0,0.0,40,2,11301382384781850131,3.0,3.25,26,0.5330596305460594,nan,nan,2831443,3774469,943186,0
4.0,0.0,40,3,11301382384781850131,3.0,3.25,26,0.3044396083846222,nan,nan,2831443,3774469,943186,0
4.0,0.0,41,1,4104968630385547310,3.0,3.25,26,0.8001127803901499,nan,nan,2770129,3695210,925241,0
4.0,0.0,41,2,4104968630385547310,3.0,3.25,26,0.5333777668276845,nan,nan,2770129,3695210,925241,0
4.0,0.0,41,3,4104968630385547310,3.0,3.25,26,0.30512481531645186,nan,nan,2770129,3695210,925241,0
4.0,0.0,42,1,7428059589888505146,3.0,3.25,26,0.799981237214992,nan,nan,2823033,3763257,940384,0
4.0,0.0,42,2,7428059589888505146,3.0,3.25,26,0.5329126229261164,nan,nan,2823033,3763257,940384,0
4.0,0.0,42,3,7428059589888505146,3.0,3.25,26,0.30413822015464553,nan,nan,2823033,3763257,940384,0
4.0,0.0,43,1,11645319396064150222,3.0,3.25,26,0.7994667869461772,nan,nan,2050931,2734719,683948,0
4.0,0.0,43,2,11645319396064150222,3.0,3.25,26,0.5324102419791872,nan,nan,2050931,2734719,683948,0
4.0,0.0,43,3,11645319396064150222,3.0,3.25,26,0.3040344021756548,nan,nan,2050931,2734719,683948,0
4.0,0.0,44,1,17405209050403743476,3.0,3.25,26,0.7999305570634314,nan,nan,2627664,3503296,875793,0
4.0,0.0,44,2,17405209050403743476,3.0,3.25,26,0.5329961892806513,nan,nan,2627664,3503296,875793,0
4.0,0.0,44,3,17405209050403743476,3.0,3.25,26,0.30387244261087015,nan,nan,2627664,3503296,875793,0
4.0,0.0,45,1,4751265358240248207,3.0,3.25,26,0.8002720601393757,nan,nan,2602667,3470016,867510,0
4.0,0.0,45,2,4751265358240248207,3.0,3.25,26,0.5338876692582507,nan,nan,2602667,3470016,867510,0
4.0,0.0,45,3,4751265358240248207,3.0,3.25,26,0.3055827765921134,nan,nan,2602667,3470016,867510,0
4.0,0.0,46,1,7904482453984130089,3.0,3.25,26,0.7998597986136061,nan,nan,2813649,3751328,937840,0
4.0,0.0,46,2,7904482453984130089,3.0,3.25,26,0.532962803186473,nan,nan,2813649,3751328,937840,0
4.0,0.0,46,3,7904482453984130089,3.0,3.25,26,0.30438128759764843,nan,nan,2813649,3751328,937840,0
4.0,0.0,47,1,17534667251749200101,3.0,3.25,26,0.7995658233374322,nan,nan,2372037,3161155,789278,0
4.0,0.0,47,2,17534667251749200101,3.0,3.25,26,0.532991076438521,nan,nan,2372037,3161155,789278,0
4.0,0.0,47,3,17534667251749200101,3.0,3.25,26,0.3050661078243713,nan,nan,2372037,3161155,789278,0
4.0,0.0,48,1,1556423224224074713,3.0,3.25,26,0.7995858881166943,nan,nan,2996822,3995488,998827,0
4.0,0.0,48,2,1556423224224074713,3.0,3.25,26,0.5323748860892784,nan,nan,2996822,3995488,998827,0
4.0,0.0,48,3,1556423224224074713,3.0,3.25,26,0.3037499795984161,nan,nan,2996822,3995488,998827,0
4.0,0.0,49,1,15367267048787763690,3.0,3.25,26,0.7998268083529653,nan,nan,2377479,3170430,793111,0
4.0,0.0,49,2,15367267048787763690,3.0,3.25,26,0.5328349221652245,nan,nan,2377479,3170430,793111,0
4.0,0.0,49,3,15367267048787763690,3.0,3.25,26,0.304255927759083,nan,nan,2377479,3170430,793111,0
4.0,0.0,50,1,6429211621281132331,3.0,3.25,26,0.799715131234975,nan,nan,2316996,3090448,773613,0
4.0,0.0,50,2,6429211621281132331,3.0,3.25,26,0.5329629701488477,nan,nan,2316996,3090448,773613,0
4.0,0.0,50,3,6429211621281132331,3.0,3.25,26,0.3042370814504217,nan,nan,2316996,3090448,773613,0
4.0,0.0,51,1,6957964272537245486,3.0,3.25,26,0.8007004943585387,nan,nan,2353379,3136736,783517,0
4.0,0.0,51,2,6957964272537245486,3.0,3.25,26,0.5345438265493067,nan,nan,2353379,3136736,783517,0
4.0,0.0,51,3,6957964272537245486,3.0,3.25,26,0.3058469178198098,nan,nan,2353379,3136736,783517,0
4.0,0.0,52,1,2668111289344083590,3.0,3.25,26,0.8004201394307907,nan,nan,2461738,3281375,819797,0
4.0,0.0,52,2,2668111289344083590,3.0,3.25,26,0.5341232628623864,nan,nan,2461738,3281375,819797,0
4.0,0.0,52,3,2668111289344083590,3.0,3.25,26,0.30501060303538235,nan,nan,2461738,3281375,819797,0
4.0,0.0,53,1,9084790173769445598,3.0,3.25,26,0.7999536940064764,nan,nan,2543279,3389543,846424,0
4.0,0.0,53,2,9084790173769445598,3.0,3.25,26,0.5333016424963547,nan,nan,2543279,3389543,846424,0
4.0,0.0,53,3,9084790173769445598,3.0,3.25,26,0.30500538578104236,nan,nan,2543279,3389543,846424,0
4.0,0.0,54,1,11085300578176124954,3.0,3.25,26,0.7998757214644703,nan,nan,2802206,3735537,933491,0
4.0,0.0,54,2,11085300578176124954,3.0,3.25,26,0.5330228651499911,nan,nan,2802206,3735537,933491,0
4.0,0.0,54,3,11085300578176124954,3.0,3.25,26,0.30464366000310517,nan,nan,2802206,3735537,933491,0
4.0,0.0,55,1,3245958401973314369,3.0,3.25,26,0.8003828621052922,nan,nan,2862953,3815691,952898,0
4.0,0.0,55,2,3245958401973314369,3.0,3.25,26,0.5337806405171006,nan,nan,2862953,3815691,952898,0
4.0,0.0,55,3,3245958401973314369,3.0,3.25,26,0.3046745200785336,nan,nan,2862953,3815691,952898,0
4.0,0.0,56,1,2804901127321119391,3.0,3.25,26,0.7995464562230858,nan,nan,2707450,3612297,905007,0
4.0,0.0,56,2,2804901127321119391,3.0,3.25,26,0.5321420361404376,nan,nan,2707450,3612297,905007,0
4.0,0.0,56,3,2804901127321119391,3.0,3.25,26,0.3030878093997662,nan,nan,2707450,3612297,905007,0
4.0,0.0,57,1,303473988861185887,3.0,3.25,26,0.7998149690421921,nan,nan,2802835,3735952,933277,0
4.0,0.0,57,2,303473988861185887,3.0,3.25,26,0.5332471496256495,nan,nan,2802835,3735952,933277,0
4.0,0.0,57,3,303473988861185887,3.0,3.25,26,0.30448380225341526,nan,nan,2802835,3735952,933277,0
4.0,0.0,58,1,5369588971221519035,3.0,3.25,26,0.7996638541654444,nan,nan,2787550,3715556,928166,0
4.0,0.0,58,2,5369588971221519035,3.0,3.25,26,0.5327646156662907,nan,nan,2787550,3715556,928166,0
4.0,0.0,58,3,5369588971221519035,3.0,3.25,26,0.3041681061525957,nan,nan,2787550,3715556,928166,0
4.0,0.0,59,1,6900434803295480450,3.0,3.25,26,0.8000661620927249,nan,nan,2656395,3540490,884255,0
4.0,0.0,59,2,6900434803295480450,3.0,3.25,26,0.5333273401130907,nan,nan,2656395,3540490,884255,0
4.0,0.0,59,3,6900434803295480450,3.0,3.25,26,0.3045167501708146,nan,nan,2656395,3540490,884255,0
4.0,0.0,60,1,15986985878580281074,3.0,3.25,26,0.7997085612595158,nan,nan,3325239,4433261,1108182,0
4.0,0.0,60,2,15986985878580281074,3.0,3.25,26,0.532892158651581,nan,nan,3325239,4433261,1108182,0
4.0,0.0,60,3,15986985878580281074,3.0,3.25,26,0.3044426737293075,nan,nan,3325239,4433261,1108182,0
4.0,0.0,61,1,3601150791404436014,3.0,3.25,26,0.7996506389390439,nan,nan,3096591,4129197,1032766,0
4.0,0.0,61,2,3601150791404436014,3.0,3.25,26,0.5328763348654177,nan,nan,3096591,4129197,1032766,0
4.0,0.0,61,3,3601150791404436014,3.0,3.25,26,0.3042367219645513,nan,nan,3096591,4129197,1032766,0
4.0,0.0,62,1,7818665084446280370,3.0,3.25,26,0.8000501331947805,nan,nan,2573091,3432243,859313,0
4.0,0.0,62,2,7818665084446280370,3.0,3.25,26,0.533767659263851,nan,nan,2573091,3432243,859313,0
4.0,0.0,62,3,7818665084446280370,3.0,3.25,26,0.3054762017902567,nan,nan,2573091,3432243,859313,0
4.0,0.0,63,1,16532571027697008265,3.0,3.25,26,0.799898818823338,nan,nan,3100629,4132647,1032178,0
4.0,0.0,63,2,16532571027697008265,3.0,3.25,26,0.5330149031918949,nan,nan,3100629,4132647,1032178,0
4.0,0.0,63,3,16532571027697008265,3.0,3.25,26,0.3040519225697828,nan,nan,3100629,4132647,1032178,0
4.0,0.0,64,1,8476013175177963590,3.0,3.25,26,0.8003430824774527,nan,nan,2682665,3577967,895463,0
4.0,0.0,64,2,8476013175177963590,3.0,3.25,26,0.5341426871792018,nan,nan,2682665,3577967,895463,0
4.0,0.0,64,3,8476013175177963590,3.0,3.25,26,0.30582605536848995,nan,nan,2682665,3577967,895463,0
4.0,0.0,65,1,18435872540523447368,3.0,3.25,26,0.8005478058735149,nan,nan,2996639,3991940,995461,0
4.0,0.0,65,2,18435872540523447368,3.0,3.25,26,0.5344309173091545,nan,nan,2996639,3991940,995461,0
4.0,0.0,65,3,18435872540523447368,3.0,3.25,26,0.3054145690177535,nan,nan,2996639,3991940,995461,0
4.0,0.0,66,1,9027776348450264881,3.0,3.25,26,0.8011047844585164,nan,nan,3075280,4096345,1021225,0
4.0,0.0,66,2,9027776348450264881,3.0,3.25,26,0.5355031635188605,nan,nan,3075280,4096345,1021225,0
4.0,0.0,66,3,9027776348450264881,3.0,3.25,26,0.30665350428274973,nan,nan,3075280,4096345,1021225,0
4.0,0.0,67,1,8428945228651835879,3.0,3.25,26,0.7999462025702871,nan,nan,2805961,3740896,935096,0
4.0,0.0,67,2,8428945228651835879,3.0,3.25,26,0.5331455179050283,nan,nan,2805961,3740896,935096,0
4.0,0.0,67,3,8428945228651835879,3.0,3.25,26,0.30403602213750647,nan,nan,2805961,3740896,935096,0
4.0,0.0,68,1,11717023963227677914,3.0,3.25,26,0.8002521817951761,nan,nan,2629852,3506528,876837,0
4.0,0.0,68,2,11717023963227677914,3.0,3.25,26,0.533586660795084,nan,nan,2629852,3506528,876837,0
4.0,0.0,68,3,11717023963227677914,3.0,3.25,26,0.30547027765271906,nan,nan,2629852,3506528,876837,0
4.0,0.0,69,1,3169519352828552530,3.0,3.25,26,0.8000540539871998,nan,nan,3082749,4110042,1027453,0
4.0,0.0,69,2,3169519352828552530,3.0,3.25,26,0.533862102029998,nan,nan,3082749,4110042,1027453,0
4.0,0.0,69,3,3169519352828552530,3.0,3.25,26,0.3056486291038243,nan,nan,3082749,4110042,1027453,0
4.0,0.0,70,1,17390199197562267730,3.0,3.25,26,0.7991716243840995,nan,nan,2310068,3083964,774057,0
4.0,0.0,70,2,17390199197562267730,3.0,3.25,26,0.5317953506923391,nan,nan,2310068,3083964,774057,0
4.0,0.0,70,3,17390199197562267730,3.0,3.25,26,0.3033771693701249,nan,nan,2310068,3083964,774057,0
4.0,0.0,71,1,13465399267378623845,3.0,3.25,26,0.8004533699393794,nan,nan,2774841,3699644,924963,0
4.0,0.0,71,2,13465399267378623845,3.0,3.25,26,0.5340053685848873,nan,nan,2774841,3699644,924963,0
4.0,0.0,71,3,13465399267378623845,3.0,3.25,26,0.30508166290043626,nan,nan,2774841,3699644,924963,0
4.0,0.0,72,1,2804729528396442581,3.0,3.25,26,0.8004501221590806,nan,nan,3438581,4584255,1145834,0
4.0,0.0,72,2,2804729528396442581,3.0,3.25,26,0.5341128771382803,nan,nan,3438581,4584255,1145834,0
4.0,0.0,72,3,2804729528396442581,3.0,3.25,26,0.3057710990052022,nan,nan,3438581,4584255,1145834,0
4.0,0.0,73,1,13439525622047942855,3.0,3.25,26,0.8000802106283126,nan,nan,2809254,3746301,937207,0
4.0,0.0,73,2,13439525622047942855,3.0,3.25,26,0.5334543396723934,nan,nan,2809254,3746301,937207,0
4.0,0.0,73,3,13439525622047942855,3.0,3.25,26,0.30474292761771604,nan,nan,2809254,3746301,937207,0
4.0,0.0,74,1,8697514748721138748,3.0,3.25,26,0.799540286597166,nan,nan,2557775,3409415,851800,0
4.0,0.0,74,2,8697514748721138748,3.0,3.25,26,0.5323797281601379,nan,nan,2557775,3409415,851800,0
4.0,0.0,74,3,8697514748721138748,3.0,3.25,26,0.3037977717128678,nan,nan,2557775,3409415,851800,0
4.0,0.0,75,1,314186017388630176,3.0,3.25,26,0.8006870216349492,nan,nan,2783239,3709224,926146,0
4.0,0.0,75,2,314186017388630176,3.0,3.25,26,0.5349275955658992,nan,nan,2783239,3709224,926146,0
4.0,0.0,75,3,314186017388630176,3.0,3.25,26,0.3068683083251514,nan,nan,2783239,3709224,926146,0
4.0,0.0,76,1,10001615289450299039,3.0,3.25,26,0.7999788689441156,nan,nan,2333262,3112131,779029,0
4.0,0.0,76,2,10001615289450299039,3.0,3.25,26,0.5335241960691077,nan,nan,2333262,3112131,779029,0
4.0,0.0,76,3,10001615289450299039,3.0,3.25,26,0.3051427050199094,nan,nan,2333262,3112131,779029,0
4.0,0.0,77,1,6653357569427524128,3.0,3.25,26,0.7997516851527333,nan,nan,2771086,3694492,923566,0
4.0,0.0,77,2,6653357569427524128,3.0,3.25,26,0.5328014244711595,nan,nan,2771086,3694492,923566,0
4.0,0.0,77,3,6653357569427524128,3.0,3.25,26,0.3041741263729327,nan,nan,2771086,3694492,923566,0
4.0,0.0,78,1,254730464999288074,3.0,3.25,26,0.7995640868264585,nan,nan,2480243,3308593,828510,0
4.0,0.0,78,2,254730464999288074,3.0,3.25,26,0.532676963112779,nan,nan,2480243,3308593,828510,0
4.0,0.0,78,3,254730464999288074,3.0,3.25,26,0.3041027816717289,nan,nan,2480243,3308593,828510,0
4.0,0.0,79,1,14316693590613883983,3.0,3.25,26,0.800498650573606,nan,nan,2390720,3184486,793927,0
4.0,0.0,79,2,14316693590613883983,3.0,3.25,26,0.5344741519134965,nan,nan,2390720,3184486,793927,0
4.0,0.0,79,3,14316693590613883983,3.0,3.25,26,0.3066599475755492,nan,nan,2390720,3184486,793927,0
4.0,0.0,80,1,3198286033552424550,3.0,3.25,26,0.8000379649406789,nan,nan,2489360,3317011,827811,0
4.0,0.0,80,2,3198286033552424550,3.0,3.25,26,0.5338866334902301,nan,nan,2489360,3317011,827811,0
4.0,0.0,80,3,3198286033552424550,3.0,3.25,26,0.305495467794028,nan,nan,2489360,3317011,827811,0
4.0,0.0,81,1,7450106639842375097,3.0,3.25,26,0.7999150843974948,nan,nan,2210823,2948830,738167,0
4.0,0.0,81,2,7450106639842375097,3.0,3.25,26,0.5330902721078294,nan,nan,2210823,2948830,738167,0
4.0,0.0,81,3,7450106639842375097,3.0,3.25,26,0.3043564636494185,nan,nan,2210823,2948830,738167,0
4.0,0.0,82,1,6831487717478035622,3.0,3.25,26,0.7999351505693214,nan,nan,2751872,3669602,917890,0
4.0,0.0,82,2,6831487717478035622,3.0,3.25,26,0.5337162150509687,nan,nan,2751872,3669602,917890,0
4.0,0.0,82,3,6831487717478035622,3.0,3.25,26,0.30548836665878765,nan,nan,2751872,3669602,917890,0
4.0,0.0,83,1,3182508846413054961,3.0,3.25,26,0.8005985518511315,nan,nan,2979184,3970404,991380,0
4.0,0.0,83,2,3182508846413054961,3.0,3.25,26,0.534946054254766,nan,nan,2979184,3970404,991380,0
4.0,0.0,83,3,3182508846413054961,3.0,3.25,26,0.306870836181235,nan,nan,2979184,3970404,991380,0
4.0,0.0,84,1,3043734403966530643,3.0,3.25,26,0.800155037150943,nan,nan,3048256,4066085,1017989,0
4.0,0.0,84,2,3043734403966530643,3.0,3.25,26,0.5336554597537566,nan,nan,3048256,4066085,1017989,0
4.0,0.0,84,3,3043734403966530643,3.0,3.25,26,0.30480669787605924,nan,nan,3048256,4066085,1017989,0
4.0,0.0,85,1,6459470990022450125,3.0,3.25,26,0.8001667103822186,nan,nan,2664755,3552423,887830,0
4.0,0.0,85,2,6459470990022450125,3.0,3.25,26,0.5334317111023135,nan,nan,2664755,3552423,887830,0
4.0,0.0,85,3,6459470990022450125,3.0,3.25,26,0.3049251760389469,nan,nan,2664755,3552423,887830,0
4.0,0.0,86,1,17503839104697744731,3.0,3.25,26,0.8001578132184617,nan,nan,2395687,3193986,798459,0
4.0,0.0,86,2,17503839104697744731,3.0,3.25,26,0.5339025214262325,nan,nan,2395687,3193986,798459,0
4.0,0.0,86,3,17503839104697744731,3.0,3.25,26,0.3048156429586108,nan,nan,2395687,3193986,798459,0
4.0,0.0,87,1,10269630674867187271,3.0,3.25,26,0.7997286501099629,nan,nan,3411240,4547592,1136513,0
4.0,0.0,87,2,10269630674867187271,3.0,3.25,26,0.5326522926041469,nan,nan,3411240,4547592,1136513,0
4.0,0.0,87,3,10269630674867187271,3.0,3.25,26,0.3036668515464235,nan,nan,3411240,4547592,1136513,0
4.0,0.0,88,1,16267303330932123658,3.0,3.25,26,0.7995686376173605,nan,nan,2906680,3876571,970051,0
4.0,0.0,88,2,16267303330932123658,3.0,3.25,26,0.5325434295958813,nan,nan,2906680,3876571,970051,0
4.0,0.0,88,3,16267303330932123658,3.0,3.25,26,0.30410019708416025,nan,nan,2906680,3876571,970051,0
4.0,0.0,89,1,8912927899852238862,3.0,3.25,26,0.799897510329565,nan,nan,2714089,3620140,906211,0
4.0,0.0,89,2,8912927899852238862,3.0,3.25,26,0.5336320973955483,nan,nan,2714089,3620140,906211,0
4.0,0.0,89,3,8912927899852238862,3.0,3.25,26,0.3052867940394784,nan,nan,2714089,3620140,906211,0
4.0,0.0,90,1,2038571417639714871,3.0,3.25,26,0.7997796252276881,nan,nan,2479552,3307124,827732,0
4.0,0.0,90,2,2038571417639714871,3.0,3.25,26,0.533203418693774,nan,nan,2479552,3307124,827732,0
4.0,0.0,90,3,2038571417639714871,3.0,3.25,26,0.3049901465626527,nan,nan,2479552,3307124,827732,0
4.0,0.0,91,1,15885790881675696186,3.0,3.25,26,0.8002577363008629,nan,nan,3206939,4273039,1066260,0
4.0,0.0,91,2,15885790881675696186,3.0,3.25,26,0.5336931774835999,nan,nan,3206939,4273039,1066260,0
4.0,0.0,91,3,15885790881675696186,3.0,3.25,26,0.30522125603831873,nan,nan,3206939,4273039,1066260,0
4.0,0.0,92,1,8735703675349287284,3.0,3.25,26,0.8004579405197558,nan,nan,2557993,3408949,851116,0
4.0,0.0,92,2,8735703675349287284,3.0,3.25,26,0.5342430989807174,nan,nan,2557993,3408949,851116,0
4.0,0.0,92,3,8735703675349287284,3.0,3.25,26,0.30542106014764864,nan,nan,2557993,3408949,851116,0
4.0,0.0,93,1,11199879243385260024,3.0,3.25,26,0.8001107861082069,nan,nan,2792059,3722504,930606,0
4.0,0.0,93,2,11199879243385260024,3.0,3.25,26,0.5336274300893601,nan,nan,2792059,3722504,930606,0
4.0,0.0,93,3,11199879243385260024,3.0,3.25,26,0.30521251692260964,nan,nan,2792059,3722504,930606,0
4.0,0.0,94,1,14980278285815089795,3.0,3.25,26,0.799553181040176,nan,nan,2254325,3005440,751276,0
4.0,0.0,94,2,14980278285815089795,3.0,3.25,26,0.5324063842508006,nan,nan,2254325,3005440,751276,0
4.0,0.0,94,3,14980278285815089795,3.0,3.25,26,0.3042157380103871,nan,nan,2254325,3005440,751276,0
4.0,0.0,95,1,7874617196537949930,3.0,3.25,26,0.8000963614893389,nan,nan,3049918,4064473,1014715,0
4.0,0.0,95,2,7874617196537949930,3.0,3.25,26,0.5332075614330917,nan,nan,3049918,4064473,1014715,0
4.0,0.0,95,3,7874617196537949930,3.0,3.25,26,0.30443349651401,nan,nan,3049918,4064473,1014715,0
4.0,0.0,96,1,17330281357767398685,3.0,3.25,26,0.7999042086311939,nan,nan,3047806,4062893,1015247,0
4.0,0.0,96,2,17330281357767398685,3.0,3.25,26,0.5330131821204198,nan,nan,3047806,4062893,1015247,0
4.0,0.0,96,3,17330281357767398685,3.0,3.25,26,0.3042262762423069,nan,nan,3047806,4062893,1015247,0
4.0,0.0,97,1,5489513581278705463,3.0,3.25,26,0.8006425435598478,nan,nan,2395310,3192530,797380,0
4.0,0.0,97,2,5489513581278705463,3.0,3.25,26,0.5340487072522766,nan,nan,2395310,3192530,797380,0
4.0,0.0,97,3,5489513581278705463,3.0,3.25,26,0.30538465277942656,nan,nan,2395310,3192530,797380,0
4.0,0.0,98,1,13335528745821337150,3.0,3.25,26,0.8001836948407482,nan,nan,2771408,3695906,924659,0
4.0,0.0,98,2,13335528745821337150,3.0,3.25,26,0.5339583681037806,nan,nan,2771408,3695906,924659,0
4.0,0.0,98,3,13335528745821337150,3.0,3.25,26,0.3055467094254068,nan,nan,2771408,3695906,924659,0
4.0,0.0,99,1,12700594345242137114,3.0,3.25,26,0.7998550287143543,nan,nan,2859246,3812797,953712,0
4.0,0.0,99,2,12700594345242137114,3.0,3.25,26,0.5326087054161036,nan,nan,2859246,3812797,953712,0
4.0,0.0,99,3,12700594345242137114,3.0,3.25,26,0.3039215637198874,nan,nan,2859246,3812797,953712,0
4.0,0.0,100,1,14036197055013202872,3.0,3.25,26,0.8002500503422062,nan,nan,2392324,3189125,796962,0
4.0,0.0,100,2,14036197055013202872,3.0,3.25,26,0.533741013711911,nan,nan,2392324,3189125,796962,0
4.0,0.0,100,3,14036197055013202872,3.0,3.25,26,0.3057064522187857,nan,nan,2392324,3189125,796962,0
4.0,0.0,101,1,2438771210919162986,3.0,3.25,26,0.8006593141755788,nan,nan,2537738,3383109,845531,0
4.0,0.0,101,2,2438771210919162986,3.0,3.25,26,0.5350315600832901,nan,nan,2537738,3383109,845531,0
4.0,0.0,101,3,2438771210919162986,3.0,3.25,26,0.30702039553889476,nan,nan,2537738,3383109,845531,0
4.0,0.0,102,1,7440066367335125892,3.0,3.25,26,0.7999476443442861,nan,nan,3365280,4487986,1122866,0
4.0,0.0,102,2,7440066367335125892,3.0,3.25,26,0.5334983113812686,nan,nan,3365280,4487986,1122866,0
4.0,0.0,102,3,7440066367335125892,3.0,3.25,26,0.3052076583743861,nan,nan,3365280,4487986,1122866,0
4.0,0.0,103,1,11222732983542581347,3.0,3.25,26,0.7997371717134408,nan,nan,2336146,3116091,780106,0
4.0,0.0,103,2,11222732983542581347,3.0,3.25,26,0.5322638155612011,nan,nan,2336146,3116091,780106,0
4.0,0.0,103,3,11222732983542581347,3.0,3.25,26,0.30242607314382347,nan,nan,2336146,3116091,780106,0
4.0,0.0,104,1,4252269754362090908,3.0,3.25,26,0.7999907627597959,nan,nan,3000435,3998464,998189,0
4.0,0.0,104,2,4252269754362090908,3.0,3.25,26,0.5331677212280336,nan,nan,3000435,3998464,998189,0
4.0,0.0,104,3,4252269754362090908,3.0,3.25,26,0.3048937701240141,nan,nan,3000435,3998464,998189,0
4.0,0.0,105,1,18107217487021992040,3.0,3.25,26,0.7998833254140941,nan,nan,2799712,3732211,932659,0
4.0,0.0,105,2,18107217487021992040,3.0,3.25,26,0.5333946853458332,nan,nan,2799712,3732211,932659,0
4.0,0.0,105,3,18107217487021992040,3.0,3.25,26,0.30500610272805734,nan,nan,2799712,3732211,932659,0
4.0,0.0,106,1,13339236461143448677,3.0,3.25,26,0.7998142788692508,nan,nan,3248220,4331407,1083347,0
4.0,0.0,106,2,13339236461143448677,3.0,3.25,26,0.5328766717232379,nan,nan,3248220,4331407,1083347,0
4.0,0.0,106,3,13339236461143448677,3.0,3.25,26,0.30443467463786994,nan,nan,3248220,4331407,1083347,0
4.0,0.0,107,1,15078021127746560318,3.0,3.25,26,0.8001136476843244,nan,nan,3002869,4002111,999403,0
4.0,0.0,107,2,15078021127746560318,3.0,3.25,26,0.5338438647166737,nan,nan,3002869,4002111,999403,0
4.0,0.0,107,3,15078021127746560318,3.0,3.25,26,0.30519831759735905,nan,nan,3002869,4002111,999403,0
4.0,0.0,108,1,14471383567149801018,3.0,3.25,26,0.8002357886764967,nan,nan,2640331,3521321,881150,0
4.0,0.0,108,2,14471383567149801018,3.0,3.25,26,0.5334145270606224,nan,nan,2640331,3521321,881150,0
4.0,0.0,108,3,14471383567149801018,3.0,3.25,26,0.3042514407256902,nan,nan,2640331,3521321,881150,0
4.0,0.0,109,1,10169242475562542742,3.0,3.25,26,0.8000401840157557,nan,nan,2475224,3299280,824217,0
4.0,0.0,109,2,10169242475562542742,3.0,3.25,26,0.5326256505194102,nan,nan,2475224,3299280,824217,0
4.0,0.0,109,3,10169242475562542742,3.0,3.25,26,0.30404175791180005,nan,nan,2475224,3299280,824217,0
4.0,0.0,110,1,9574560227250085297,3.0,3.25,26,0.7995508418681543,nan,nan,2530069,3375176,845267,0
4.0,0.0,110,2,9574560227250085297,3.0,3.25,26,0.5326162036289371,nan,nan,2530069,3375176,845267,0
4.0,0.0,110,3,9574560227250085297,3.0,3.25,26,0.30408395622121176,nan,nan,2530069,3375176,845267,0
4.0,0.0,111,1,15049464295916703378,3.0,3.25,26,0.8004096852196327,nan,nan,2343638,3123042,779564,0
4.0,0.0,111,2,15049464295916703378,3.0,3.25,26,0.5342400855430002,nan,nan,2343638,3123042,779564,0
4.0,0.0,111,3,15049464295916703378,3.0,3.25,26,0.30605771036536944,nan,nan,2343638,3123042,779564,0
4.0,0.0,112,1,6971843482980688182,3.0,3.25,26,0.8001098957373944,nan,nan,3029302,4039939,1010799,0
4.0,0.0,112,2,6971843482980688182,3.0,3.25,26,0.5332995525015447,nan,nan,3029302,4039939,1010799,0
4.0,0.0,112,3,6971843482980688182,3.0,3.25,26,0.3048017521132118,nan,nan,3029302,4039939,1010799,0
4.0,0.0,113,1,10720183299689201452,3.0,3.25,26,0.8001585025318977,nan,nan,3058472,4076723,1018411,0
4.0,0.0,113,2,10720183299689201452,3.0,3.25,26,0.5337119078690701,nan,nan,3058472,4076723,1018411,0
4.0,0.0,113,3,10720183299689201452,3.0,3.25,26,0.3050148988512392,nan,nan,3058472,4076723,1018411,0
4.0,0.0,114,1,15562095449885788099,3.0,3.25,26,0.8004513887546487,nan,nan,2760474,3677783,917469,0
4.0,0.0,114,2,15562095449885788099,3.0,3.25,26,0.5342673594653358,nan,nan,2760474,3677783,917469,0
4.0,0.0,114,3,15562095449885788099,3.0,3.25,26,0.3057546690571015,nan,nan,2760474,3677783,917469,0
4.0,0.0,115,1,11070689711172253049,3.0,3.25,26,0.8000347315622951,nan,nan,3024919,4031930,1007171,0
4.0,0.0,115,2,11070689711172253049,3.0,3.25,26,0.5330275376694918,nan,nan,3024919,4031930,1007171,0
4.0,0.0,115,3,11070689711172253049,3.0,3.25,26,0.3042712414343076,nan,nan,3024919,4031930,1007171,0
4.0,0.0,116,1,440569171169073983,3.0,3.25,26,0.7996862128135505,nan,nan,2727136,3637040,910064,0
4.0,0.0,116,2,440569171169073983,3.0,3.25,26,0.5333454997193232,nan,nan,2727136,3637040,910064,0
4.0,0.0,116,3,440569171169073983,3.0,3.25,26,0.3050413155480827,nan,nan,2727136,3637040,910064,0
4.0,0.0,117,1,17284934821272300071,3.0,3.25,26,0.8000104968425693,nan,nan,2780295,3706368,926233,0
4.0,0.0,117,2,17284934821272300071,3.0,3.25,26,0.5340796524885347,nan,nan,2780295,3706368,926233,0
4.0,0.0,117,3,17284934821272300071,3.0,3.25,26,0.30576065160387017,nan,nan,2780295,3706368,926233,0
4.0,0.0,118,1,18437648866768666154,3.0,3.25,26,0.7995656045006394,nan,nan,3237301,4315499,1078359,0
4.0,0.0,118,2,18437648866768666154,3.0,3.25,26,0.5326285832805634,nan,nan,3237301,4315499,1078359,0
4.0,0.0,118,3,18437648866768666154,3.0,3.25,26,0.3038457114786849,nan,nan,3237301,4315499,1078359,0
4.0,0.0,119,1,15790524317092764811,3.0,3.25,26,0.8003745612808852,nan,nan,2993802,3990886,997244,0
4.0,0.0,119,2,15790524317092764811,3.0,3.25,26,0.5338009708291884,nan,nan,2993802,3990886,997244,0
4.0,0.0,119,3,15790524317092764811,3.0,3.25,26,0.30512174112507634,nan,nan,2993802,3990886,997244,0
4.0,0.25,0,1,9923896549559736484,3.0,3.25,26,0.8045437438286894,nan,nan,1211430,1730838,432665,86903
4.0,0.25,0,2,9923896549559736484,3.0,3.25,26,0.541117195903839,nan,nan,1211430,1730838,432665,86903
4.0,0.25,0,3,9923896549559736484,3.0,3.25,26,0.31197188457405606,nan,nan,1211430,1730838,432665,86903
4.0,0.25,1,1,1514721485062087793,3.0,3.25,26,0.8060871839896803,nan,nan,1488366,2124949,529449,107294
4.0,0.25,1,2,1514721485062087793,3.0,3.25,26,0.5438267849846976,nan,nan,1488366,2124949,529449,107294
4.0,0.25,1,3,1514721485062087793,3.0,3.25,26,0.3152287251751147,nan,nan,1488366,2124949,529449,107294
4.0,0.25,2,1,192504462100275244,3.0,3.25,26,0.8062012750230654,nan,nan,1574619,2247925,560582,112888
4.0,0.25,2,2,192504462100275244,3.0,3.25,26,0.5439320127819595,nan,nan,1574619,2247925,560582,112888
4.0,0.25,2,3,192504462100275244,3.0,3.25,26,0.3151236263113099,nan,nan,1574619,2247925,560582,112888
4.0,0.25,3,1,15631473130076531198,3.0,3.25,26,0.8054714813254302,nan,nan,1682650,2402801,599667,120644
4.0,0.25,3,2,15631473130076531198,3.0,3.25,26,0.542153482274678,nan,nan,1682650,2402801,599667,120644
4.0,0.25,3,3,15631473130076531198,3.0,3.25,26,0.31331670758091457,nan,nan,1682650,2402801,599667,120644
4.0,0.25,4,1,13841762495922009818,3.0,3.25,26,0.8048698946091845,nan,nan,1384049,1976311,493756,98666
4.0,0.25,4,2,13841762495922009818,3.0,3.25,26,0.5407427961893954,nan,nan,1384049,1976311,493756,98666
4.0,0.25,4,3,13841762495922009818,3.0,3.25,26,0.3115206312428092,nan,nan,1384049,1976311,493756,98666
4.0,0.25,5,1,7841152393620221156,3.0,3.25,26,0.8051341326335781,nan,nan,1536288,2198403,551190,111085
4.0,0.25,5,2,7841152393620221156,3.0,3.25,26,0.5409119596935277,nan,nan,1536288,2198403,551190,111085
4.0,0.25,5,3,7841152393620221156,3.0,3.25,26,0.31106949116506993,nan,nan,1536288,2198403,551190,111085
4.0,0.25,6,1,9044740385905195550,3.0,3.25,26,0.8049408206886881,nan,nan,1459292,2085020,520939,104949
4.0,0.25,6,2,9044740385905195550,3.0,3.25,26,0.5415371654598499,nan,nan,1459292,2085020,520939,104949
4.0,0.25,6,3,9044740385905195550,3.0,3.25,26,0.3125306900561787,nan,nan,1459292,2085020,520939,104949
4.0,0.25,7,1,11950110637023647045,3.0,3.25,26,0.8052082787616719,nan,nan,1358713,1941509,485547,97409
4.0,0.25,7,2,11950110637023647045,3.0,3.25,26,0.542060525473421,nan,nan,1358713,1941509,485547,97409
4.0,0.25,7,3,11950110637023647045,3.0,3.25,26,0.3135236851418873,nan,nan,1358713,1941509,485547,97409
4.0,0.25,8,1,7160736741169118443,3.0,3.25,26,0.8050884132372113,nan,nan,1685429,2408091,601962,120860
4.0,0.25,8,2,7160736741169118443,3.0,3.25,26,0.541641487660078,nan,nan,1685429,2408091,601962,120860
4.0,0.25,8,3,7160736741169118443,3.0,3.25,26,0.3130836865047903,nan,nan,1685429,2408091,601962,120860
4.0,0.25,9,1,10343472324651691384,3.0,3.25,26,0.8059192425000336,nan,nan,1573539,2248316,561706,113231
4.0,0.25,9,2,10343472324651691384,3.0,3.25,26,0.543042710185685,nan,nan,1573539,2248316,561706,113231
4.0,0.25,9,3,10343472324651691384,3.0,3.25,26,0.31409297696261923,nan,nan,1573539,2248316,561706,113231
4.0,0.25,10,1,2418444995597143708,3.0,3.25,26,0.805270911786445,nan,nan,1416798,2025129,506615,101876
4.0,0.25,10,2,2418444995597143708,3.0,3.25,26,0.5418200823132812,nan,nan,1416798,2025129,506615,101876
4.0,0.25,10,3,2418444995597143708,3.0,3.25,26,0.3127157374901763,nan,nan,1416798,2025129,506615,101876
4.0,0.25,11,1,1991524832318529928,3.0,3.25,26,0.8047839655718969,nan,nan,1589925,2273635,569148,114723
4.0,0.25,11,2,1991524832318529928,3.0,3.25,26,0.5409574496601481,nan,nan,1589925,2273635,569148,114723
4.0,0.25,11,3,1991524832318529928,3.0,3.25,26,0.31199302150717567,nan,nan,1589925,2273635,569148,114723
4.0,0.25,12,1,2999104214630291192,3.0,3.25,26,0.8048959921281233,nan,nan,1474456,2106730,526324,106111
4.0,0.25,12,2,2999104214630291192,3.0,3.25,26,0.5409047658685032,nan,nan,1474456,2106730,526324,106111
4.0,0.25,12,3,2999104214630291192,3.0,3.25,26,0.31139041082467345,nan,nan,1474456,2106730,526324,106111
4.0,0.25,13,1,9058385837009591277,3.0,3.25,26,0.8054101669999312,nan,nan,1455438,2082857,522237,105342
4.0,0.25,13,2,9058385837009591277,3.0,3.25,26,0.5418145320900246,nan,nan,1455438,2082857,522237,105342
4.0,0.25,13,3,9058385837009591277,3.0,3.25,26,0.3128277920859798,nan,nan,1455438,2082857,522237,105342
4.0,0.25,14,1,669412091512067671,3.0,3.25,26,0.8061030871172877,nan,nan,1141104,1628052,406002,81106
4.0,0.25,14,2,669412091512067671,3.0,3.25,26,0.5439472294449674,nan,nan,1141104,1628052,406002,81106
4.0,0.25,14,3,669412091512067671,3.0,3.25,26,0.315347062756105,nan,nan,1141104,1628052,406002,81106
4.0,0.25,15,1,16463116222338404394,3.0,3.25,26,0.8057829112899708,nan,nan,1477127,2111049,527526,106556
4.0,0.25,15,2,16463116222338404394,3.0,3.25,26,0.5428206230123622,nan,nan,1477127,2111049,527526,106556
4.0,0.25,15,3,16463116222338404394,3.0,3.25,26,0.31373932302431046,nan,nan,1477127,2111049,527526,106556
4.0,0.25,16,1,17855326738193855823,3.0,3.25,26,0.8053241915503297,nan,nan,1216415,1738578,434118,88206
4.0,0.25,16,2,17855326738193855823,3.0,3.25,26,0.5422515775652292,nan,nan,1216415,1738578,434118,88206
4.0,0.25,16,3,17855326738193855823,3.0,3.25,26,0.3139421809659876,nan,nan,1216415,1738578,434118,88206
4.0,0.25,17,1,14842485632931539262,3.0,3.25,26,0.8051413907286301,nan,nan,1459756,2086662,521259,105807
4.0,0.25,17,2,14842485632931539262,3.0,3.25,26,0.5415238303483708,nan,nan,1459756,2086662,521259,105807
4.0,0.25,17,3,14842485632931539262,3.0,3.25,26,0.31194560355762246,nan,nan,1459756,2086662,521259,105807
4.0,0.25,18,1,16030798160549392857,3.0,3.25,26,0.8059337292221682,nan,nan,1575170,2248336,560466,112860
4.0,0.25,18,2,16030798160549392857,3.0,3.25,26,0.5429966286768262,nan,nan,1575170,2248336,560466,112860
4.0,0.25,18,3,16030798160549392857,3.0,3.25,26,0.3133320641745232,nan,nan,1575170,2248336,560466,112860
4.0,0.25,19,1,18324014350025543176,3.0,3.25,26,0.8057065665682787,nan,nan,1318924,1884112,470844,94504
4.0,0.25,19,2,18324014350025543176,3.0,3.25,26,0.5428553825195599,nan,nan,1318924,1884112,470844,94504
4.0,0.25,19,3,18324014350025543176,3.0,3.25,26,0.31418456642674947,nan,nan,1318924,1884112,470844,94504
4.0,0.25,20,1,13834648444981837432,3.0,3.25,26,0.8057747902230197,nan,nan,1604563,2294641,574936,115302
4.0,0.25,20,2,13834648444981837432,3.0,3.25,26,0.5426298569230924,nan,nan,1604563,2294641,574936,115302
4.0,0.25,20,3,13834648444981837432,3.0,3.25,26,0.31371105482776657,nan,nan,1604563,2294641,574936,115302
4.0,0.25,21,1,6302054977729619949,3.0,3.25,26,0.8054796327366394,nan,nan,1514303,2160158,537401,108614
4.0,0.25,21,2,6302054977729619949,3.0,3.25,26,0.5417428286861062,nan,nan,1514303,2160158,537401,108614
4.0,0.25,21,3,6302054977729619949,3.0,3.25,26,0.31232070765632314,nan,nan,1514303,2160158,537401,108614
4.0,0.25,22,1,9599768309745012759,3.0,3.25,26,0.8055563416929818,nan,nan,1268860,1811050,451385,90968
4.0,0.25,22,2,9599768309745012759,3.0,3.25,26,0.5424000424614169,nan,nan,1268860,1811050,451385,90968
4.0,0.25,22,3,9599768309745012759,3.0,3.25,26,0.3132236827017827,nan,nan,1268860,1811050,451385,90968
4.0,0.25,23,1,8531933216023743545,3.0,3.25,26,0.8050524965513188,nan,nan,1496323,2139116,535493,107462
4.0,0.25,23,2,8531933216023743545,3.0,3.25,26,0.540811584176658,nan,nan,1496323,2139116,535493,107462
4.0,0.25,23,3,8531933216023743545,3.0,3.25,26,0.31115913059216643,nan,nan,1496323,2139116,535493,107462
4.0,0.25,24,1,13937204935053295466,3.0,3.25,26,0.8055203640025004,nan,nan,1584988,2262671,564906,112937
4.0,0.25,24,2,13937204935053295466,3.0,3.25,26,0.5431349264923896,nan,nan,1584988,2262671,564906,112937
4.0,0.25,24,3,13937204935053295466,3.0,3.25,26,0.31441259306405467,nan,nan,1584988,2262671,564906,112937
4.0,0.25,25,1,7100527889028626884,3.0,3.25,26,0.8054953945976295,nan,nan,1692876,2418300,603840,121746
4.0,0.25,25,2,7100527889028626884,3.0,3.25,26,0.5427046100370233,nan,nan,1692876,2418300,603840,121746
4.0,0.25,25,3,7100527889028626884,3.0,3.25,26,0.313895316998381,nan,nan,1692876,2418300,603840,121746
4.0,0.25,26,1,17199761544615983333,3.0,3.25,26,0.8045943328601912,nan,nan,1832640,2621681,656970,132231
4.0,0.25,26,2,17199761544615983333,3.0,3.25,26,0.5407232056347812,nan,nan,1832640,2621681,656970,132231
4.0,0.25,26,3,17199761544615983333,3.0,3.25,26,0.3121799616751822,nan,nan,1832640,2621681,656970,132231
4.0,0.25,27,1,1814742471570147833,3.0,3.25,26,0.8053605042998971,nan,nan,1649356,2355894,587975,118723
4.0,0.25,27,2,1814742471570147833,3.0,3.25,26,0.5417327375483644,nan,nan,1649356,2355894,587975,118723
4.0,0.25,27,3,1814742471570147833,3.0,3.25,26,0.3123804439024328,nan,nan,1649356,2355894,587975,118723
4.0,0.25,28,1,9865050839721262746,3.0,3.25,26,0.8049983745672868,nan,nan,1307513,1870105,468453,94300
4.0,0.25,28,2,9865050839721262746,3.0,3.25,26,0.5420573647578162,nan,nan,1307513,1870105,468453,94300
4.0,0.25,28,3,9865050839721262746,3.0,3.25,26,0.3134014563371318,nan,nan,1307513,1870105,468453,94300
4.0,0.25,29,1,3199159479359915628,3.0,3.25,26,0.8045930604144788,nan,nan,1530417,2186384,546310,109817
4.0,0.25,29,2,3199159479359915628,3.0,3.25,26,0.5404496646658858,nan,nan,1530417,2186384,546310,109817
4.0,0.25,29,3,3199159479359915628,3.0,3.25,26,0.3110319820440439,nan,nan,1530417,2186384,546310,109817
4.0,0.25,30,1,4988171873942646120,3.0,3.25,26,0.8061480826941364,nan,nan,1526159,2179977,544142,109837
4.0,0.25,30,2,4988171873942646120,3.0,3.25,26,0.5441066086724593,nan,nan,1526159,2179977,544142,109837
4.0,0.25,30,3,4988171873942646120,3.0,3.25,26,0.31534950591769817,nan,nan,1526159,2179977,544142,109837
4.0,0.25,31,1,1643636335250113142,3.0,3.25,26,0.8052254943635871,nan,nan,1534905,2194287,548973,110570
4.0,0.25,31,2,1643636335250113142,3.0,3.25,26,0.542386558841702,nan,nan,1534905,2194287,548973,110570
4.0,0.25,31,3,1643636335250113142,3.0,3.25,26,0.3132689620195262,nan,nan,1534905,2194287,548973,110570
4.0,0.25,32,1,14432504848633719404,3.0,3.25,26,0.8050909010131085,nan,nan,1508557,2155357,538589,108371
4.0,0.25,32,2,14432504848633719404,3.0,3.25,26,0.5410765559624762,nan,nan,1508557,2155357,538589,108371
4.0,0.25,32,3,14432504848633719404,3.0,3.25,26,0.3121531147138217,nan,nan,1508557,2155357,538589,108371
4.0,0.25,33,1,3972291184756823849,3.0,3.25,26,0.8055490603741936,nan,nan,1219507,1741659,434722,87591
4.0,0.25,33,2,3972291184756823849,3.0,3.25,26,0.5423015359445907,nan,nan,1219507,1741659,434722,87591
4.0,0.25,33,3,3972291184756823849,3.0,3.25,26,0.31316930078519883,nan,nan,1219507,1741659,434722,87591
4.0,0.25,34,1,14439454581131975673,3.0,3.25,26,0.8050457161050036,nan,nan,1719082,2457369,614098,124349
4.0,0.25,34,2,14439454581131975673,3.0,3.25,26,0.5422552221107595,nan,nan,1719082,2457369,614098,124349
4.0,0.25,34,3,14439454581131975673,3.0,3.25,26,0.3139400053090655,nan,nan,1719082,2457369,614098,124349
4.0,0.25,35,1,3235975595026599272,3.0,3.25,26,0.8057991947819308,nan,nan,1437849,2053103,512511,102903
4.0,0.25,35,2,3235975595026599272,3.0,3.25,26,0.5430659758237952,nan,nan,1437849,2053103,512511,102903
4.0,0.25,35,3,3235975595026599272,3.0,3.25,26,0.3147566635677666,nan,nan,1437849,2053103,512511,102903
4.0,0.25,36,1,11828030102059511841,3.0,3.25,26,0.8065438428025538,nan,nan,1232005,1758357,438424,88088
4.0,0.25,36,2,11828030102059511841,3.0,3.25,26,0.5449407090185766,nan,nan,1232005,1758357,438424,88088
4.0,0.25,36,3,11828030102059511841,3.0,3.25,26,0.3163126806450459,nan,nan,1232005,1758357,438424,88088
4.0,0.25,37,1,9831044556029616373,3.0,3.25,26,0.8048052486669579,nan,nan,1579746,2258487,564982,113919
4.0,0.25,37,2,9831044556029616373,3.0,3.25,26,0.5404094178554082,nan,nan,1579746,2258487,564982,113919
4.0,0.25,37,3,9831044556029616373,3.0,3.25,26,0.3114081053635577,nan,nan,1579746,2258487,564982,113919
4.0,0.25,38,1,5325508027559346766,3.0,3.25,26,0.8043582568730847,nan,nan,1345135,1922341,480948,96418
4.0,0.25,38,2,5325508027559346766,3.0,3.25,26,0.540546391881555,nan,nan,1345135,1922341,480948,96418
4.0,0.25,38,3,5325508027559346766,3.0,3.25,26,0.3113538154761208,nan,nan,1345135,1922341,480948,96418
4.0,0.25,39,1,4499429370093358349,3.0,3.25,26,0.8059590213395448,nan,nan,1665764,2381301,596176,119521
4.0,0.25,39,2,4499429370093358349,3.0,3.25,26,0.5429341551541772,nan,nan,1665764,2381301,596176,119521
4.0,0.25,39,3,4499429370093358349,3.0,3.25,26,0.31407466304270903,nan,nan,1665764,2381301,596176,119521
4.0,0.25,40,1,4892580701384082082,3.0,3.25,26,0.8051725903938103,nan,nan,1554930,2219679,553747,111162
4.0,0.25,40,2,4892580701384082082,3.0,3.25,26,0.5416354855335233,nan,nan,1554930,2219679,553747,111162
4.0,0.25,40,3,4892580701384082082,3.0,3.25,26,0.31266547063471495,nan,nan,1554930,2219679,553747,111162
4.0,0.25,41,1,11061628485973365954,3.0,3.25,26,0.8050401413261121,nan,nan,1424638,2035486,508574,102434
4.0,0.25,41,2,11061628485973365954,3.0,3.25,26,0.5412972323293798,nan,nan,1424638,2035486,508574,102434
4.0,0.25,41,3,11061628485973365954,3.0,3.25,26,0.31317641223377535,nan,nan,1424638,2035486,508574,102434
4.0,0.25,42,1,4745074170833395845,3.0,3.25,26,0.8063418687158088,nan,nan,1325624,1894432,473238,95731
4.0,0.25,42,2,4745074170833395845,3.0,3.25,26,0.5439075013499299,nan,nan,1325624,1894432,473238,95731
4.0,0.25,42,3,4745074170833395845,3.0,3.25,26,0.31457184759347034,nan,nan,1325624,1894432,473238,95731
4.0,0.25,43,1,12266003525151481533,3.0,3.25,26,0.8049406465923266,nan,nan,1332862,1906254,477034,96521
4.0,0.25,43,2,12266003525151481533,3.0,3.25,26,0.5414632919200508,nan,nan,1332862,1906254,477034,96521
4.0,0.25,43,3,12266003525151481533,3.0,3.25,26,0.31245921967867957,nan,nan,1332862,1906254,477034,96521
4.0,0.25,44,1,12915357211444725721,3.0,3.25,26,0.805493889303253,nan,nan,1774772,2535100,633111,127379
4.0,0.25,44,2,12915357211444725721,3.0,3.25,26,0.5418176683363846,nan,nan,1774772,2535100,633111,127379
4.0,0.25,44,3,12915357211444725721,3.0,3.25,26,0.312466777289556,nan,nan,1774772,2535100,633111,127379
4.0,0.25,45,1,9086753895524710791,3.0,3.25,26,0.8055399216197533,nan,nan,1665777,2381346,595933,119796
4.0,0.25,45,2,9086753895524710791,3.0,3.25,26,0.5425462789873083,nan,nan,1665777,2381346,595933,119796
4.0,0.25,45,3,9086753895524710791,3.0,3.25,26,0.31364107339414826,nan,nan,1665777,2381346,595933,119796
4.0,0.25,46,1,16598774125661039048,3.0,3.25,26,0.8055858660511427,nan,nan,1725646,2465417,616121,123810
4.0,0.25,46,2,16598774125661039048,3.0,3.25,26,0.5416676447005265,nan,nan,1725646,2465417,616121,123810
4.0,0.25,46,3,16598774125661039048,3.0,3.25,26,0.31244693762140846,nan,nan,1725646,2465417,616121,123810
4.0,0.25,47,1,10190960411603204332,3.0,3.25,26,0.8056542956495562,nan,nan,1869788,2668834,665802,133408
4.0,0.25,47,2,10190960411603204332,3.0,3.25,26,0.5423360979850732,nan,nan,1869788,2668834,665802,133408
4.0,0.25,47,3,10190960411603204332,3.0,3.25,26,0.3131199625878281,nan,nan,1869788,2668834,665802,133408
4.0,0.25,48,1,17267865958456627409,3.0,3.25,26,0.8053963311770619,nan,nan,1261124,1803200,451320,90916
4.0,0.25,48,2,17267865958456627409,3.0,3.25,26,0.5428326530954896,nan,nan,1261124,1803200,451320,90916
4.0,0.25,48,3,17267865958456627409,3.0,3.25,26,0.3141976421164909,nan,nan,1261124,1803200,451320,90916
4.0,0.25,49,1,12852244088964598149,3.0,3.25,26,0.8052995691065826,nan,nan,1439347,2057087,513916,103984
4.0,0.25,49,2,12852244088964598149,3.0,3.25,26,0.5416844443973368,nan,nan,1439347,2057087,513916,103984
4.0,0.25,49,3,12852244088964598149,3.0,3.25,26,0.3121843170636961,nan,nan,1439347,2057087,513916,103984
4.0,0.25,50,1,1616234928819276849,3.0,3.25,26,0.8047702404079101,nan,nan,1671275,2388752,597613,120025
4.0,0.25,50,2,1616234928819276849,3.0,3.25,26,0.5417033045064622,nan,nan,1671275,2388752,597613,120025
4.0,0.25,50,3,1616234928819276849,3.0,3.25,26,0.31309249670204237,nan,nan,1671275,2388752,597613,120025
4.0,0.25,51,1,10021126751523188307,3.0,3.25,26,0.8057353197012064,nan,nan,1467594,2095249,523298,104517
4.0,0.25,51,2,10021126751523188307,3.0,3.25,26,0.543350186651515,nan,nan,1467594,2095249,523298,104517
4.0,0.25,51,3,10021126751523188307,3.0,3.25,26,0.31509145286475054,nan,nan,1467594,2095249,523298,104517
4.0,0.25,52,1,10363037530537952165,3.0,3.25,26,0.8054921386738076,nan,nan,1457822,2084318,521769,104887
4.0,0.25,52,2,10363037530537952165,3.0,3.25,26,0.5427331497001054,nan,nan,1457822,2084318,521769,104887
4.0,0.25,52,3,10363037530537952165,3.0,3.25,26,0.3142291295320056,nan,nan,1457822,2084318,521769,104887
4.0,0.25,53,1,2378565573137162986,3.0,3.25,26,0.8051857830467308,nan,nan,1504180,2149432,537517,107895
4.0,0.25,53,2,2378565573137162986,3.0,3.25,26,0.5414830178926829,nan,nan,1504180,2149432,537517,107895
4.0,0.25,53,3,2378565573137162986,3.0,3.25,26,0.3126095017574337,nan,nan,1504180,2149432,537517,107895
4.0,0.25,54,1,870577198780821286,3.0,3.25,26,0.805100223642478,nan,nan,1566700,2239189,560326,112323
4.0,0.25,54,2,870577198780821286,3.0,3.25,26,0.5415948661974235,nan,nan,1566700,2239189,560326,112323
4.0,0.25,54,3,870577198780821286,3.0,3.25,26,0.31239557198907975,nan,nan,1566700,2239189,560326,112323
4.0,0.25,55,1,4425516308538707193,3.0,3.25,26,0.8048336167337159,nan,nan,1198234,1713209,428842,86293
4.0,0.25,55,2,4425516308538707193,3.0,3.25,26,0.5405123722759577,nan,nan,1198234,1713209,428842,86293
4.0,0.25,55,3,4425516308538707193,3.0,3.25,26,0.31137812527351194,nan,nan,1198234,1713209,428842,86293
4.0,0.25,56,1,16607995292389361445,3.0,3.25,26,0.8057288860748884,nan,nan,1848652,2641047,659877,132678
4.0,0.25,56,2,16607995292389361445,3.0,3.25,26,0.5434009512013366,nan,nan,1848652,2641047,659877,132678
4.0,0.25,56,3,16607995292389361445,3.0,3.25,26,0.31464013294079507,nan,nan,1848652,2641047,659877,132678
4.0,0.25,57,1,11107673943258070014,3.0,3.25,26,0.8045859524986703,nan,nan,1606982,2298134,575624,115690
4.0,0.25,57,2,11107673943258070014,3.0,3.25,26,0.5408151307185514,nan,nan,1606982,2298134,575624,115690
4.0,0.25,57,3,11107673943258070014,3.0,3.25,26,0.3117333055762861,nan,nan,1606982,2298134,575624,115690
4.0,0.25,58,1,4146030016104050664,3.0,3.25,26,0.8057381702139044,nan,nan,1442122,2061333,515483,103888
4.0,0.25,58,2,4146030016104050664,3.0,3.25,26,0.5431099006546695,nan,nan,1442122,2061333,515483,103888
4.0,0.25,58,3,4146030016104050664,3.0,3.25,26,0.3142349794668667,nan,nan,1442122,2061333,515483,103888
4.0,0.25,59,1,9210668210887406186,3.0,3.25,26,0.8048868499994271,nan,nan,1512323,2162978,541644,109171
4.0,0.25,59,2,9210668210887406186,3.0,3.25,26,0.541534315293852,nan,nan,1512323,2162978,541644,109171
4.0,0.25,59,3,9210668210887406186,3.0,3.25,26,0.3126500871672224,nan,nan,1512323,2162978,541644,109171
4.0,0.25,60,1,12631571121710755449,3.0,3.25,26,0.8053151711233546,nan,nan,1237355,1769245,442597,89453
4.0,0.25,60,2,12631571121710755449,3.0,3.25,26,0.5419465104403104,nan,nan,1237355,1769245,442597,89453
4.0,0.25,60,3,12631571121710755449,3.0,3.25,26,0.31204118187681895,nan,nan,1237355,1769245,442597,89453
4.0,0.25,61,1,11732951013367471018,3.0,3.25,26,0.8051721519769668,nan,nan,1578662,2254787,562852,113433
4.0,0.25,61,2,11732951013367471018,3.0,3.25,26,0.5414679024963069,nan,nan,1578662,2254787,562852,113433
4.0,0.25,61,3,11732951013367471018,3.0,3.25,26,0.3123402679903759,nan,nan,1578662,2254787,562852,113433
4.0,0.25,62,1,2617781246335898,3.0,3.25,26,0.804574979642203,nan,nan,1649128,2357366,590175,118225
4.0,0.25,62,2,2617781246335898,3.0,3.25,26,0.5411043894502054,nan,nan,1649128,2357366,590175,118225
4.0,0.25,62,3,2617781246335898,3.0,3.25,26,0.31218053070924523,nan,nan,1649128,2357366,590175,118225
4.0,0.25,63,1,4901965360420950785,3.0,3.25,26,0.805499315122556,nan,nan,1396603,1996597,499587,100568
4.0,0.25,63,2,4901965360420950785,3.0,3.25,26,0.542829847209432,nan,nan,1396603,1996597,499587,100568
4.0,0.25,63,3,4901965360420950785,3.0,3.25,26,0.3135827693456638,nan,nan,1396603,1996597,499587,100568
4.0,0.25,64,1,6625467684256505537,3.0,3.25,26,0.8056020560517475,nan,nan,1490713,2128934,531314,107067
4.0,0.25,64,2,6625467684256505537,3.0,3.25,26,0.5420685112510936,nan,nan,1490713,2128934,531314,107067
4.0,0.25,64,3,6625467684256505537,3.0,3.25,26,0.31337883022731244,nan,nan,1490713,2128934,531314,107067
4.0,0.25,65,1,17031125669092604445,3.0,3.25,26,0.8048601509433367,nan,nan,1396361,1996361,499564,100596
4.0,0.25,65,2,17031125669092604445,3.0,3.25,26,0.5409902702914946,nan,nan,1396361,1996361,499564,100596
4.0,0.25,65,3,17031125669092604445,3.0,3.25,26,0.3124586140598875,nan,nan,1396361,1996361,499564,100596
4.0,0.25,66,1,11656784003599030811,3.0,3.25,26,0.805816082506587,nan,nan,1417955,2024836,505625,101416
4.0,0.25,66,2,11656784003599030811,3.0,3.25,26,0.5433553585946632,nan,nan,1417955,2024836,505625,101416
4.0,0.25,66,3,11656784003599030811,3.0,3.25,26,0.3145016903583381,nan,nan,1417955,2024836,505625,101416
4.0,0.25,67,1,6959453222000830024,3.0,3.25,26,0.8059458669688895,nan,nan,1440176,2058490,514594,103880
4.0,0.25,67,2,6959453222000830024,3.0,3.25,26,0.542845618311764,nan,nan,1440176,2058490,514594,103880
4.0,0.25,67,3,6959453222000830024,3.0,3.25,26,0.3134271426544851,nan,nan,1440176,2058490,514594,103880
4.0,0.25,68,1,14013930592380369175,3.0,3.25,26,0.8055610425779907,nan,nan,1501493,2145058,535917,107808
4.0,0.25,68,2,14013930592380369175,3.0,3.25,26,0.5425407528997594,nan,nan,1501493,2145058,535917,107808
4.0,0.25,68,3,14013930592380369175,3.0,3.25,26,0.3139508441036717,nan,nan,1501493,2145058,535917,107808
4.0,0.25,69,1,14877645740153972865,3.0,3.25,26,0.8050973661597403,nan,nan,1437338,2053722,513168,103377
4.0,0.25,69,2,14877645740153972865,3.0,3.25,26,0.5414587995234668,nan,nan,1437338,2053722,513168,103377
4.0,0.25,69,3,14877645740153972865,3.0,3.25,26,0.3128361721239187,nan,nan,1437338,2053722,513168,103377
4.0,0.25,70,1,291037419623189183,3.0,3.25,26,0.8057534675767708,nan,nan,1351977,1930964,482191,96957
4.0,0.25,70,2,291037419623189183,3.0,3.25,26,0.5427273527605865,nan,nan,1351977,1930964,482191,96957
4.0,0.25,70,3,291037419623189183,3.0,3.25,26,0.31437351099726835,nan,nan,1351977,1930964,482191,96957
4.0,0.25,71,1,14274140760029823799,3.0,3.25,26,0.804477996599702,nan,nan,1668192,2384985,596852,120102
4.0,0.25,71,2,14274140760029823799,3.0,3.25,26,0.5405063381166095,nan,nan,1668192,2384985,596852,120102
4.0,0.25,71,3,14274140760029823799,3.0,3.25,26,0.31145555216010934,nan,nan,1668192,2384985,596852,120102
4.0,0.25,72,1,17189899902737675867,3.0,3.25,26,0.8053478368867663,nan,nan,1453578,2078779,520352,105009
4.0,0.25,72,2,17189899902737675867,3.0,3.25,26,0.5422485848921317,nan,nan,1453578,2078779,520352,105009
4.0,0.25,72,3,17189899902737675867,3.0,3.25,26,0.3130490665397056,nan,nan,1453578,2078779,520352,105009
4.0,0.25,73,1,6999780383074363865,3.0,3.25,26,0.8052214510861334,nan,nan,1426701,2039186,509776,102870
4.0,0.25,73,2,6999780383074363865,3.0,3.25,26,0.5419100042334384,nan,nan,1426701,2039186,509776,102870
4.0,0.25,73,3,6999780383074363865,3.0,3.25,26,0.31343982836090667,nan,nan,1426701,2039186,509776,102870
4.0,0.25,74,1,5457227247989930913,3.0,3.25,26,0.805452542660418,nan,nan,1414622,2021523,505510,101552
4.0,0.25,74,2,5457227247989930913,3.0,3.25,26,0.5419495170269999,nan,nan,1414622,2021523,505510,101552
4.0,0.25,74,3,5457227247989930913,3.0,3.25,26,0.31267904490063797,nan,nan,1414622,2021523,505510,101552
4.0,0.25,75,1,9955745558842642167,3.0,3.25,26,0.8051662458188726,nan,nan,1802496,2576290,644347,129608
4.0,0.25,75,2,9955745558842642167,3.0,3.25,26,0.5417826405117863,nan,nan,1802496,2576290,644347,129608
4.0,0.25,75,3,9955745558842642167,3.0,3.25,26,0.3126618004418034,nan,nan,1802496,2576290,644347,129608
4.0,0.25,76,1,12286462392794258683,3.0,3.25,26,0.8049669262290334,nan,nan,1514445,2163424,540538,108601
4.0,0.25,76,2,12286462392794258683,3.0,3.25,26,0.5409959643258884,nan,nan,1514445,2163424,540538,108601
4.0,0.25,76,3,12286462392794258683,3.0,3.25,26,0.31163881061064685,nan,nan,1514445,2163424,540538,108601
4.0,0.25,77,1,4092210705242184270,3.0,3.25,26,0.80557462163401,nan,nan,1224712,1748263,436504,87210
4.0,0.25,77,2,4092210705242184270,3.0,3.25,26,0.5427088865112517,nan,nan,1224712,1748263,436504,87210
4.0,0.25,77,3,4092210705242184270,3.0,3.25,26,0.31320314022659146,nan,nan,1224712,1748263,436504,87210
4.0,0.25,78,1,6542872160726512810,3.0,3.25,26,0.8053517113151425,nan,nan,1539802,2199626,549521,110463
4.0,0.25,78,2,6542872160726512810,3.0,3.25,26,0.5418003710352584,nan,nan,1539802,2199626,549521,110463
4.0,0.25,78,3,6542872160726512810,3.0,3.25,26,0.31336108583891925,nan,nan,1539802,2199626,549521,110463
4.0,0.25,79,1,10379764851158301511,3.0,3.25,26,0.8051416717594441,nan,nan,1735115,2478848,619283,124610
4.0,0.25,79,2,10379764851158301511,3.0,3.25,26,0.5415019757791568,nan,nan,1735115,2478848,619283,124610
4.0,0.25,79,3,10379764851158301511,3.0,3.25,26,0.3127035439140822,nan,nan,1735115,2478848,619283,124610
4.0,0.25,80,1,927761694788890755,3.0,3.25,26,0.805813395987103,nan,nan,1258354,1797608,449259,90155
4.0,0.25,80,2,927761694788890755,3.0,3.25,26,0.5436189508481717,nan,nan,1258354,1797608,449259,90155
4.0,0.25,80,3,927761694788890755,3.0,3.25,26,0.31456643766048076,nan,nan,1258354,1797608,449259,90155
4.0,0.25,81,1,16910217749937952966,3.0,3.25,26,0.8055409824675851,nan,nan,1707674,2440504,609503,123487
4.0,0.25,81,2,16910217749937952966,3.0,3.25,26,0.5424208917847239,nan,nan,1707674,2440504,609503,123487
4.0,0.25,81,3,16910217749937952966,3.0,3.25,26,0.3134191794925206,nan,nan,1707674,2440504,609503,123487
4.0,0.25,82,1,9790491625409758979,3.0,3.25,26,0.805687254630721,nan,nan,1351845,1931631,482740,97206
4.0,0.25,82,2,9790491625409758979,3.0,3.25,26,0.5429413367955956,nan,nan,1351845,1931631,482740,97206
4.0,0.25,82,3,9790491625409758979,3.0,3.25,26,0.31483704829293274,nan,nan,1351845,1931631,482740,97206
4.0,0.25,83,1,12993907182564729883,3.0,3.25,26,0.8053503227459078,nan,nan,1472837,2104967,526414,105876
4.0,0.25,83,2,12993907182564729883,3.0,3.25,26,0.5418020670938681,nan,nan,1472837,2104967,526414,105876
4.0,0.25,83,3,12993907182564729883,3.0,3.25,26,0.3124192341583356,nan,nan,1472837,2104967,526414,105876
4.0,0.25,84,1,17236534904582566431,3.0,3.25,26,0.8050497723338216,nan,nan,1457573,2083694,521204,105077
4.0,0.25,84,2,17236534904582566431,3.0,3.25,26,0.5408830077084612,nan,nan,1457573,2083694,521204,105077
4.0,0.25,84,3,17236534904582566431,3.0,3.25,26,0.31141231865104585,nan,nan,1457573,2083694,521204,105077
4.0,0.25,85,1,1448736612107527589,3.0,3.25,26,0.805978078096258,nan,nan,1313087,1876667,469486,94255
4.0,0.25,85,2,1448736612107527589,3.0,3.25,26,0.543864994394611,nan,nan,1313087,1876667,469486,94255
4.0,0.25,85,3,1448736612107527589,3.0,3.25,26,0.31570994854525214,nan,nan,1313087,1876667,469486,94255
4.0,0.25,86,1,14199810498783435972,3.0,3.25,26,0.8044061405147042,nan,nan,1396363,1997425,500496,100727
4.0,0.25,86,2,14199810498783435972,3.0,3.25,26,0.5406693350301743,nan,nan,1396363,1997425,500496,100727
4.0,0.25,86,3,14199810498783435972,3.0,3.25,26,0.3116060564134624,nan,nan,1396363,1997425,500496,100727
4.0,0.25,87,1,7987335060850766239,3.0,3.25,26,0.8058450435405489,nan,nan,1244304,1775347,442403,88800
4.0,0.25,87,2,7987335060850766239,3.0,3.25,26,0.542472354741129,nan,nan,1244304,1775347,442403,88800
4.0,0.25,87,3,7987335060850766239,3.0,3.25,26,0.3131552503633215,nan,nan,1244304,1775347,442403,88800
4.0,0.25,88,1,12925631159215019779,3.0,3.25,26,0.8054547245252961,nan,nan,1527922,2183446,545722,109962
4.0,0.25,88,2,12925631159215019779,3.0,3.25,26,0.5424180445658755,nan,nan,1527922,2183446,545722,109962
4.0,0.25,88,3,12925631159215019779,3.0,3.25,26,0.31351319796554644,nan,nan,1527922,2183446,545722,109962
4.0,0.25,89,1,15200628919271763481,3.0,3.25,26,0.8051934339185962,nan,nan,1440462,2059330,515229,103799
4.0,0.25,89,2,15200628919271763481,3.0,3.25,26,0.5421517246776084,nan,nan,1440462,2059330,515229,103799
4.0,0.25,89,3,15200628919271763481,3.0,3.25,26,0.3130307174211025,nan,nan,1440462,2059330,515229,103799
4.0,0.25,90,1,3046761958262010481,3.0,3.25,26,0.8055807224314109,nan,nan,1543372,2204634,550807,110615
4.0,0.25,90,2,3046761958262010481,3.0,3.25,26,0.5421920122197834,nan,nan,1543372,2204634,550807,110615
4.0,0.25,90,3,3046761958262010481,3.0,3.25,26,0.31326926225394475,nan,nan,1543372,2204634,550807,110615
4.0,0.25,91,1,11168686467704598687,3.0,3.25,26,0.8053680966325932,nan,nan,1621414,2316466,579411,115802
4.0,0.25,91,2,11168686467704598687,3.0,3.25,26,0.5421169691535039,nan,nan,1621414,2316466,579411,115802
4.0,0.25,91,3,11168686467704598687,3.0,3.25,26,0.31290140010349166,nan,nan,1621414,2316466,579411,115802
4.0,0.25,92,1,6160256117396048340,3.0,3.25,26,0.8055997449623628,nan,nan,1545968,2207906,551492,110606
4.0,0.25,92,2,6160256117396048340,3.0,3.25,26,0.5430617794931619,nan,nan,1545968,2207906,551492,110606
4.0,0.25,92,3,6160256117396048340,3.0,3.25,26,0.31400119951073074,nan,nan,1545968,2207906,551492,110606
4.0,0.25,93,1,15814303862134196833,3.0,3.25,26,0.8054803342210154,nan,nan,1473892,2107028,526955,106341
4.0,0.25,93,2,15814303862134196833,3.0,3.25,26,0.5422694611989101,nan,nan,1473892,2107028,526955,106341
4.0,0.25,93,3,15814303862134196833,3.0,3.25,26,0.3134720326645538,nan,nan,1473892,2107028,526955,106341
4.0,0.25,94,1,2014341039597417628,3.0,3.25,26,0.8058162092925075,nan,nan,1356471,1938321,484989,97021
4.0,0.25,94,2,2014341039597417628,3.0,3.25,26,0.5434091014206536,nan,nan,1356471,1938321,484989,97021
4.0,0.25,94,3,2014341039597417628,3.0,3.25,26,0.3152192471825414,nan,nan,1356471,1938321,484989,97021
4.0,0.25,95,1,9861188770748772196,3.0,3.25,26,0.8047043049242218,nan,nan,1587756,2271494,569196,114702
4.0,0.25,95,2,9861188770748772196,3.0,3.25,26,0.5409344561195003,nan,nan,1587756,2271494,569196,114702
4.0,0.25,95,3,9861188770748772196,3.0,3.25,26,0.31218623405837265,nan,nan,1587756,2271494,569196,114702
4.0,0.25,96,1,5742154823869639450,3.0,3.25,26,0.805256882300577,nan,nan,1508935,2157638,540465,108399
4.0,0.25,96,2,5742154823869639450,3.0,3.25,26,0.5421744175205521,nan,nan,1508935,2157638,540465,108399
4.0,0.25,96,3,5742154823869639450,3.0,3.25,26,0.31338967364233006,nan,nan,1508935,2157638,540465,108399
4.0,0.25,97,1,16382875191610715962,3.0,3.25,26,0.8053847268432156,nan,nan,1442975,2060327,514220,103295
4.0,0.25,97,2,16382875191610715962,3.0,3.25,26,0.5418040027012047,nan,nan,1442975,2060327,514220,103295
4.0,0.25,97,3,16382875191610715962,3.0,3.25,26,0.312478520489351,nan,nan,1442975,2060327,514220,103295
4.0,0.25,98,1,15245156390447198218,3.0,3.25,26,0.8058870858013548,nan,nan,1493412,2132401,532024,107126
4.0,0.25,98,2,15245156390447198218,3.0,3.25,26,0.5431959533629513,nan,nan,1493412,2132401,532024,107126
4.0,0.25,98,3,15245156390447198218,3.0,3.25,26,0.3140092198739911,nan,nan,1493412,2132401,532024,107126
4.0,0.25,99,1,6123728488828387123,3.0,3.25,26,0.8052474424944354,nan,nan,1274713,1821727,455401,91773
4.0,0.25,99,2,6123728488828387123,3.0,3.25,26,0.5415507981569708,nan,nan,1274713,1821727,455401,91773
4.0,0.25,99,3,6123728488828387123,3.0,3.25,26,0.3128540433993573,nan,nan,1274713,1821727,455401,91773
4.0,0.25,100,1,7976334397940864354,3.0,3.25,26,0.8065459675730171,nan,nan,1290634,1842984,460191,92320
4.0,0.25,100,2,7976334397940864354,3.0,3.25,26,0.5443448280342356,nan,nan,1290634,1842984,460191,92320
4.0,0.25,100,3,7976334397940864354,3.0,3.25,26,0.31571623953675715,nan,nan,1290634,1842984,460191,92320
4.0,0.25,101,1,7768233350108462196,3.0,3.25,26,0.8051430036410832,nan,nan,1541802,2202689,550206,110841
4.0,0.25,101,2,7768233350108462196,3.0,3.25,26,0.5414777059931943,nan,nan,1541802,2202689,550206,110841
4.0,0.25,101,3,7768233350108462196,3.0,3.25,26,0.31254628998452433,nan,nan,1541802,2202689,550206,110841
4.0,0.25,102,1,17898810041017970339,3.0,3.25,26,0.8058279714857939,nan,nan,1241054,1773245,443383,88968
4.0,0.25,102,2,17898810041017970339,3.0,3.25,26,0.5428944444273497,nan,nan,1241054,1773245,443383,88968
4.0,0.25,102,3,17898810041017970339,3.0,3.25,26,0.31405033545761446,nan,nan,1241054,1773245,443383,88968
4.0,0.25,103,1,6092604491217758836,3.0,3.25,26,0.8052334062219224,nan,nan,1295599,1851109,462841,92829
4.0,0.25,103,2,6092604491217758836,3.0,3.25,26,0.5413407243978499,nan,nan,1295599,1851109,462841,92829
4.0,0.25,103,3,6092604491217758836,3.0,3.25,26,0.31292066879535685,nan,nan,1295599,1851109,462841,92829
4.0,0.25,104,1,17809041956130202499,3.0,3.25,26,0.8045083302815569,nan,nan,1166771,1668621,417555,84455
4.0,0.25,104,2,17809041956130202499,3.0,3.25,26,0.5399365247108678,nan,nan,1166771,1668621,417555,84455
4.0,0.25,104,3,17809041956130202499,3.0,3.25,26,0.3111473560436895,nan,nan,1166771,1668621,417555,84455
4.0,0.25,105,1,5233095897651004143,3.0,3.25,26,0.8059313757993114,nan,nan,1363264,1949279,488045,98132
4.0,0.25,105,2,5233095897651004143,3.0,3.25,26,0.543082551721472,nan,nan,1363264,1949279,488045,98132
4.0,0.25,105,3,5233095897651004143,3.0,3.25,26,0.3135497781700638,nan,nan,1363264,1949279,488045,98132
4.0,0.25,106,1,1022763611786738568,3.0,3.25,26,0.8049906722679159,nan,nan,1534611,2192241,547729,110061
4.0,0.25,106,2,1022763611786738568,3.0,3.25,26,0.5414541049543942,nan,nan,1534611,2192241,547729,110061
4.0,0.25,106,3,1022763611786738568,3.0,3.25,26,0.3124609494419586,nan,nan,1534611,2192241,547729,110061
4.0,0.25,107,1,3381200465134293404,3.0,3.25,26,0.8054460984270998,nan,nan,1401945,2004898,502152,100961
4.0,0.25,107,2,3381200465134293404,3.0,3.25,26,0.5419995853249338,nan,nan,1401945,2004898,502152,100961
4.0,0.25,107,3,3381200465134293404,3.0,3.25,26,0.31302302556219386,nan,nan,1401945,2004898,502152,100961
4.0,0.25,108,1,12248972526027192342,3.0,3.25,26,0.80444587426804,nan,nan,1375893,1965185,490331,99123
4.0,0.25,108,2,12248972526027192342,3.0,3.25,26,0.5400497424862839,nan,nan,1375893,1965185,490331,99123
4.0,0.25,108,3,12248972526027192342,3.0,3.25,26,0.31091687121200134,nan,nan,1375893,1965185,490331,99123
4.0,0.25,109,1,11911162663635368325,3.0,3.25,26,0.8051573116351889,nan,nan,1334855,1908586,477790,96101
4.0,0.25,109,2,11911162663635368325,3.0,3.25,26,0.5417298142527182,nan,nan,1334855,1908586,477790,96101
4.0,0.25,109,3,11911162663635368325,3.0,3.25,26,0.3125329814691137,nan,nan,1334855,1908586,477790,96101
4.0,0.25,110,1,17618228199413526846,3.0,3.25,26,0.8053405008424295,nan,nan,1571116,2244867,560908,113003
4.0,0.25,110,2,17618228199413526846,3.0,3.25,26,0.5428083116351191,nan,nan,1571116,2244867,560908,113003
4.0,0.25,110,3,17618228199413526846,3.0,3.25,26,0.31416328183462805,nan,nan,1571116,2244867,560908,113003
4.0,0.25,111,1,13823237747166755565,3.0,3.25,26,0.8065698364889852,nan,nan,1446645,2065434,515187,103762
4.0,0.25,111,2,13823237747166755565,3.0,3.25,26,0.5443360110976878,nan,nan,1446645,2065434,515187,103762
4.0,0.25,111,3,13823237747166755565,3.0,3.25,26,0.31572012731436533,nan,nan,1446645,2065434,515187,103762
4.0,0.25,112,1,2209260683030607880,3.0,3.25,26,0.8052386358013082,nan,nan,1541917,2205315,551986,111575
4.0,0.25,112,2,2209260683030607880,3.0,3.25,26,0.5416102211388618,nan,nan,1541917,2205315,551986,111575
4.0,0.25,112,3,2209260683030607880,3.0,3.25,26,0.3121568472110442,nan,nan,1541917,2205315,551986,111575
4.0,0.25,113,1,2463259731255026128,3.0,3.25,26,0.8051259851837818,nan,nan,1322115,1888644,471493,95197
4.0,0.25,113,2,2463259731255026128,3.0,3.25,26,0.5423028534525727,nan,nan,1322115,1888644,471493,95197
4.0,0.25,113,3,2463259731255026128,3.0,3.25,26,0.3135381060834187,nan,nan,1322115,1888644,471493,95197
4.0,0.25,114,1,12920110669495063854,3.0,3.25,26,0.8060029580974086,nan,nan,1680598,2400789,599911,120440
4.0,0.25,114,2,12920110669495063854,3.0,3.25,26,0.5428642898331508,nan,nan,1680598,2400789,599911,120440
4.0,0.25,114,3,12920110669495063854,3.0,3.25,26,0.3139107407098647,nan,nan,1680598,2400789,599911,120440
4.0,0.25,115,1,15680243058467964467,3.0,3.25,26,0.8048108882556009,nan,nan,1343575,1921949,481224,97310
4.0,0.25,115,2,15680243058467964467,3.0,3.25,26,0.5415029880812224,nan,nan,1343575,1921949,481224,97310
4.0,0.25,115,3,15680243058467964467,3.0,3.25,26,0.31243221058479675,nan,nan,1343575,1921949,481224,97310
4.0,0.25,116,1,11340491225929450016,3.0,3.25,26,0.8043827033244828,nan,nan,1448089,2072075,519524,104622
4.0,0.25,116,2,11340491225929450016,3.0,3.25,26,0.5405541384830538,nan,nan,1448089,2072075,519524,104622
4.0,0.25,116,3,11340491225929450016,3.0,3.25,26,0.3119374657354559,nan,nan,1448089,2072075,519524,104622
4.0,0.25,117,1,9763675933967187772,3.0,3.25,26,0.8057372909855484,nan,nan,1708193,2440947,610490,122425
4.0,0.25,117,2,9763675933967187772,3.0,3.25,26,0.5417758236269721,nan,nan,1708193,2440947,610490,122425
4.0,0.25,117,3,9763675933967187772,3.0,3.25,26,0.31234308603704203,nan,nan,1708193,2440947,610490,122425
4.0,0.25,118,1,12315282965315305980,3.0,3.25,26,0.8050098976283004,nan,nan,1402579,2006574,503156,101000
4.0,0.25,118,2,12315282965315305980,3.0,3.25,26,0.5415587306542754,nan,nan,1402579,2006574,503156,101000
4.0,0.25,118,3,12315282965315305980,3.0,3.25,26,0.31271901691905984,nan,nan,1402579,2006574,503156,101000
4.0,0.25,119,1,3997633943284495307,3.0,3.25,26,0.8054634862709408,nan,nan,1330185,1901314,475231,96058
4.0,0.25,119,2,3997633943284495307,3.0,3.25,26,0.5422799625056482,nan,nan,1330185,1901314,475231,96058
4.0,0.25,119,3,3997633943284495307,3.0,3.25,26,0.3138453701202231,nan,nan,1330185,1901314,475231,96058
4.0,0.5,0,1,9975584611204949663,3.0,3.25,26,0.8107929243000803,nan,nan,784049,1208396,302116,122391
4.0,0.5,0,2,9975584611204949663,3.0,3.25,26,0.5499269872042452,nan,nan,784049,1208396,302116,122391
4.0,0.5,0,3,9975584611204949663,3.0,3.25,26,0.31998714996812716,nan,nan,784049,1208396,302116,122391
4.0,0.5,1,1,1997683826203875774,3.0,3.25,26,0.8110676140589089,nan,nan,790986,1219023,305113,123085
4.0,0.5,1,2,1997683826203875774,3.0,3.25,26,0.5511653127221954,nan,nan,790986,1219023,305113,123085
4.0,0.5,1,3,1997683826203875774,3.0,3.25,26,0.3209021712184525,nan,nan,790986,1219023,305113,123085
4.0,0.5,2,1,12936587104286520436,3.0,3.25,26,0.8120421481422664,nan,nan,828159,1274615,317693,128924
4.0,0.5,2,2,12936587104286520436,3.0,3.25,26,0.5547222208657657,nan,nan,828159,1274615,317693,128924
4.0,0.5,2,3,12936587104286520436,3.0,3.25,26,0.3255193110855383,nan,nan,828159,1274615,317693,128924
4.0,0.5,3,1,11730927600601883487,3.0,3.25,26,0.8104083836885252,nan,nan,890746,1370809,342029,138195
4.0,0.5,3,2,11730927600601883487,3.0,3.25,26,0.5504731672277103,nan,nan,890746,1370809,342029,138195
4.0,0.5,3,3,11730927600601883487,3.0,3.25,26,0.3219604582076958,nan,nan,890746,1370809,342029,138195
4.0,0.5,4,1,4944158249109018957,3.0,3.25,26,0.8098727912688786,nan,nan,896763,1383431,345808,141021
4.0,0.5,4,2,4944158249109018957,3.0,3.25,26,0.5499774527287488,nan,nan,896763,1383431,345808,141021
4.0,0.5,4,3,4944158249109018957,3.0,3.25,26,0.32130966470120814,nan,nan,896763,1383431,345808,141021
4.0,0.5,5,1,7807679795788368479,3.0,3.25,26,0.8096522490960726,nan,nan,877905,1355155,339877,137533
4.0,0.5,5,2,7807679795788368479,3.0,3.25,26,0.5482469917096628,nan,nan,877905,1355155,339877,137533
4.0,0.5,5,3,7807679795788368479,3.0,3.25,26,0.3186356507418565,nan,nan,877905,1355155,339877,137533
4.0,0.5,6,1,534165064467135275,3.0,3.25,26,0.8095529714377405,nan,nan,809035,1249245,312965,127405
4.0,0.5,6,2,534165064467135275,3.0,3.25,26,0.5483781990286297,nan,nan,809035,1249245,312965,127405
4.0,0.5,6,3,534165064467135275,3.0,3.25,26,0.3190263109393103,nan,nan,809035,1249245,312965,127405
4.0,0.5,7,1,10271346675877019159,3.0,3.25,26,0.8115318401600866,nan,nan,895929,1379108,344115,139224
4.0,0.5,7,2,10271346675877019159,3.0,3.25,26,0.5527439478365533,nan,nan,895929,1379108,344115,139224
4.0,0.5,7,3,10271346675877019159,3.0,3.25,26,0.3234531656184042,nan,nan,895929,1379108,344115,139224
4.0,0.5,8,1,17956992321549268833,3.0,3.25,26,0.810210650629738,nan,nan,889938,1371805,343025,139004
4.0,0.5,8,2,17956992321549268833,3.0,3.25,26,0.5498756032128461,nan,nan,889938,1371805,343025,139004
4.0,0.5,8,3,17956992321549268833,3.0,3.25,26,0.32026181489745825,nan,nan,889938,1371805,343025,139004
4.0,0.5,9,1,12219469496427152104,3.0,3.25,26,0.8105031132121329,nan,nan,756726,1166456,291552,118338
4.0,0.5,9,2,12219469496427152104,3.0,3.25,26,0.5503861735431038,nan,nan,756726,1166456,291552,118338
4.0,0.5,9,3,12219469496427152104,3.0,3.25,26,0.3205802618945005,nan,nan,756726,1166456,291552,118338
4.0,0.5,10,1,16203578225162752802,3.0,3.25,26,0.810151913728036,nan,nan,700161,1079089,270128,108960
4.0,0.5,10,2,16203578225162752802,3.0,3.25,26,0.549895939215681,nan,nan,700161,1079089,270128,108960
4.0,0.5,10,3,16203578225162752802,3.0,3.25,26,0.3204313555914254,nan,nan,700161,1079089,270128,108960
4.0,0.5,11,1,14070961736300514709,3.0,3.25,26,0.8103524377834658,nan,nan,675207,1040904,260448,105410
4.0,0.5,11,2,14070961736300514709,3.0,3.25,26,0.5508553591305277,nan,nan,675207,1040904,260448,105410
4.0,0.5,11,3,14070961736300514709,3.0,3.25,26,0.3223174107209582,nan,nan,675207,1040904,260448,105410
4.0,0.5,12,1,3299038819506036113,3.0,3.25,26,0.8108963413991332,nan,nan,698934,1076915,269256,108885
4.0,0.5,12,2,3299038819506036113,3.0,3.25,26,0.5513801851024169,nan,nan,698934,1076915,269256,108885
4.0,0.5,12,3,3299038819506036113,3.0,3.25,26,0.32119510513801747,nan,nan,698934,1076915,269256,108885
4.0,0.5,13,1,2095086269026776001,3.0,3.25,26,0.8099065580422293,nan,nan,717641,1106998,276996,112521
4.0,0.5,13,2,2095086269026776001,3.0,3.25,26,0.5492502159396715,nan,nan,717641,1106998,276996,112521
4.0,0.5,13,3,2095086269026776001,3.0,3.25,26,0.31898787106649823,nan,nan,717641,1106998,276996,112521
4.0,0.5,14,1,10354159233464950906,3.0,3.25,26,0.8111534904340553,nan,nan,786452,1212921,303700,122929
4.0,0.5,14,2,10354159233464950906,3.0,3.25,26,0.551410671865182,nan,nan,786452,1212921,303700,122929
4.0,0.5,14,3,10354159233464950906,3.0,3.25,26,0.3227467058043988,nan,nan,786452,1212921,303700,122929
4.0,0.5,15,1,5634480281079764705,3.0,3.25,26,0.8106712618728876,nan,nan,751513,1156965,288635,116977
4.0,0.5,15,2,5634480281079764705,3.0,3.25,26,0.5508261741834998,nan,nan,751513,1156965,288635,116977
4.0,0.5,15,3,5634480281079764705,3.0,3.25,26,0.3224350327924688,nan,nan,751513,1156965,288635,116977
4.0,0.5,16,1,989943646163092761,3.0,3.25,26,0.810480473407732,nan,nan,893115,1377050,344335,139760
4.0,0.5,16,2,989943646163092761,3.0,3.25,26,0.5507744956456075,nan,nan,893115,1377050,344335,139760
4.0,0.5,16,3,989943646163092761,3.0,3.25,26,0.3222328887429533,nan,nan,893115,1377050,344335,139760
4.0,0.5,17,1,17501951237583491283,3.0,3.25,26,0.8099649313922352,nan,nan,934540,1441923,361272,146271
4.0,0.5,17,2,17501951237583491283,3.0,3.25,26,0.549422114175216,nan,nan,934540,1441923,361272,146271
4.0,0.5,17,3,17501951237583491283,3.0,3.25,26,0.31977540174210506,nan,nan,934540,1441923,361272,146271
4.0,0.5,18,1,15462585959093647319,3.0,3.25,26,0.8110845714722219,nan,nan,730289,1123570,279932,113509
4.0,0.5,18,2,15462585959093647319,3.0,3.25,26,0.5510396116669333,nan,nan,730289,1123570,279932,113509
4.0,0.5,18,3,15462585959093647319,3.0,3.25,26,0.3218954673874301,nan,nan,730289,1123570,279932,113509
4.0,0.5,19,1,5670010771378470657,3.0,3.25,26,0.8103301768857623,nan,nan,682019,1050884,262551,106475
4.0,0.5,19,2,5670010771378470657,3.0,3.25,26,0.5489703298630895,nan,nan,682019,1050884,262551,106475
4.0,0.5,19,3,5670010771378470657,3.0,3.25,26,0.31889259996761044,nan,nan,682019,1050884,262551,106475
4.0,0.5,20,1,13402714734985503562,3.0,3.25,26,0.8111690485196161,nan,nan,905367,1395931,349074,141653
4.0,0.5,20,2,13402714734985503562,3.0,3.25,26,0.5515071222407456,nan,nan,905367,1395931,349074,141653
4.0,0.5,20,3,13402714734985503562,3.0,3.25,26,0.322439976298259,nan,nan,905367,1395931,349074,141653
4.0,0.5,21,1,3821867616824866523,3.0,3.25,26,0.8101685914443196,nan,nan,801471,1237125,310107,125707
4.0,0.5,21,2,3821867616824866523,3.0,3.25,26,0.5494049146247999,nan,nan,801471,1237125,310107,125707
4.0,0.5,21,3,3821867616824866523,3.0,3.25,26,0.32003959661280346,nan,nan,801471,1237125,310107,125707
4.0,0.5,22,1,15232674973113953577,3.0,3.25,26,0.8116814633470917,nan,nan,825585,1269925,316168,128332
4.0,0.5,22,2,15232674973113953577,3.0,3.25,26,0.5526965938717698,nan,nan,825585,1269925,316168,128332
4.0,0.5,22,3,15232674973113953577,3.0,3.25,26,0.32338660772598166,nan,nan,825585,1269925,316168,128332
4.0,0.5,23,1,755239291757227870,3.0,3.25,26,0.811337774535408,nan,nan,859251,1325135,331967,134078
4.0,0.5,23,2,755239291757227870,3.0,3.25,26,0.5526745797836361,nan,nan,859251,1325135,331967,134078
4.0,0.5,23,3,755239291757227870,3.0,3.25,26,0.32258462723514003,nan,nan,859251,1325135,331967,134078
4.0,0.5,24,1,12495751300039183225,3.0,3.25,26,0.8115784632016918,nan,nan,830838,1280127,320158,129291
4.0,0.5,24,2,12495751300039183225,3.0,3.25,26,0.5530118386129074,nan,nan,830838,1280127,320158,129291
4.0,0.5,24,3,12495751300039183225,3.0,3.25,26,0.32409502189974976,nan,nan,830838,1280127,320158,129291
4.0,0.5,25,1,6135588892971654763,3.0,3.25,26,0.8108318774405743,nan,nan,875534,1348708,337072,136262
4.0,0.5,25,2,6135588892971654763,3.0,3.25,26,0.5508255370195441,nan,nan,875534,1348708,337072,136262
4.0,0.5,25,3,6135588892971654763,3.0,3.25,26,0.3220550279321263,nan,nan,875534,1348708,337072,136262
4.0,0.5,26,1,12118671263755207820,3.0,3.25,26,0.8093184638342673,nan,nan,778917,1200889,300718,121414
4.0,0.5,26,2,12118671263755207820,3.0,3.25,26,0.5484416097850903,nan,nan,778917,1200889,300718,121414
4.0,0.5,26,3,12118671263755207820,3.0,3.25,26,0.31913880541307754,nan,nan,778917,1200889,300718,121414
4.0,0.5,27,1,11433365282637518019,3.0,3.25,26,0.809287494278532,nan,nan,705565,1090456,273889,111169
4.0,0.5,27,2,11433365282637518019,3.0,3.25,26,0.5484626074862858,nan,nan,705565,1090456,273889,111169
4.0,0.5,27,3,11433365282637518019,3.0,3.25,26,0.3190778114547665,nan,nan,705565,1090456,273889,111169
4.0,0.5,28,1,14856169916676285360,3.0,3.25,26,0.8102200541788773,nan,nan,734386,1132016,282544,115246
4.0,0.5,28,2,14856169916676285360,3.0,3.25,26,0.5495270940033625,nan,nan,734386,1132016,282544,115246
4.0,0.5,28,3,14856169916676285360,3.0,3.25,26,0.32017981602052054,nan,nan,734386,1132016,282544,115246
4.0,0.5,29,1,15585089317868679940,3.0,3.25,26,0.8099197969068352,nan,nan,597148,921450,230879,93583
4.0,0.5,29,2,15585089317868679940,3.0,3.25,26,0.5488984983615618,nan,nan,597148,921450,230879,93583
4.0,0.5,29,3,15585089317868679940,3.0,3.25,26,0.3185285557350977,nan,nan,597148,921450,230879,93583
4.0,0.5,30,1,8724588844618911823,3.0,3.25,26,0.811446002491523,nan,nan,804630,1237798,308483,124845
4.0,0.5,30,2,8724588844618911823,3.0,3.25,26,0.5528622358395272,nan,nan,804630,1237798,308483,124845
4.0,0.5,30,3,8724588844618911823,3.0,3.25,26,0.3238107512689148,nan,nan,804630,1237798,308483,124845
4.0,0.5,31,1,2173595516140618622,3.0,3.25,26,0.809682636955992,nan,nan,735073,1134388,284478,114997
4.0,0.5,31,2,2173595516140618622,3.0,3.25,26,0.54921034496814,nan,nan,735073,1134388,284478,114997
4.0,0.5,31,3,2173595516140618622,3.0,3.25,26,0.3198802812225454,nan,nan,735073,1134388,284478,114997
4.0,0.5,32,1,3182279029566061997,3.0,3.25,26,0.809956259838777,nan,nan,765452,1179742,294878,119572
4.0,0.5,32,2,3182279029566061997,3.0,3.25,26,0.5482341521928422,nan,nan,765452,1179742,294878,119572
4.0,0.5,32,3,3182279029566061997,3.0,3.25,26,0.3181593127049516,nan,nan,765452,1179742,294878,119572
4.0,0.5,33,1,17380760357961860992,3.0,3.25,26,0.809604966157958,nan,nan,588130,906750,226796,91987
4.0,0.5,33,2,17380760357961860992,3.0,3.25,26,0.549356136485788,nan,nan,588130,906750,226796,91987
4.0,0.5,33,3,17380760357961860992,3.0,3.25,26,0.32019150948933467,nan,nan,588130,906750,226796,91987
4.0,0.5,34,1,5912482163511179860,3.0,3.25,26,0.8107005784044936,nan,nan,713217,1098932,274379,111496
4.0,0.5,34,2,5912482163511179860,3.0,3.25,26,0.5508861690978033,nan,nan,713217,1098932,274379,111496
4.0,0.5,34,3,5912482163511179860,3.0,3.25,26,0.32156732688107453,nan,nan,713217,1098932,274379,111496
4.0,0.5,35,1,16678099468811856836,3.0,3.25,26,0.8094291458210031,nan,nan,743599,1147728,287383,116906
4.0,0.5,35,2,16678099468811856836,3.0,3.25,26,0.5482015104816873,nan,nan,743599,1147728,287383,116906
4.0,0.5,35,3,16678099468811856836,3.0,3.25,26,0.31839912739165166,nan,nan,743599,1147728,287383,116906
4.0,0.5,36,1,9780976174599169393,3.0,3.25,26,0.8096359226938513,nan,nan,747898,1154349,289469,117143
4.0,0.5,36,2,9780976174599169393,3.0,3.25,26,0.5482320245118076,nan,nan,747898,1154349,289469,117143
4.0,0.5,36,3,9780976174599169393,3.0,3.25,26,0.3182716003522575,nan,nan,747898,1154349,289469,117143
4.0,0.5,37,1,17380183544662255805,3.0,3.25,26,0.8112234610872632,nan,nan,818823,1260577,314664,127250
4.0,0.5,37,2,17380183544662255805,3.0,3.25,26,0.553184536173043,nan,nan,818823,1260577,314664,127250
4.0,0.5,37,3,17380183544662255805,3.0,3.25,26,0.3246932101595229,nan,nan,818823,1260577,314664,127250
4.0,0.5,38,1,7868800007555289620,3.0,3.25,26,0.8103844596073171,nan,nan,798270,1232344,309039,125195
4.0,0.5,38,2,7868800007555289620,3.0,3.25,26,0.5501978345865782,nan,nan,798270,1232344,309039,125195
4.0,0.5,38,3,7868800007555289620,3.0,3.25,26,0.32079812399233837,nan,nan,798270,1232344,309039,125195
4.0,0.5,39,1,15086067023080726200,3.0,3.25,26,0.8113150727429742,nan,nan,776637,1196051,298761,120813
4.0,0.5,39,2,15086067023080726200,3.0,3.25,26,0.5525653730518729,nan,nan,776637,1196051,298761,120813
4.0,0.5,39,3,15086067023080726200,3.0,3.25,26,0.32395327108929267,nan,nan,776637,1196051,298761,120813
4.0,0.5,40,1,7425041954778386922,3.0,3.25,26,0.8114102231608059,nan,nan,734886,1132268,282937,114608
4.0,0.5,40,2,7425041954778386922,3.0,3.25,26,0.5523505458505752,nan,nan,734886,1132268,282937,114608
4.0,0.5,40,3,7425041954778386922,3.0,3.25,26,0.32262709163139935,nan,nan,734886,1132268,282937,114608
4.0,0.5,41,1,9624125712581528845,3.0,3.25,26,0.8115508244940922,nan,nan,858723,1322100,330247,133290
4.0,0.5,41,2,9624125712581528845,3.0,3.25,26,0.5528992764141003,nan,nan,858723,1322100,330247,133290
4.0,0.5,41,3,9624125712581528845,3.0,3.25,26,0.32449888355169537,nan,nan,858723,1322100,330247,133290
4.0,0.5,42,1,11143942862185435099,3.0,3.25,26,0.8098394151767869,nan,nan,569858,879621,220529,89394
4.0,0.5,42,2,11143942862185435099,3.0,3.25,26,0.5488890655608902,nan,nan,569858,879621,220529,89394
4.0,0.5,42,3,11143942862185435099,3.0,3.25,26,0.31930735458501347,nan,nan,569858,879621,220529,89394
4.0,0.5,43,1,8211821947550605952,3.0,3.25,26,0.8109880211984672,nan,nan,852713,1314044,328413,133081
4.0,0.5,43,2,8211821947550605952,3.0,3.25,26,0.5513499739620765,nan,nan,852713,1314044,328413,133081
4.0,0.5,43,3,8211821947550605952,3.0,3.25,26,0.3220216893255416,nan,nan,852713,1314044,328413,133081
4.0,0.5,44,1,1114217641124132272,3.0,3.25,26,0.8097314870119899,nan,nan,814349,1258301,315788,128324
4.0,0.5,44,2,1114217641124132272,3.0,3.25,26,0.5488851592552476,nan,nan,814349,1258301,315788,128324
4.0,0.5,44,3,1114217641124132272,3.0,3.25,26,0.3197912535745097,nan,nan,814349,1258301,315788,128324
4.0,0.5,45,1,16199528791242162073,3.0,3.25,26,0.8110491458670984,nan,nan,745247,1149790,287971,116732
4.0,0.5,45,2,16199528791242162073,3.0,3.25,26,0.5508482110940267,nan,nan,745247,1149790,287971,116732
4.0,0.5,45,3,16199528791242162073,3.0,3.25,26,0.32034014512486575,nan,nan,745247,1149790,287971,116732
4.0,0.5,46,1,9294775075381090078,3.0,3.25,26,0.8093687297524906,nan,nan,605012,935151,234981,95325
4.0,0.5,46,2,9294775075381090078,3.0,3.25,26,0.5485979720529064,nan,nan,605012,935151,234981,95325
4.0,0.5,46,3,9294775075381090078,3.0,3.25,26,0.31899661763677717,nan,nan,605012,935151,234981,95325
4.0,0.5,47,1,14980683903616927135,3.0,3.25,26,0.8098158362817327,nan,nan,916573,1414476,354528,143535
4.0,0.5,47,2,14980683903616927135,3.0,3.25,26,0.5492382208305219,nan,nan,916573,1414476,354528,143535
4.0,0.5,47,3,14980683903616927135,3.0,3.25,26,0.3201122433174098,nan,nan,916573,1414476,354528,143535
4.0,0.5,48,1,16951164594502039618,3.0,3.25,26,0.8107244330328077,nan,nan,697913,1075321,268333,109235
4.0,0.5,48,2,16951164594502039618,3.0,3.25,26,0.55163159089716,nan,nan,697913,1075321,268333,109235
4.0,0.5,48,3,16951164594502039618,3.0,3.25,26,0.3226967046994895,nan,nan,697913,1075321,268333,109235
4.0,0.5,49,1,16718961896687971914,3.0,3.25,26,0.8117497924791028,nan,nan,700063,1078825,269928,108996
4.0,0.5,49,2,16718961896687971914,3.0,3.25,26,0.5540666306688773,nan,nan,700063,1078825,269928,108996
4.0,0.5,49,3,16718961896687971914,3.0,3.25,26,0.3261806181424075,nan,nan,700063,1078825,269928,108996
4.0,0.5,50,1,5628690406753917630,3.0,3.25,26,0.8104363463753306,nan,nan,726577,1119902,280223,113263
4.0,0.5,50,2,5628690406753917630,3.0,3.25,26,0.5509219952596079,nan,nan,726577,1119902,280223,113263
4.0,0.5,50,3,5628690406753917630,3.0,3.25,26,0.3219540621656939,nan,nan,726577,1119902,280223,113263
4.0,0.5,51,1,4303655196275231872,3.0,3.25,26,0.8105067989438653,nan,nan,802125,1237202,309856,125381
4.0,0.5,51,2,4303655196275231872,3.0,3.25,26,0.5507324806175196,nan,nan,802125,1237202,309856,125381
4.0,0.5,51,3,4303655196275231872,3.0,3.25,26,0.32123047461025683,nan,nan,802125,1237202,309856,125381
4.0,0.5,52,1,4446810666553339550,3.0,3.25,26,0.8106895924075016,nan,nan,756838,1167867,292513,118676
4.0,0.5,52,2,4446810666553339550,3.0,3.25,26,0.5508300796258481,nan,nan,756838,1167867,292513,118676
4.0,0.5,52,3,4446810666553339550,3.0,3.25,26,0.32221648653130724,nan,nan,756838,1167867,292513,118676
4.0,0.5,53,1,9842671106621822920,3.0,3.25,26,0.809830427183739,nan,nan,835141,1289631,323006,131646
4.0,0.5,53,2,9842671106621822920,3.0,3.25,26,0.5492665275001142,nan,nan,835141,1289631,323006,131646
4.0,0.5,53,3,9842671106621822920,3.0,3.25,26,0.3208215606741674,nan,nan,835141,1289631,323006,131646
4.0,0.5,54,1,4571244207066793118,3.0,3.25,26,0.8098319143064148,nan,nan,771893,1189462,297237,120492
4.0,0.5,54,2,4571244207066793118,3.0,3.25,26,0.5486705792886346,nan,nan,771893,1189462,297237,120492
4.0,0.5,54,3,4571244207066793118,3.0,3.25,26,0.31916504819099945,nan,nan,771893,1189462,297237,120492
4.0,0.5,55,1,14957860311113159902,3.0,3.25,26,0.8103511167513511,nan,nan,930538,1434098,358540,145180
4.0,0.5,55,2,14957860311113159902,3.0,3.25,26,0.5500137037146903,nan,nan,930538,1434098,358540,145180
4.0,0.5,55,3,14957860311113159902,3.0,3.25,26,0.3205671472768466,nan,nan,930538,1434098,358540,145180
4.0,0.5,56,1,13414097548812362070,3.0,3.25,26,0.8094288113385789,nan,nan,873544,1347752,337106,137262
4.0,0.5,56,2,13414097548812362070,3.0,3.25,26,0.5482314997514789,nan,nan,873544,1347752,337106,137262
4.0,0.5,56,3,13414097548812362070,3.0,3.25,26,0.3187755459171021,nan,nan,873544,1347752,337106,137262
4.0,0.5,57,1,18264618145907526869,3.0,3.25,26,0.8109326697762089,nan,nan,754406,1161825,290162,117417
4.0,0.5,57,2,18264618145907526869,3.0,3.25,26,0.5518039921520956,nan,nan,754406,1161825,290162,117417
4.0,0.5,57,3,18264618145907526869,3.0,3.25,26,0.32308059992620214,nan,nan,754406,1161825,290162,117417
4.0,0.5,58,1,12017699243421196083,3.0,3.25,26,0.8111557571650334,nan,nan,855256,1318797,329647,134054
4.0,0.5,58,2,12017699243421196083,3.0,3.25,26,0.5520386038816868,nan,nan,855256,1318797,329647,134054
4.0,0.5,58,3,12017699243421196083,3.0,3.25,26,0.3231121713388906,nan,nan,855256,1318797,329647,134054
4.0,0.5,59,1,15463354267086986360,3.0,3.25,26,0.8107211647909571,nan,nan,811360,1251399,313557,126642
4.0,0.5,59,2,15463354267086986360,3.0,3.25,26,0.5505951028953803,nan,nan,811360,1251399,313557,126642
4.0,0.5,59,3,15463354267086986360,3.0,3.25,26,0.32129632369013533,nan,nan,811360,1251399,313557,126642
4.0,0.5,60,1,14944176730052833238,3.0,3.25,26,0.8099672030844787,nan,nan,730766,1127781,282435,114740
4.0,0.5,60,2,14944176730052833238,3.0,3.25,26,0.5492931052652967,nan,nan,730766,1127781,282435,114740
4.0,0.5,60,3,14944176730052833238,3.0,3.25,26,0.3186944294581278,nan,nan,730766,1127781,282435,114740
4.0,0.5,61,1,14041677375326392954,3.0,3.25,26,0.8102539384810465,nan,nan,833837,1285047,321936,129434
4.0,0.5,61,2,14041677375326392954,3.0,3.25,26,0.5502778433385905,nan,nan,833837,1285047,321936,129434
4.0,0.5,61,3,14041677375326392954,3.0,3.25,26,0.3211106676186771,nan,nan,833837,1285047,321936,129434
4.0,0.5,62,1,17530080711399729704,3.0,3.25,26,0.8114329705782679,nan,nan,674851,1039673,259643,105339
4.0,0.5,62,2,17530080711399729704,3.0,3.25,26,0.5517722758962441,nan,nan,674851,1039673,259643,105339
4.0,0.5,62,3,17530080711399729704,3.0,3.25,26,0.3223994131336262,nan,nan,674851,1039673,259643,105339
4.0,0.5,63,1,14786709361953696973,3.0,3.25,26,0.8111257035289464,nan,nan,690997,1065096,266414,107847
4.0,0.5,63,2,14786709361953696973,3.0,3.25,26,0.5519166080181032,nan,nan,690997,1065096,266414,107847
4.0,0.5,63,3,14786709361953696973,3.0,3.25,26,0.32340843424160093,nan,nan,690997,1065096,266414,107847
4.0,0.5,64,1,14833451188528464136,3.0,3.25,26,0.8109812787019105,nan,nan,711383,1099154,276010,111921
4.0,0.5,64,2,14833451188528464136,3.0,3.25,26,0.5510734048746476,nan,nan,711383,1099154,276010,111921
4.0,0.5,64,3,14833451188528464136,3.0,3.25,26,0.3212501600951821,nan,nan,711383,1099154,276010,111921
4.0,0.5,65,1,13987922698059253134,3.0,3.25,26,0.809514657087389,nan,nan,751819,1158876,289706,117511
4.0,0.5,65,2,13987922698059253134,3.0,3.25,26,0.5481176739308385,nan,nan,751819,1158876,289706,117511
4.0,0.5,65,3,13987922698059253134,3.0,3.25,26,0.3182246895972514,nan,nan,751819,1158876,289706,117511
4.0,0.5,66,1,14691887895884963461,3.0,3.25,26,0.8097644542618994,nan,nan,866546,1336468,334673,135412
4.0,0.5,66,2,14691887895884963461,3.0,3.25,26,0.5487637956585132,nan,nan,866546,1336468,334673,135412
4.0,0.5,66,3,14691887895884963461,3.0,3.25,26,0.3190090991094128,nan,nan,866546,1336468,334673,135412
4.0,0.5,67,1,9784711081981569918,3.0,3.25,26,0.8101205332880099,nan,nan,884644,1364613,340672,139457
4.0,0.5,67,2,9784711081981569918,3.0,3.25,26,0.5499975944787793,nan,nan,884644,1364613,340672,139457
4.0,0.5,67,3,9784711081981569918,3.0,3.25,26,0.3205782079484557,nan,nan,884644,1364613,340672,139457
4.0,0.5,68,1,3336576838732884369,3.0,3.25,26,0.8095643427037035,nan,nan,781614,1206363,302533,122376
4.0,0.5,68,2,3336576838732884369,3.0,3.25,26,0.5495779198379622,nan,nan,781614,1206363,302533,122376
4.0,0.5,68,3,3336576838732884369,3.0,3.25,26,0.32066673807145973,nan,nan,781614,1206363,302533,122376
4.0,0.5,69,1,12923153261684469611,3.0,3.25,26,0.8106183739447386,nan,nan,789730,1221286,306693,125024
4.0,0.5,69,2,12923153261684469611,3.0,3.25,26,0.5506737538060241,nan,nan,789730,1221286,306693,125024
4.0,0.5,69,3,12923153261684469611,3.0,3.25,26,0.32184865530368645,nan,nan,789730,1221286,306693,125024
4.0,0.5,70,1,9582940890591639548,3.0,3.25,26,0.8113033552772233,nan,nan,694785,1070260,267466,108169
4.0,0.5,70,2,9582940890591639548,3.0,3.25,26,0.5519003675986051,nan,nan,694785,1070260,267466,108169
4.0,0.5,70,3,9582940890591639548,3.0,3.25,26,0.32334693157068356,nan,nan,694785,1070260,267466,108169
4.0,0.5,71,1,8144795403087090658,3.0,3.25,26,0.8109939841875714,nan,nan,777405,1197566,298815,121506
4.0,0.5,71,2,8144795403087090658,3.0,3.25,26,0.550270493532312,nan,nan,777405,1197566,298815,121506
4.0,0.5,71,3,8144795403087090658,3.0,3.25,26,0.3209229543624303,nan,nan,777405,1197566,298815,121506
4.0,0.5,72,1,1005168516833723837,3.0,3.25,26,0.8098749913650989,nan,nan,837346,1292129,323399,131547
4.0,0.5,72,2,1005168516833723837,3.0,3.25,26,0.5498691855958314,nan,nan,837346,1292129,323399,131547
4.0,0.5,72,3,1005168516833723837,3.0,3.25,26,0.3212992948876072,nan,nan,837346,1292129,323399,131547
4.0,0.5,73,1,13795214047564654315,3.0,3.25,26,0.810975434308775,nan,nan,717036,1106172,276636,112660
4.0,0.5,73,2,13795214047564654315,3.0,3.25,26,0.5522359567618169,nan,nan,717036,1106172,276636,112660
4.0,0.5,73,3,13795214047564654315,3.0,3.25,26,0.3234761840041226,nan,nan,717036,1106172,276636,112660
4.0,0.5,74,1,9344523442656059393,3.0,3.25,26,0.8112794652183246,nan,nan,817574,1260426,315048,127964
4.0,0.5,74,2,9344523442656059393,3.0,3.25,26,0.5526049185630698,nan,nan,817574,1260426,315048,127964
4.0,0.5,74,3,9344523442656059393,3.0,3.25,26,0.32352166826039885,nan,nan,817574,1260426,315048,127964
4.0,0.5,75,1,13748330746487198835,3.0,3.25,26,0.8112877169636306,nan,nan,696795,1073258,268023,108600
4.0,0.5,75,2,13748330746487198835,3.0,3.25,26,0.5514689574653432,nan,nan,696795,1073258,268023,108600
4.0,0.5,75,3,13748330746487198835,3.0,3.25,26,0.32235317814798586,nan,nan,696795,1073258,268023,108600
4.0,0.5,76,1,4382807159044176093,3.0,3.25,26,0.8099935047093878,nan,nan,783424,1207276,301961,122051
4.0,0.5,76,2,4382807159044176093,3.0,3.25,26,0.5499727690211691,nan,nan,783424,1207276,301961,122051
4.0,0.5,76,3,4382807159044176093,3.0,3.25,26,0.32087819904025766,nan,nan,783424,1207276,301961,122051
4.0,0.5,77,1,4718549629293202195,3.0,3.25,26,0.8108950871124503,nan,nan,874558,1347687,336627,136662
4.0,0.5,77,2,4718549629293202195,3.0,3.25,26,0.5520557009474014,nan,nan,874558,1347687,336627,136662
4.0,0.5,77,3,4718549629293202195,3.0,3.25,26,0.32354742968060535,nan,nan,874558,1347687,336627,136662
4.0,0.5,78,1,4651775548064297760,3.0,3.25,26,0.811459022876389,nan,nan,879034,1351898,336354,136671
4.0,0.5,78,2,4651775548064297760,3.0,3.25,26,0.5522863637746199,nan,nan,879034,1351898,336354,136671
4.0,0.5,78,3,4651775548064297760,3.0,3.25,26,0.32301888963179504,nan,nan,879034,1351898,336354,136671
4.0,0.5,79,1,14561884239963701825,3.0,3.25,26,0.8100747936134,nan,nan,808800,1246983,311836,126509
4.0,0.5,79,2,14561884239963701825,3.0,3.25,26,0.5496619819524377,nan,nan,808800,1246983,311836,126509
4.0,0.5,79,3,14561884239963701825,3.0,3.25,26,0.32020313981921206,nan,nan,808800,1246983,311836,126509
4.0,0.5,80,1,10968122095076360354,3.0,3.25,26,0.8105377988381951,nan,nan,877624,1352208,337236,137508
4.0,0.5,80,2,10968122095076360354,3.0,3.25,26,0.5502544137734696,nan,nan,877624,1352208,337236,137508
4.0,0.5,80,3,10968122095076360354,3.0,3.25,26,0.32171378829580194,nan,nan,877624,1352208,337236,137508
4.0,0.5,81,1,4649280908356648612,3.0,3.25,26,0.8111838329074648,nan,nan,917585,1411954,352055,142474
4.0,0.5,81,2,4649280908356648612,3.0,3.25,26,0.552275334109294,nan,nan,917585,1411954,352055,142474
4.0,0.5,81,3,4649280908356648612,3.0,3.25,26,0.3226113627953382,nan,nan,917585,1411954,352055,142474
4.0,0.5,82,1,12681381704513356862,3.0,3.25,26,0.8096242476164816,nan,nan,709189,1093882,273466,111387
4.0,0.5,82,2,12681381704513356862,3.0,3.25,26,0.5484528396331053,nan,nan,709189,1093882,273466,111387
4.0,0.5,82,3,12681381704513356862,3.0,3.25,26,0.31952073702975803,nan,nan,709189,1093882,273466,111387
4.0,0.5,83,1,12597253315119386323,3.0,3.25,26,0.810783645553344,nan,nan,801959,1236410,309441,125170
4.0,0.5,83,2,12597253315119386323,3.0,3.25,26,0.5507744050092395,nan,nan,801959,1236410,309441,125170
4.0,0.5,83,3,12597253315119386323,3.0,3.25,26,0.32206498252551363,nan,nan,801959,1236410,309441,125170
4.0,0.5,84,1,14862562413095185236,3.0,3.25,26,0.8101941457434452,nan,nan,801777,1236197,309369,125211
4.0,0.5,84,2,14862562413095185236,3.0,3.25,26,0.5498543826501899,nan,nan,801777,1236197,309369,125211
4.0,0.5,84,3,14862562413095185236,3.0,3.25,26,0.32121383177558144,nan,nan,801777,1236197,309369,125211
4.0,0.5,85,1,1912604092265666760,3.0,3.25,26,0.8103979088087991,nan,nan,674098,1037526,258924,104664
4.0,0.5,85,2,1912604092265666760,3.0,3.25,26,0.5508117720590887,nan,nan,674098,1037526,258924,104664
4.0,0.5,85,3,1912604092265666760,3.0,3.25,26,0.3214392993723934,nan,nan,674098,1037526,258924,104664
4.0,0.5,86,1,10350495506651110036,3.0,3.25,26,0.811303797898664,nan,nan,861493,1328525,332270,134922
4.0,0.5,86,2,10350495506651110036,3.0,3.25,26,0.5524826731373088,nan,nan,861493,1328525,332270,134922
4.0,0.5,86,3,10350495506651110036,3.0,3.25,26,0.32320087345738063,nan,nan,861493,1328525,332270,134922
4.0,0.5,87,1,16308546700838130014,3.0,3.25,26,0.8108798634982779,nan,nan,866763,1335177,333875,134699
4.0,0.5,87,2,16308546700838130014,3.0,3.25,26,0.5511701181872364,nan,nan,866763,1335177,333875,134699
4.0,0.5,87,3,16308546700838130014,3.0,3.25,26,0.32205360051608767,nan,nan,866763,1335177,333875,134699
4.0,0.5,88,1,15570900219485469886,3.0,3.25,26,0.8103429973195332,nan,nan,755070,1164614,291252,118452
4.0,0.5,88,2,15570900219485469886,3.0,3.25,26,0.5490998876759787,nan,nan,755070,1164614,291252,118452
4.0,0.5,88,3,15570900219485469886,3.0,3.25,26,0.3189990808680317,nan,nan,755070,1164614,291252,118452
4.0,0.5,89,1,4507460713070450227,3.0,3.25,26,0.8111414051584412,nan,nan,734633,1133797,283755,115569
4.0,0.5,89,2,4507460713070450227,3.0,3.25,26,0.5522681175871809,nan,nan,734633,1133797,283755,115569
4.0,0.5,89,3,4507460713070450227,3.0,3.25,26,0.3232455969398015,nan,nan,734633,1133797,283755,115569
4.0,0.5,90,1,16614376857310694579,3.0,3.25,26,0.8108964473882767,nan,nan,973583,1499357,373942,151994
4.0,0.5,90,2,16614376857310694579,3.0,3.25,26,0.551364671771405,nan,nan,973583,1499357,373942,151994
4.0,0.5,90,3,16614376857310694579,3.0,3.25,26,0.3221512277999648,nan,nan,973583,1499357,373942,151994
4.0,0.5,91,1,3023972242351178986,3.0,3.25,26,0.8106412067485732,nan,nan,692528,1068576,267651,108559
4.0,0.5,91,2,3023972242351178986,3.0,3.25,26,0.5501851253127387,nan,nan,692528,1068576,267651,108559
4.0,0.5,91,3,3023972242351178986,3.0,3.25,26,0.3205573416555897,nan,nan,692528,1068576,267651,108559
4.0,0.5,92,1,11783334769362294430,3.0,3.25,26,0.8107570044179775,nan,nan,782918,1205738,301057,121924
4.0,0.5,92,2,11783334769362294430,3.0,3.25,26,0.5504386873047477,nan,nan,782918,1205738,301057,121924
4.0,0.5,92,3,11783334769362294430,3.0,3.25,26,0.3204497153981209,nan,nan,782918,1205738,301057,121924
4.0,0.5,93,1,10284110988470596949,3.0,3.25,26,0.8114891858962009,nan,nan,706300,1088295,271727,110428
4.0,0.5,93,2,10284110988470596949,3.0,3.25,26,0.5527436616152076,nan,nan,706300,1088295,271727,110428
4.0,0.5,93,3,10284110988470596949,3.0,3.25,26,0.32292895468003463,nan,nan,706300,1088295,271727,110428
4.0,0.5,94,1,9007543923578916007,3.0,3.25,26,0.8112668779389091,nan,nan,805139,1239208,309245,124985
4.0,0.5,94,2,9007543923578916007,3.0,3.25,26,0.5516058211108186,nan,nan,805139,1239208,309245,124985
4.0,0.5,94,3,9007543923578916007,3.0,3.25,26,0.321988017542051,nan,nan,805139,1239208,309245,124985
4.0,0.5,95,1,5543049673586282047,3.0,3.25,26,0.8107750552125432,nan,nan,793467,1223225,306262,123660
4.0,0.5,95,2,5543049673586282047,3.0,3.25,26,0.5504861195468937,nan,nan,793467,1223225,306262,123660
4.0,0.5,95,3,5543049673586282047,3.0,3.25,26,0.321193078433167,nan,nan,793467,1223225,306262,123660
4.0,0.5,96,1,9803952719288372859,3.0,3.25,26,0.8103427090679918,nan,nan,952937,1467090,366096,148221
4.0,0.5,96,2,9803952719288372859,3.0,3.25,26,0.5508945655365598,nan,nan,952937,1467090,366096,148221
4.0,0.5,96,3,9803952719288372859,3.0,3.25,26,0.32181874239943414,nan,nan,952937,1467090,366096,148221
4.0,0.5,97,1,3466141088188040757,3.0,3.25,26,0.8111678588525307,nan,nan,777609,1196567,298202,120916
4.0,0.5,97,2,3466141088188040757,3.0,3.25,26,0.5515618291517568,nan,nan,777609,1196567,298202,120916
4.0,0.5,97,3,3466141088188040757,3.0,3.25,26,0.32230950023555305,nan,nan,777609,1196567,298202,120916
4.0,0.5,98,1,2458454942767578282,3.0,3.25,26,0.8118746820739658,nan,nan,824289,1269228,316392,128708
4.0,0.5,98,2,2458454942767578282,3.0,3.25,26,0.5524486644842175,nan,nan,824289,1269228,316392,128708
4.0,0.5,98,3,2458454942767578282,3.0,3.25,26,0.322525795145043,nan,nan,824289,1269228,316392,128708
4.0,0.5,99,1,15040459800702419866,3.0,3.25,26,0.8101560424919909,nan,nan,700459,1081374,271148,109927
4.0,0.5,99,2,15040459800702419866,3.0,3.25,26,0.5498117060657735,nan,nan,700459,1081374,271148,109927
4.0,0.5,99,3,15040459800702419866,3.0,3.25,26,0.3194220492969927,nan,nan,700459,1081374,271148,109927
4.0,0.5,100,1,655375504013376943,3.0,3.25,26,0.8095336175257771,nan,nan,848963,1309741,327851,133087
4.0,0.5,100,2,655375504013376943,3.0,3.25,26,0.5488325801911442,nan,nan,848963,1309741,327851,133087
4.0,0.5,100,3,655375504013376943,3.0,3.25,26,0.31870661971470915,nan,nan,848963,1309741,327851,133087
4.0,0.5,101,1,9200863500290351847,3.0,3.25,26,0.8100021602477897,nan,nan,680054,1047130,261321,105920
4.0,0.5,101,2,9200863500290351847,3.0,3.25,26,0.5501679109274429,nan,nan,680054,1047130,261321,105920
4.0,0.5,101,3,9200863500290351847,3.0,3.25,26,0.32138125498191983,nan,nan,680054,1047130,261321,105920
4.0,0.5,102,1,9195084645757873549,3.0,3.25,26,0.8108057920136349,nan,nan,781007,1203181,300147,122187
4.0,0.5,102,2,9195084645757873549,3.0,3.25,26,0.5519051584670485,nan,nan,781007,1203181,300147,122187
4.0,0.5,102,3,9195084645757873549,3.0,3.25,26,0.32318045424816066,nan,nan,781007,1203181,300147,122187
4.0,0.5,103,1,8906250307680869927,3.0,3.25,26,0.8106813808164326,nan,nan,895886,1381387,345885,139776
4.0,0.5,103,2,8906250307680869927,3.0,3.25,26,0.5502097167338807,nan,nan,895886,1381387,345885,139776
4.0,0.5,103,3,8906250307680869927,3.0,3.25,26,0.3193720765548483,nan,nan,895886,1381387,345885,139776
4.0,0.5,104,1,16504525994026760496,3.0,3.25,26,0.8092588313423543,nan,nan,913861,1409296,352095,143501
4.0,0.5,104,2,16504525994026760496,3.0,3.25,26,0.5486347381190814,nan,nan,913861,1409296,352095,143501
4.0,0.5,104,3,16504525994026760496,3.0,3.25,26,0.3194999281519281,nan,nan,913861,1409296,352095,143501
4.0,0.5,105,1,8084017381663974123,3.0,3.25,26,0.8093779279472935,nan,nan,770346,1189191,297959,121046
4.0,0.5,105,2,8084017381663974123,3.0,3.25,26,0.54930160428319,nan,nan,770346,1189191,297959,121046
4.0,0.5,105,3,8084017381663974123,3.0,3.25,26,0.31976841715918086,nan,nan,770346,1189191,297959,121046
4.0,0.5,106,1,16343765536774155899,3.0,3.25,26,0.8111597053868808,nan,nan,854247,1314721,327459,133175
4.0,0.5,106,2,16343765536774155899,3.0,3.25,26,0.5511481450728085,nan,nan,854247,1314721,327459,133175
4.0,0.5,106,3,16343765536774155899,3.0,3.25,26,0.32192022031470285,nan,nan,854247,1314721,327459,133175
4.0,0.5,107,1,7163049992930067907,3.0,3.25,26,0.8094882995173891,nan,nan,915512,1413693,354774,143567
4.0,0.5,107,2,7163049992930067907,3.0,3.25,26,0.5486385764394318,nan,nan,915512,1413693,354774,143567
4.0,0.5,107,3,7163049992930067907,3.0,3.25,26,0.31934061182095896,nan,nan,915512,1413693,354774,143567
4.0,0.5,108,1,13433870804238081895,3.0,3.25,26,0.811724146794605,nan,nan,691228,1063037,265189,106780
4.0,0.5,108,2,13433870804238081895,3.0,3.25,26,0.5517953099475409,nan,nan,691228,1063037,265189,106780
4.0,0.5,108,3,13433870804238081895,3.0,3.25,26,0.3225552334195558,nan,nan,691228,1063037,265189,106780
4.0,0.5,109,1,8195866534187340650,3.0,3.25,26,0.8111386823238651,nan,nan,646171,994391,248083,100299
4.0,0.5,109,2,8195866534187340650,3.0,3.25,26,0.5523008823249003,nan,nan,646171,994391,248083,100299
4.0,0.5,109,3,8195866534187340650,3.0,3.25,26,0.3236229719199262,nan,nan,646171,994391,248083,100299
4.0,0.5,110,1,9357119887312560462,3.0,3.25,26,0.8102952003385462,nan,nan,792789,1219619,304127,122864
4.0,0.5,110,2,9357119887312560462,3.0,3.25,26,0.5500203877159878,nan,nan,792789,1219619,304127,122864
4.0,0.5,110,3,9357119887312560462,3.0,3.25,26,0.32011456356929896,nan,nan,792789,1219619,304127,122864
4.0,0.5,111,1,4522131073632313539,3.0,3.25,26,0.811867089690913,nan,nan,802486,1238533,310221,125986
4.0,0.5,111,2,4522131073632313539,3.0,3.25,26,0.55208588804644,nan,nan,802486,1238533,310221,125986
4.0,0.5,111,3,4522131073632313539,3.0,3.25,26,0.3227061861388716,nan,nan,802486,1238533,310221,125986
4.0,0.5,112,1,18185313146764193940,3.0,3.25,26,0.8095841600865561,nan,nan,806258,1243241,311240,125903
4.0,0.5,112,2,18185313146764193940,3.0,3.25,26,0.549091476883816,nan,nan,806258,1243241,311240,125903
4.0,0.5,112,3,18185313146764193940,3.0,3.25,26,0.3206481506120286,nan,nan,806258,1243241,311240,125903
4.0,0.5,113,1,10771000902041956657,3.0,3.25,26,0.8108131226705299,nan,nan,767632,1183308,295806,120030
4.0,0.5,113,2,10771000902041956657,3.0,3.25,26,0.5515110650091194,nan,nan,767632,1183308,295806,120030
4.0,0.5,113,3,10771000902041956657,3.0,3.25,26,0.32314346867747534,nan,nan,767632,1183308,295806,120030
4.0,0.5,114,1,14699799456474880622,3.0,3.25,26,0.8108616126216908,nan,nan,839030,1293784,323685,131232
4.0,0.5,114,2,14699799456474880622,3.0,3.25,26,0.5507061193094364,nan,nan,839030,1293784,323685,131232
4.0,0.5,114,3,14699799456474880622,3.0,3.25,26,0.3208127249962404,nan,nan,839030,1293784,323685,131232
4.0,0.5,115,1,16380825466407568718,3.0,3.25,26,0.8105680702290248,nan,nan,831450,1281822,320428,130104
4.0,0.5,115,2,16380825466407568718,3.0,3.25,26,0.5505054459091232,nan,nan,831450,1281822,320428,130104
4.0,0.5,115,3,16380825466407568718,3.0,3.25,26,0.3209921987710913,nan,nan,831450,1281822,320428,130104
4.0,0.5,116,1,1075435343137842187,3.0,3.25,26,0.8093935771538334,nan,nan,801396,1238927,311519,126172
4.0,0.5,116,2,1075435343137842187,3.0,3.25,26,0.5485928634164258,nan,nan,801396,1238927,311519,126172
4.0,0.5,116,3,1075435343137842187,3.0,3.25,26,0.3189077557827148,nan,nan,801396,1238927,311519,126172
4.0,0.5,117,1,5702925022833213795,3.0,3.25,26,0.8101637119032014,nan,nan,771496,1191170,298815,121019
4.0,0.5,117,2,5702925022833213795,3.0,3.25,26,0.5503605814449626,nan,nan,771496,1191170,298815,121019
4.0,0.5,117,3,5702925022833213795,3.0,3.25,26,0.3220321063436717,nan,nan,771496,1191170,298815,121019
4.0,0.5,118,1,9054468182396391528,3.0,3.25,26,0.8115242798611256,nan,nan,806412,1243509,311696,125561
4.0,0.5,118,2,9054468182396391528,3.0,3.25,26,0.5526028068004193,nan,nan,806412,1243509,311696,125561
4.0,0.5,118,3,9054468182396391528,3.0,3.25,26,0.3228668405655034,nan,nan,806412,1243509,311696,125561
4.0,0.5,119,1,7946319139683266674,3.0,3.25,26,0.8098096191775179,nan,nan,832342,1281547,319810,129555
4.0,0.5,119,2,7946319139683266674,3.0,3.25,26,0.549389264674232,nan,nan,832342,1281547,319810,129555
4.0,0.5,119,3,7946319139683266674,3.0,3.25,26,0.3204119384257363,nan,nan,832342,1281547,319810,129555
4.0,0.75,0,1,9021938443950091317,3.0,3.25,26,0.8153676356645368,nan,nan,410734,688121,171853,105695
4.0,0.75,0,2,9021938443950091317,3.0,3.25,26,0.5571792309494401,nan,nan,410734,688121,171853,105695
4.0,0.75,0,3,9021938443950091317,3.0,3.25,26,0.32607041558836397,nan,nan,410734,688121,171853,105695
4.0,0.75,1,1,18046887445247558702,3.0,3.25,26,0.8161658623271014,nan,nan,380231,635351,158701,96580
4.0,0.75,1,2,18046887445247558702,3.0,3.25,26,0.5606018680743413,nan,nan,380231,635351,158701,96580
4.0,0.75,1,3,18046887445247558702,3.0,3.25,26,0.3318185203952911,nan,nan,380231,635351,158701,96580
4.0,0.75,2,1,8134863108043657939,3.0,3.25,26,0.8168883333066523,nan,nan,365989,611879,152917,93133
4.0,0.75,2,2,8134863108043657939,3.0,3.25,26,0.5619739913851574,nan,nan,365989,611879,152917,93133
4.0,0.75,2,3,8134863108043657939,3.0,3.25,26,0.334475510329679,nan,nan,365989,611879,152917,93133
4.0,0.75,3,1,10846450009272430162,3.0,3.25,26,0.8151215646043993,nan,nan,410206,688223,172424,105753
4.0,0.75,3,2,10846450009272430162,3.0,3.25,26,0.5576439243406208,nan,nan,410206,688223,172424,105753
4.0,0.75,3,3,10846450009272430162,3.0,3.25,26,0.32740862004442906,nan,nan,410206,688223,172424,105753
4.0,0.75,4,1,4091202395821960699,3.0,3.25,26,0.8153391926570344,nan,nan,470888,789352,197670,120954
4.0,0.75,4,2,4091202395821960699,3.0,3.25,26,0.5584032308543028,nan,nan,470888,789352,197670,120954
4.0,0.75,4,3,4091202395821960699,3.0,3.25,26,0.32842776824542674,nan,nan,470888,789352,197670,120954
4.0,0.75,5,1,14246528841887316164,3.0,3.25,26,0.8155756849851256,nan,nan,485924,813253,203239,124250
4.0,0.75,5,2,14246528841887316164,3.0,3.25,26,0.5600679579804333,nan,nan,485924,813253,203239,124250
4.0,0.75,5,3,14246528841887316164,3.0,3.25,26,0.3309559101222908,nan,nan,485924,813253,203239,124250
4.0,0.75,6,1,18008245559253474426,3.0,3.25,26,0.816608176336212,nan,nan,442125,739607,184689,112953
4.0,0.75,6,2,18008245559253474426,3.0,3.25,26,0.5613742765133324,nan,nan,442125,739607,184689,112953
4.0,0.75,6,3,18008245559253474426,3.0,3.25,26,0.33209399884010626,nan,nan,442125,739607,184689,112953
4.0,0.75,7,1,10525207744200936392,3.0,3.25,26,0.8153536315829809,nan,nan,398184,667497,166841,102632
4.0,0.75,7,2,10525207744200936392,3.0,3.25,26,0.558677818106553,nan,nan,398184,667497,166841,102632
4.0,0.75,7,3,10525207744200936392,3.0,3.25,26,0.3286897368482605,nan,nan,398184,667497,166841,102632
4.0,0.75,8,1,6405649790065721765,3.0,3.25,26,0.8130732844829028,nan,nan,343866,578329,145213,89411
4.0,0.75,8,2,6405649790065721765,3.0,3.25,26,0.5541830494448029,nan,nan,343866,578329,145213,89411
4.0,0.75,8,3,6405649790065721765,3.0,3.25,26,0.32461643038830534,nan,nan,343866,578329,145213,89411
4.0,0.75,9,1,529198996289068847,3.0,3.25,26,0.8162554854370134,nan,nan,445243,745118,186397,113642
4.0,0.75,9,2,529198996289068847,3.0,3.25,26,0.5607257418573464,nan,nan,445243,745118,186397,113642
4.0,0.75,9,3,529198996289068847,3.0,3.25,26,0.3318701738541805,nan,nan,445243,745118,186397,113642
4.0,0.75,10,1,2463475471174049015,3.0,3.25,26,0.8151319123828172,nan,nan,421503,705858,176593,107922
4.0,0.75,10,2,2463475471174049015,3.0,3.25,26,0.5582208347901297,nan,nan,421503,705858,176593,107922
4.0,0.75,10,3,2463475471174049015,3.0,3.25,26,0.32937705946004525,nan,nan,421503,705858,176593,107922
4.0,0.75,11,1,13980637521266468255,3.0,3.25,26,0.8157755353613061,nan,nan,497087,833050,208694,127429
4.0,0.75,11,2,13980637521266468255,3.0,3.25,26,0.5590470297288807,nan,nan,497087,833050,208694,127429
4.0,0.75,11,3,13980637521266468255,3.0,3.25,26,0.32920519174300594,nan,nan,497087,833050,208694,127429
4.0,0.75,12,1,16669503483308006016,3.0,3.25,26,0.8149039280203484,nan,nan,385572,647978,162801,99765
4.0,0.75,12,2,16669503483308006016,3.0,3.25,26,0.5575561388656118,nan,nan,385572,647978,162801,99765
4.0,0.75,12,3,16669503483308006016,3.0,3.25,26,0.32804871655375634,nan,nan,385572,647978,162801,99765
4.0,0.75,13,1,14436257071047337887,3.0,3.25,26,0.8156091410209396,nan,nan,471641,789343,197106,120757
4.0,0.75,13,2,14436257071047337887,3.0,3.25,26,0.5582488426154435,nan,nan,471641,789343,197106,120757
4.0,0.75,13,3,14436257071047337887,3.0,3.25,26,0.32894012307091347,nan,nan,471641,789343,197106,120757
4.0,0.75,14,1,10921746518310271101,3.0,3.25,26,0.8185267835219402,nan,nan,473300,791100,197503,120457
4.0,0.75,14,2,10921746518310271101,3.0,3.25,26,0.5647755450006211,nan,nan,473300,791100,197503,120457
4.0,0.75,14,3,10921746518310271101,3.0,3.25,26,0.3363646397838024,nan,nan,473300,791100,197503,120457
4.0,0.75,15,1,8348423821596541532,3.0,3.25,26,0.8154594490294501,nan,nan,366670,615533,154481,94546
4.0,0.75,15,2,8348423821596541532,3.0,3.25,26,0.5589233201163764,nan,nan,366670,615533,154481,94546
4.0,0.75,15,3,8348423821596541532,3.0,3.25,26,0.33039592630761383,nan,nan,366670,615533,154481,94546
4.0,0.75,16,1,4798446466035130149,3.0,3.25,26,0.8152265651786756,nan,nan,467014,781993,195348,119797
4.0,0.75,16,2,4798446466035130149,3.0,3.25,26,0.5582620064133901,nan,nan,467014,781993,195348,119797
4.0,0.75,16,3,4798446466035130149,3.0,3.25,26,0.32912594230731673,nan,nan,467014,781993,195348,119797
4.0,0.75,17,1,11818477835097557043,3.0,3.25,26,0.8161436939303073,nan,nan,474376,792525,197591,120719
4.0,0.75,17,2,11818477835097557043,3.0,3.25,26,0.5601321117480293,nan,nan,474376,792525,197591,120719
4.0,0.75,17,3,11818477835097557043,3.0,3.25,26,0.33132851458610973,nan,nan,474376,792525,197591,120719
4.0,0.75,18,1,16065537283642503417,3.0,3.25,26,0.8166915533811269,nan,nan,366681,612462,152426,93516
4.0,0.75,18,2,16065537283642503417,3.0,3.25,26,0.5601843241919928,nan,nan,366681,612462,152426,93516
4.0,0.75,18,3,16065537283642503417,3.0,3.25,26,0.33121614172041175,nan,nan,366681,612462,152426,93516
4.0,0.75,19,1,9422868684006418819,3.0,3.25,26,0.8152925270587835,nan,nan,494308,828040,206998,126894
4.0,0.75,19,2,9422868684006418819,3.0,3.25,26,0.5582408573946046,nan,nan,494308,828040,206998,126894
4.0,0.75,19,3,9422868684006418819,3.0,3.25,26,0.3286677310350792,nan,nan,494308,828040,206998,126894
4.0,0.75,20,1,8341589272465699215,3.0,3.25,26,0.8162545921418022,nan,nan,432374,723574,181066,110300
4.0,0.75,20,2,8341589272465699215,3.0,3.25,26,0.5608224591697272,nan,nan,432374,723574,181066,110300
4.0,0.75,20,3,8341589272465699215,3.0,3.25,26,0.3325170281994891,nan,nan,432374,723574,181066,110300
4.0,0.75,21,1,60133475155661159,3.0,3.25,26,0.8169409704605793,nan,nan,414639,695334,174534,106321
4.0,0.75,21,2,60133475155661159,3.0,3.25,26,0.5623509694436185,nan,nan,414639,695334,174534,106321
4.0,0.75,21,3,60133475155661159,3.0,3.25,26,0.33379249567410346,nan,nan,414639,695334,174534,106321
4.0,0.75,22,1,5783907755014812649,3.0,3.25,26,0.8154758123028214,nan,nan,455943,764854,191877,117200
4.0,0.75,22,2,5783907755014812649,3.0,3.25,26,0.5592709785278674,nan,nan,455943,764854,191877,117200
4.0,0.75,22,3,5783907755014812649,3.0,3.25,26,0.3302695419626725,nan,nan,455943,764854,191877,117200
4.0,0.75,23,1,12631622420328333184,3.0,3.25,26,0.8152615180338998,nan,nan,377652,631393,157648,96253
4.0,0.75,23,2,12631622420328333184,3.0,3.25,26,0.5581307782440637,nan,nan,377652,631393,157648,96253
4.0,0.75,23,3,12631622420328333184,3.0,3.25,26,0.3283858644595344,nan,nan,377652,631393,157648,96253
4.0,0.75,24,1,8057228577861640011,3.0,3.25,26,0.8161621955973946,nan,nan,441361,737595,183890,112504
4.0,0.75,24,2,8057228577861640011,3.0,3.25,26,0.5602486014576304,nan,nan,441361,737595,183890,112504
4.0,0.75,24,3,8057228577861640011,3.0,3.25,26,0.33162583686968783,nan,nan,441361,737595,183890,112504
4.0,0.75,25,1,3180036016855178632,3.0,3.25,26,0.8161141346031991,nan,nan,410094,686701,171545,105222
4.0,0.75,25,2,3180036016855178632,3.0,3.25,26,0.5602538070189268,nan,nan,410094,686701,171545,105222
4.0,0.75,25,3,3180036016855178632,3.0,3.25,26,0.33133141997770493,nan,nan,410094,686701,171545,105222
4.0,0.75,26,1,18234289097682821777,3.0,3.25,26,0.8167559999572421,nan,nan,466265,780169,195185,118879
4.0,0.75,26,2,18234289097682821777,3.0,3.25,26,0.5612153987435516,nan,nan,466265,780169,195185,118879
4.0,0.75,26,3,18234289097682821777,3.0,3.25,26,0.33289388497326766,nan,nan,466265,780169,195185,118879
4.0,0.75,27,1,10531753443710308083,3.0,3.25,26,0.8151964895251645,nan,nan,329500,551620,137886,84394
4.0,0.75,27,2,10531753443710308083,3.0,3.25,26,0.5573418042028115,nan,nan,329500,551620,137886,84394
4.0,0.75,27,3,10531753443710308083,3.0,3.25,26,0.327350619799362,nan,nan,329500,551620,137886,84394
4.0,0.75,28,1,9470928790880046097,3.0,3.25,26,0.8149532417247444,nan,nan,425865,713760,178734,109321
4.0,0.75,28,2,9470928790880046097,3.0,3.25,26,0.5585494977594819,nan,nan,425865,713760,178734,109321
4.0,0.75,28,3,9470928790880046097,3.0,3.25,26,0.32929392377048966,nan,nan,425865,713760,178734,109321
4.0,0.75,29,1,2604813282647379204,3.0,3.25,26,0.815380550744695,nan,nan,374533,627508,157097,96038
4.0,0.75,29,2,2604813282647379204,3.0,3.25,26,0.5577518526533465,nan,nan,374533,627508,157097,96038
4.0,0.75,29,3,2604813282647379204,3.0,3.25,26,0.32742909209106436,nan,nan,374533,627508,157097,96038
4.0,0.75,30,1,8301133974909170962,3.0,3.25,26,0.8158053461758038,nan,nan,406597,679220,169221,103562
4.0,0.75,30,2,8301133974909170962,3.0,3.25,26,0.5603650651772848,nan,nan,406597,679220,169221,103562
4.0,0.75,30,3,8301133974909170962,3.0,3.25,26,0.3310424787645942,nan,nan,406597,679220,169221,103562
4.0,0.75,31,1,8013670184632213521,3.0,3.25,26,0.8178112486925875,nan,nan,413955,692163,172575,105793
4.0,0.75,31,2,8013670184632213521,3.0,3.25,26,0.5632801710412416,nan,nan,413955,692163,172575,105793
4.0,0.75,31,3,8013670184632213521,3.0,3.25,26,0.3345566598323067,nan,nan,413955,692163,172575,105793
4.0,0.75,32,1,12514421922669809384,3.0,3.25,26,0.8159017262294422,nan,nan,369843,620128,155374,95071
4.0,0.75,32,2,12514421922669809384,3.0,3.25,26,0.5587850770711749,nan,nan,369843,620128,155374,95071
4.0,0.75,32,3,12514421922669809384,3.0,3.25,26,0.3291897281485036,nan,nan,369843,620128,155374,95071
4.0,0.75,33,1,9393898855861180558,3.0,3.25,26,0.813780475530457,nan,nan,403169,676788,169940,103839
4.0,0.75,33,2,9393898855861180558,3.0,3.25,26,0.5544172776290169,nan,nan,403169,676788,169940,103839
4.0,0.75,33,3,9393898855861180558,3.0,3.25,26,0.3241606956660892,nan,nan,403169,676788,169940,103839
4.0,0.75,34,1,1871930279169075276,3.0,3.25,26,0.8144198086089054,nan,nan,436402,734388,184722,113424
4.0,0.75,34,2,1871930279169075276,3.0,3.25,26,0.5559875692971842,nan,nan,436402,734388,184722,113424
4.0,0.75,34,3,1871930279169075276,3.0,3.25,26,0.3261932781102453,nan,nan,436402,734388,184722,113424
4.0,0.75,35,1,3485061381135551941,3.0,3.25,26,0.8153670026716633,nan,nan,487617,816667,203919,125291
4.0,0.75,35,2,3485061381135551941,3.0,3.25,26,0.5582098370792059,nan,nan,487617,816667,203919,125291
4.0,0.75,35,3,3485061381135551941,3.0,3.25,26,0.32902134039547537,nan,nan,487617,816667,203919,125291
4.0,0.75,36,1,11940438715038368859,3.0,3.25,26,0.8174065451797822,nan,nan,392770,656099,163909,99580
4.0,0.75,36,2,11940438715038368859,3.0,3.25,26,0.5618825169896539,nan,nan,392770,656099,163909,99580
4.0,0.75,36,3,11940438715038368859,3.0,3.25,26,0.3325277551933835,nan,nan,392770,656099,163909,99580
4.0,0.75,37,1,8788067931705739272,3.0,3.25,26,0.8145485560469256,nan,nan,403073,677122,170187,104031
4.0,0.75,37,2,8788067931705739272,3.0,3.25,26,0.5563797465288561,nan,nan,403073,677122,170187,104031
4.0,0.75,37,3,8788067931705739272,3.0,3.25,26,0.32606133409986593,nan,nan,403073,677122,170187,104031
4.0,0.75,38,1,1156787341427603524,3.0,3.25,26,0.8153542539206396,nan,nan,439593,737005,184587,112985
4.0,0.75,38,2,1156787341427603524,3.0,3.25,26,0.559029901925261,nan,nan,439593,737005,184587,112985
4.0,0.75,38,3,1156787341427603524,3.0,3.25,26,0.3306444471464819,nan,nan,439593,737005,184587,112985
4.0,0.75,39,1,12349153963798119033,3.0,3.25,26,0.8155651093833977,nan,nan,270033,452196,113063,69260
4.0,0.75,39,2,12349153963798119033,3.0,3.25,26,0.5578836266563496,nan,nan,270033,452196,113063,69260
4.0,0.75,39,3,12349153963798119033,3.0,3.25,26,0.32755515986617045,nan,nan,270033,452196,113063,69260
4.0,0.75,40,1,4253037850624969432,3.0,3.25,26,0.816113132511513,nan,nan,469458,786127,196130,120700
4.0,0.75,40,2,4253037850624969432,3.0,3.25,26,0.5600782821096106,nan,nan,469458,786127,196130,120700
4.0,0.75,40,3,4253037850624969432,3.0,3.25,26,0.33089741370853465,nan,nan,469458,786127,196130,120700
4.0,0.75,41,1,835080018393061046,3.0,3.25,26,0.8162715879643667,nan,nan,409023,683050,170467,103724
4.0,0.75,41,2,835080018393061046,3.0,3.25,26,0.5610625590433328,nan,nan,409023,683050,170467,103724
4.0,0.75,41,3,835080018393061046,3.0,3.25,26,0.3312771430083284,nan,nan,409023,683050,170467,103724
4.0,0.75,42,1,15806582568106738314,3.0,3.25,26,0.8153856936039712,nan,nan,517930,867938,216981,133188
4.0,0.75,42,2,15806582568106738314,3.0,3.25,26,0.5604246125734698,nan,nan,517930,867938,216981,133188
4.0,0.75,42,3,15806582568106738314,3.0,3.25,26,0.3313906780881366,nan,nan,517930,867938,216981,133188
4.0,0.75,43,1,9517716624092181740,3.0,3.25,26,0.815967139123111,nan,nan,464347,775945,193343,118415
4.0,0.75,43,2,9517716624092181740,3.0,3.25,26,0.5587378622002924,nan,nan,464347,775945,193343,118415
4.0,0.75,43,3,9517716624092181740,3.0,3.25,26,0.327939691981267,nan,nan,464347,775945,193343,118415
4.0,0.75,44,1,17920679968544871250,3.0,3.25,26,0.8160828435295797,nan,nan,513100,858388,214453,130995
4.0,0.75,44,2,17920679968544871250,3.0,3.25,26,0.5600970432522628,nan,nan,513100,858388,214453,130995
4.0,0.75,44,3,17920679968544871250,3.0,3.25,26,0.3308187564485845,nan,nan,513100,858388,214453,130995
4.0,0.75,45,1,16715442175616634766,3.0,3.25,26,0.815892366283814,nan,nan,376055,629301,157628,95778
4.0,0.75,45,2,16715442175616634766,3.0,3.25,26,0.5601851332932887,nan,nan,376055,629301,157628,95778
4.0,0.75,45,3,16715442175616634766,3.0,3.25,26,0.3313258282704809,nan,nan,376055,629301,157628,95778
4.0,0.75,46,1,7968384798964071706,3.0,3.25,26,0.8146835087914647,nan,nan,455806,762777,190631,116500
4.0,0.75,46,2,7968384798964071706,3.0,3.25,26,0.5572738335340554,nan,nan,455806,762777,190631,116500
4.0,0.75,46,3,7968384798964071706,3.0,3.25,26,0.3274175422960559,nan,nan,455806,762777,190631,116500
4.0,0.75,47,1,13921940429315519484,3.0,3.25,26,0.817057691809944,nan,nan,416461,696521,173925,106295
4.0,0.75,47,2,13921940429315519484,3.0,3.25,26,0.5610318968794499,nan,nan,416461,696521,173925,106295
4.0,0.75,47,3,13921940429315519484,3.0,3.25,26,0.3311607502492434,nan,nan,416461,696521,173925,106295
4.0,0.75,48,1,16857906731009078871,3.0,3.25,26,0.8154542055678988,nan,nan,392787,659588,165567,101396
4.0,0.75,48,2,16857906731009078871,3.0,3.25,26,0.5592028284231234,nan,nan,392787,659588,165567,101396
4.0,0.75,48,3,16857906731009078871,3.0,3.25,26,0.3302640889191703,nan,nan,392787,659588,165567,101396
4.0,0.75,49,1,6961735539474533070,3.0,3.25,26,0.8165084799322595,nan,nan,375144,628239,157154,96103
4.0,0.75,49,2,6961735539474533070,3.0,3.25,26,0.5599663124495206,nan,nan,375144,628239,157154,96103
4.0,0.75,49,3,6961735539474533070,3.0,3.25,26,0.33131595708668143,nan,nan,375144,628239,157154,96103
4.0,0.75,50,1,8463897414995450459,3.0,3.25,26,0.8156030468746877,nan,nan,351894,589941,147874,90333
4.0,0.75,50,2,8463897414995450459,3.0,3.25,26,0.5596252021379707,nan,nan,351894,589941,147874,90333
4.0,0.75,50,3,8463897414995450459,3.0,3.25,26,0.3303227313196656,nan,nan,351894,589941,147874,90333
4.0,0.75,51,1,18235735289584989351,3.0,3.25,26,0.8157178472497975,nan,nan,506584,847833,211670,129739
4.0,0.75,51,2,18235735289584989351,3.0,3.25,26,0.5594391715286182,nan,nan,506584,847833,211670,129739
4.0,0.75,51,3,18235735289584989351,3.0,3.25,26,0.3298520744952602,nan,nan,506584,847833,211670,129739
4.0,0.75,52,1,6946108214142458541,3.0,3.25,26,0.8158487639480955,nan,nan,368036,614980,153183,93921
4.0,0.75,52,2,6946108214142458541,3.0,3.25,26,0.5607555237835402,nan,nan,368036,614980,153183,93921
4.0,0.75,52,3,6946108214142458541,3.0,3.25,26,0.33355087522166393,nan,nan,368036,614980,153183,93921
4.0,0.75,53,1,4895822623449366532,3.0,3.25,26,0.8149266099203845,nan,nan,339085,568636,142227,87488
4.0,0.75,53,2,4895822623449366532,3.0,3.25,26,0.5573947947496113,nan,nan,339085,568636,142227,87488
4.0,0.75,53,3,4895822623449366532,3.0,3.25,26,0.3282329941100164,nan,nan,339085,568636,142227,87488
4.0,0.75,54,1,17292841633676571464,3.0,3.25,26,0.81686833069839,nan,nan,341455,570800,142090,87415
4.0,0.75,54,2,17292841633676571464,3.0,3.25,26,0.5611046125996906,nan,nan,341455,570800,142090,87415
4.0,0.75,54,3,17292841633676571464,3.0,3.25,26,0.33115507006749295,nan,nan,341455,570800,142090,87415
4.0,0.75,55,1,2868195623718745229,3.0,3.25,26,0.8151841856988559,nan,nan,494074,829840,208407,127519
4.0,0.75,55,2,2868195623718745229,3.0,3.25,26,0.5582830943627903,nan,nan,494074,829840,208407,127519
4.0,0.75,55,3,2868195623718745229,3.0,3.25,26,0.328779401927085,nan,nan,494074,829840,208407,127519
4.0,0.75,56,1,4529848693257084393,3.0,3.25,26,0.8153205401817691,nan,nan,362598,606692,151577,92679
4.0,0.75,56,2,4529848693257084393,3.0,3.25,26,0.5579893408837855,nan,nan,362598,606692,151577,92679
4.0,0.75,56,3,4529848693257084393,3.0,3.25,26,0.32840938418886123,nan,nan,362598,606692,151577,92679
4.0,0.75,57,1,1023728135130829661,3.0,3.25,26,0.8145790669008774,nan,nan,408156,684401,171320,105089
4.0,0.75,57,2,1023728135130829661,3.0,3.25,26,0.5579812780184035,nan,nan,408156,684401,171320,105089
4.0,0.75,57,3,1023728135130829661,3.0,3.25,26,0.32868784260917244,nan,nan,408156,684401,171320,105089
4.0,0.75,58,1,10526356708216750535,3.0,3.25,26,0.8157387559460992,nan,nan,449293,751790,187504,115156
4.0,0.75,58,2,10526356708216750535,3.0,3.25,26,0.5585025197259509,nan,nan,449293,751790,187504,115156
4.0,0.75,58,3,10526356708216750535,3.0,3.25,26,0.3286653984989844,nan,nan,449293,751790,187504,115156
4.0,0.75,59,1,1605593967772261407,3.0,3.25,26,0.8158111086959465,nan,nan,483831,809867,202451,123746
4.0,0.75,59,2,1605593967772261407,3.0,3.25,26,0.5591507576648276,nan,nan,483831,809867,202451,123746
4.0,0.75,59,3,1605593967772261407,3.0,3.25,26,0.3286280337935347,nan,nan,483831,809867,202451,123746
4.0,0.75,60,1,10933583953104321013,3.0,3.25,26,0.8151384814274004,nan,nan,521206,872643,218399,133199
4.0,0.75,60,2,10933583953104321013,3.0,3.25,26,0.5588449943623477,nan,nan,521206,872643,218399,133199
4.0,0.75,60,3,10933583953104321013,3.0,3.25,26,0.3294984794861896,nan,nan,521206,872643,218399,133199
4.0,0.75,61,1,5474973807413437189,3.0,3.25,26,0.8147686550485655,nan,nan,489901,819872,204753,125378
4.0,0.75,61,2,5474973807413437189,3.0,3.25,26,0.5578249336489267,nan,nan,489901,819872,204753,125378
4.0,0.75,61,3,5474973807413437189,3.0,3.25,26,0.3294398586320039,nan,nan,489901,819872,204753,125378
4.0,0.75,62,1,8882404062133700827,3.0,3.25,26,0.8163388950639993,nan,nan,442044,738252,183779,112589
4.0,0.75,62,2,8882404062133700827,3.0,3.25,26,0.5585782399258291,nan,nan,442044,738252,183779,112589
4.0,0.75,62,3,8882404062133700827,3.0,3.25,26,0.32906853228549393,nan,nan,442044,738252,183779,112589
4.0,0.75,63,1,599441593600009792,3.0,3.25,26,0.8168557464110777,nan,nan,400400,670258,167411,102608
4.0,0.75,63,2,599441593600009792,3.0,3.25,26,0.562430331384742,nan,nan,400400,670258,167411,102608
4.0,0.75,63,3,599441593600009792,3.0,3.25,26,0.3327042098856693,nan,nan,400400,670258,167411,102608
4.0,0.75,64,1,16514312631983086544,3.0,3.25,26,0.8163704740470406,nan,nan,436469,729260,181884,111067
4.0,0.75,64,2,16514312631983086544,3.0,3.25,26,0.560357761276327,nan,nan,436469,729260,181884,111067
4.0,0.75,64,3,16514312631983086544,3.0,3.25,26,0.330556378384664,nan,nan,436469,729260,181884,111067
4.0,0.75,65,1,3312933575542650269,3.0,3.25,26,0.8148655126778291,nan,nan,464071,778471,194633,119927
4.0,0.75,65,2,3312933575542650269,3.0,3.25,26,0.5574813415198605,nan,nan,464071,778471,194633,119927
4.0,0.75,65,3,3312933575542650269,3.0,3.25,26,0.3270098243759414,nan,nan,464071,778471,194633,119927
4.0,0.75,66,1,14558526283532582471,3.0,3.25,26,0.8168005655742387,nan,nan,330305,550976,137253,83581
4.0,0.75,66,2,14558526283532582471,3.0,3.25,26,0.5615864075740894,nan,nan,330305,550976,137253,83581
4.0,0.75,66,3,14558526283532582471,3.0,3.25,26,0.3327086841814333,nan,nan,330305,550976,137253,83581
4.0,0.75,67,1,15115408746333875840,3.0,3.25,26,0.8160146504183614,nan,nan,413644,691565,172520,105561
4.0,0.75,67,2,15115408746333875840,3.0,3.25,26,0.5586955508310931,nan,nan,413644,691565,172520,105561
4.0,0.75,67,3,15115408746333875840,3.0,3.25,26,0.32855230067284935,nan,nan,413644,691565,172520,105561
4.0,0.75,68,1,4470247694712084669,3.0,3.25,26,0.814899630234516,nan,nan,415063,694986,173691,106393
4.0,0.75,68,2,4470247694712084669,3.0,3.25,26,0.557614153845895,nan,nan,415063,694986,173691,106393
4.0,0.75,68,3,4470247694712084669,3.0,3.25,26,0.3282243690181336,nan,nan,415063,694986,173691,106393
4.0,0.75,69,1,3562137392981001965,3.0,3.25,26,0.8165680331276495,nan,nan,500015,837583,209353,128375
4.0,0.75,69,2,3562137392981001965,3.0,3.25,26,0.5609727044605695,nan,nan,500015,837583,209353,128375
4.0,0.75,69,3,3562137392981001965,3.0,3.25,26,0.3315138041217654,nan,nan,500015,837583,209353,128375
4.0,0.75,70,1,7647270986339451780,3.0,3.25,26,0.8151051123990656,nan,nan,381642,640011,160238,98291
4.0,0.75,70,2,7647270986339451780,3.0,3.25,26,0.5590197414447968,nan,nan,381642,640011,160238,98291
4.0,0.75,70,3,7647270986339451780,3.0,3.25,26,0.3295556472690742,nan,nan,381642,640011,160238,98291
4.0,0.75,71,1,4753306498119395749,3.0,3.25,26,0.8151203671395673,nan,nan,389435,652530,163496,99759
4.0,0.75,71,2,4753306498119395749,3.0,3.25,26,0.5580776186773965,nan,nan,389435,652530,163496,99759
4.0,0.75,71,3,4753306498119395749,3.0,3.25,26,0.3280250346840829,nan,nan,389435,652530,163496,99759
4.0,0.75,72,1,9028717568163464711,3.0,3.25,26,0.8162302746326915,nan,nan,364068,610148,152599,93641
4.0,0.75,72,2,9028717568163464711,3.0,3.25,26,0.5591735259474151,nan,nan,364068,610148,152599,93641
4.0,0.75,72,3,9028717568163464711,3.0,3.25,26,0.3293782605361653,nan,nan,364068,610148,152599,93641
4.0,0.75,73,1,4845143312363772445,3.0,3.25,26,0.8164030583915806,nan,nan,399819,670748,167956,103133
4.0,0.75,73,2,4845143312363772445,3.0,3.25,26,0.5602636104347277,nan,nan,399819,670748,167956,103133
4.0,0.75,73,3,4845143312363772445,3.0,3.25,26,0.33026397654982664,nan,nan,399819,670748,167956,103133
4.0,0.75,74,1,3138624409801576330,3.0,3.25,26,0.8157339235197116,nan,nan,458107,767306,192269,117090
4.0,0.75,74,2,3138624409801576330,3.0,3.25,26,0.5592312945644007,nan,nan,458107,767306,192269,117090
4.0,0.75,74,3,3138624409801576330,3.0,3.25,26,0.3304848567601069,nan,nan,458107,767306,192269,117090
4.0,0.75,75,1,17510890888090599626,3.0,3.25,26,0.8150849120121221,nan,nan,482711,809842,202565,124727
4.0,0.75,75,2,17510890888090599626,3.0,3.25,26,0.5576880078250736,nan,nan,482711,809842,202565,124727
4.0,0.75,75,3,17510890888090599626,3.0,3.25,26,0.3286045966044242,nan,nan,482711,809842,202565,124727
4.0,0.75,76,1,2397529810387099888,3.0,3.25,26,0.8170110904375918,nan,nan,375449,627747,156594,95864
4.0,0.75,76,2,2397529810387099888,3.0,3.25,26,0.5606791890384423,nan,nan,375449,627747,156594,95864
4.0,0.75,76,3,2397529810387099888,3.0,3.25,26,0.3312617705345955,nan,nan,375449,627747,156594,95864
4.0,0.75,77,1,16647742186103365095,3.0,3.25,26,0.8150084972615335,nan,nan,357272,601792,151753,92928
4.0,0.75,77,2,16647742186103365095,3.0,3.25,26,0.5571409442345306,nan,nan,357272,601792,151753,92928
4.0,0.75,77,3,16647742186103365095,3.0,3.25,26,0.32791642272037475,nan,nan,357272,601792,151753,92928
4.0,0.75,78,1,11769966947136709628,3.0,3.25,26,0.81695046139204,nan,nan,345372,580037,145593,89235
4.0,0.75,78,2,11769966947136709628,3.0,3.25,26,0.5621197415886013,nan,nan,345372,580037,145593,89235
4.0,0.75,78,3,11769966947136709628,3.0,3.25,26,0.333583016767017,nan,nan,345372,580037,145593,89235
4.0,0.75,79,1,10091702079421989860,3.0,3.25,26,0.8157085672846246,nan,nan,409917,686139,171477,104905
4.0,0.75,79,2,10091702079421989860,3.0,3.25,26,0.5587406292109762,nan,nan,409917,686139,171477,104905
4.0,0.75,79,3,10091702079421989860,3.0,3.25,26,0.3281729425706728,nan,nan,409917,686139,171477,104905
4.0,0.75,80,1,2635738099242109072,3.0,3.25,26,0.8164913039266509,nan,nan,378546,636200,160200,97616
4.0,0.75,80,2,2635738099242109072,3.0,3.25,26,0.5608050518683755,nan,nan,378546,636200,160200,97616
4.0,0.75,80,3,2635738099242109072,3.0,3.25,26,0.33185549297401173,nan,nan,378546,636200,160200,97616
4.0,0.75,81,1,12166954928598808462,3.0,3.25,26,0.8153604798848149,nan,nan,408612,685621,171592,105577
4.0,0.75,81,2,12166954928598808462,3.0,3.25,26,0.5589484656908614,nan,nan,408612,685621,171592,105577
4.0,0.75,81,3,12166954928598808462,3.0,3.25,26,0.32935622678687043,nan,nan,408612,685621,171592,105577
4.0,0.75,82,1,15930892322283182004,3.0,3.25,26,0.8171882577902647,nan,nan,421018,703544,175395,107291
4.0,0.75,82,2,15930892322283182004,3.0,3.25,26,0.5624191747783648,nan,nan,421018,703544,175395,107291
4.0,0.75,82,3,15930892322283182004,3.0,3.25,26,0.3335455049013723,nan,nan,421018,703544,175395,107291
4.0,0.75,83,1,13584077749166141038,3.0,3.25,26,0.8163918330750513,nan,nan,387900,649095,162195,99160
4.0,0.75,83,2,13584077749166141038,3.0,3.25,26,0.5601108546679826,nan,nan,387900,649095,162195,99160
4.0,0.75,83,3,13584077749166141038,3.0,3.25,26,0.3318924046498414,nan,nan,387900,649095,162195,99160
4.0,0.75,84,1,15147481254191803834,3.0,3.25,26,0.8160741183213365,nan,nan,382756,638844,158999,97249
4.0,0.75,84,2,15147481254191803834,3.0,3.25,26,0.5585617137652693,nan,nan,382756,638844,158999,97249
4.0,0.75,84,3,15147481254191803834,3.0,3.25,26,0.32852492291094,nan,nan,382756,638844,158999,97249
4.0,0.75,85,1,3145581554890540655,3.0,3.25,26,0.8157995171951838,nan,nan,471800,789412,197537,120235
4.0,0.75,85,2,3145581554890540655,3.0,3.25,26,0.5603285046741217,nan,nan,471800,789412,197537,120235
4.0,0.75,85,3,3145581554890540655,3.0,3.25,26,0.3315415911503606,nan,nan,471800,789412,197537,120235
4.0,0.75,86,1,1997932658420908646,3.0,3.25,26,0.8155589259740357,nan,nan,375487,628771,157372,96072
4.0,0.75,86,2,1997932658420908646,3.0,3.25,26,0.5599400283652567,nan,nan,375487,628771,157372,96072
4.0,0.75,86,3,1997932658420908646,3.0,3.25,26,0.33030986760878395,nan,nan,375487,628771,157372,96072
4.0,0.75,87,1,11367736302253995554,3.0,3.25,26,0.8163927049989346,nan,nan,425069,710408,177417,108082
4.0,0.75,87,2,11367736302253995554,3.0,3.25,26,0.560658983873042,nan,nan,425069,710408,177417,108082
4.0,0.75,87,3,11367736302253995554,3.0,3.25,26,0.33116593018984336,nan,nan,425069,710408,177417,108082
4.0,0.75,88,1,18183079515818470578,3.0,3.25,26,0.8146561186571616,nan,nan,372117,623397,155878,95562
4.0,0.75,88,2,18183079515818470578,3.0,3.25,26,0.5575539653596292,nan,nan,372117,623397,155878,95562
4.0,0.75,88,3,18183079515818470578,3.0,3.25,26,0.32822112698692824,nan,nan,372117,623397,155878,95562
4.0,0.75,89,1,16655479244970796635,3.0,3.25,26,0.8154942973651644,nan,nan,515583,864114,216489,132204
4.0,0.75,89,2,16655479244970796635,3.0,3.25,26,0.5588651048876631,nan,nan,515583,864114,216489,132204
4.0,0.75,89,3,16655479244970796635,3.0,3.25,26,0.3299681358544413,nan,nan,515583,864114,216489,132204
4.0,0.75,90,1,6202068863268308075,3.0,3.25,26,0.8141923654419677,nan,nan,368488,619640,155440,95872
4.0,0.75,90,2,6202068863268308075,3.0,3.25,26,0.55570728748621,nan,nan,368488,619640,155440,95872
4.0,0.75,90,3,6202068863268308075,3.0,3.25,26,0.3264509838654703,nan,nan,368488,619640,155440,95872
4.0,0.75,91,1,10251388677259891137,3.0,3.25,26,0.8159525004505184,nan,nan,464784,779321,194893,119805
4.0,0.75,91,2,10251388677259891137,3.0,3.25,26,0.5607552404957232,nan,nan,464784,779321,194893,119805
4.0,0.75,91,3,10251388677259891137,3.0,3.25,26,0.33143423241136005,nan,nan,464784,779321,194893,119805
4.0,0.75,92,1,14284947561900762818,3.0,3.25,26,0.8176752979226645,nan,nan,486525,812760,202582,123814
4.0,0.75,92,2,14284947561900762818,3.0,3.25,26,0.5642417690758479,nan,nan,486525,812760,202582,123814
4.0,0.75,92,3,14284947561900762818,3.0,3.25,26,0.3348620887474407,nan,nan,486525,812760,202582,123814
4.0,0.75,93,1,3372557910468720028,3.0,3.25,26,0.8150098333237594,nan,nan,503624,841731,209300,128972
4.0,0.75,93,2,3372557910468720028,3.0,3.25,26,0.5579647175230642,nan,nan,503624,841731,209300,128972
4.0,0.75,93,3,3372557910468720028,3.0,3.25,26,0.3285585628544186,nan,nan,503624,841731,209300,128972
4.0,0.75,94,1,11650299611395482392,3.0,3.25,26,0.8162941370091633,nan,nan,374857,627389,156543,96149
4.0,0.75,94,2,11650299611395482392,3.0,3.25,26,0.5592153815760726,nan,nan,374857,627389,156543,96149
4.0,0.75,94,3,11650299611395482392,3.0,3.25,26,0.32943794716714864,nan,nan,374857,627389,156543,96149
4.0,0.75,95,1,13712508699566561214,3.0,3.25,26,0.8159195506346179,nan,nan,455089,762461,190994,116540
4.0,0.75,95,2,13712508699566561214,3.0,3.25,26,0.5596365203542095,nan,nan,455089,762461,190994,116540
4.0,0.75,95,3,13712508699566561214,3.0,3.25,26,0.32938538084890817,nan,nan,455089,762461,190994,116540
4.0,0.75,96,1,8719939394991561044,3.0,3.25,26,0.8161912446329199,nan,nan,404290,677278,169347,103805
4.0,0.75,96,2,8719939394991561044,3.0,3.25,26,0.5590666334211393,nan,nan,404290,677278,169347,103805
4.0,0.75,96,3,8719939394991561044,3.0,3.25,26,0.32890747249275826,nan,nan,404290,677278,169347,103805
4.0,0.75,97,1,1424937186556366535,3.0,3.25,26,0.8148335032123712,nan,nan,407481,684009,171565,105123
4.0,0.75,97,2,1424937186556366535,3.0,3.25,26,0.5592361841866762,nan,nan,407481,684009,171565,105123
4.0,0.75,97,3,1424937186556366535,3.0,3.25,26,0.33061526360664417,nan,nan,407481,684009,171565,105123
4.0,0.75,98,1,3903677466892297460,3.0,3.25,26,0.8158852730132915,nan,nan,453717,758887,189937,115394
4.0,0.75,98,2,3903677466892297460,3.0,3.25,26,0.560075121840764,nan,nan,453717,758887,189937,115394
4.0,0.75,98,3,3903677466892297460,3.0,3.25,26,0.33080503106289044,nan,nan,453717,758887,189937,115394
4.0,0.75,99,1,3821465223924786905,3.0,3.25,26,0.8149440003110424,nan,nan,405582,677790,169019,103350
4.0,0.75,99,2,3821465223924786905,3.0,3.25,26,0.5579702947022193,nan,nan,405582,677790,169019,103350
4.0,0.75,99,3,3821465223924786905,3.0,3.25,26,0.3287972596183317,nan,nan,405582,677790,169019,103350
4.0,0.75,100,1,3417705640011180655,3.0,3.25,26,0.816630454766002,nan,nan,433043,723502,180164,110455
4.0,0.75,100,2,3417705640011180655,3.0,3.25,26,0.5616915680290586,nan,nan,433043,723502,180164,110455
4.0,0.75,100,3,3417705640011180655,3.0,3.25,26,0.3318406001818322,nan,nan,433043,723502,180164,110455
4.0,0.75,101,1,4260824998135101303,3.0,3.25,26,0.8161044229461584,nan,nan,387500,648454,162161,98954
4.0,0.75,101,2,4260824998135101303,3.0,3.25,26,0.5604237087762571,nan,nan,387500,648454,162161,98954
4.0,0.75,101,3,4260824998135101303,3.0,3.25,26,0.3323383600960876,nan,nan,387500,648454,162161,98954
4.0,0.75,102,1,4194628423036991218,3.0,3.25,26,0.8176254947028039,nan,nan,380585,636794,158966,97405
4.0,0.75,102,2,4194628423036991218,3.0,3.25,26,0.5620333997481739,nan,nan,380585,636794,158966,97405
4.0,0.75,102,3,4194628423036991218,3.0,3.25,26,0.3327267698670852,nan,nan,380585,636794,158966,97405
4.0,0.75,103,1,891290094238683455,3.0,3.25,26,0.8156764799399385,nan,nan,485761,812891,202872,124418
4.0,0.75,103,2,891290094238683455,3.0,3.25,26,0.5604247309100325,nan,nan,485761,812891,202872,124418
4.0,0.75,103,3,891290094238683455,3.0,3.25,26,0.33207027441503634,nan,nan,485761,812891,202872,124418
4.0,0.75,104,1,3514837257427477206,3.0,3.25,26,0.8159888301800411,nan,nan,411315,688380,172259,104967
4.0,0.75,104,2,3514837257427477206,3.0,3.25,26,0.5598038584396717,nan,nan,411315,688380,172259,104967
4.0,0.75,104,3,3514837257427477206,3.0,3.25,26,0.32975233574652624,nan,nan,411315,688380,172259,104967
4.0,0.75,105,1,14225747628960216599,3.0,3.25,26,0.8172487343365843,nan,nan,405375,677489,169385,102890
4.0,0.75,105,2,14225747628960216599,3.0,3.25,26,0.562441296275786,nan,nan,405375,677489,169385,102890
4.0,0.75,105,3,14225747628960216599,3.0,3.25,26,0.3336428869110547,nan,nan,405375,677489,169385,102890
4.0,0.75,106,1,6717076462061363659,3.0,3.25,26,0.8162254192013354,nan,nan,454737,760261,189848,115838
4.0,0.75,106,2,6717076462061363659,3.0,3.25,26,0.5597101955236325,nan,nan,454737,760261,189848,115838
4.0,0.75,106,3,6717076462061363659,3.0,3.25,26,0.3305924136826706,nan,nan,454737,760261,189848,115838
4.0,0.75,107,1,134273820905308764,3.0,3.25,26,0.8149435123467595,nan,nan,444828,746639,187440,114531
4.0,0.75,107,2,134273820905308764,3.0,3.25,26,0.5579470833195557,nan,nan,444828,746639,187440,114531
4.0,0.75,107,3,134273820905308764,3.0,3.25,26,0.3284895394258359,nan,nan,444828,746639,187440,114531
4.0,0.75,108,1,5495401660479449834,3.0,3.25,26,0.8156649784576907,nan,nan,485051,813486,203700,124895
4.0,0.75,108,2,5495401660479449834,3.0,3.25,26,0.5590359425675518,nan,nan,485051,813486,203700,124895
4.0,0.75,108,3,5495401660479449834,3.0,3.25,26,0.33040112671525657,nan,nan,485051,813486,203700,124895
4.0,0.75,109,1,12099686081879278809,3.0,3.25,26,0.8164878274445281,nan,nan,436355,732314,183515,112604
4.0,0.75,109,2,12099686081879278809,3.0,3.25,26,0.560185807219341,nan,nan,436355,732314,183515,112604
4.0,0.75,109,3,12099686081879278809,3.0,3.25,26,0.33062651768246343,nan,nan,436355,732314,183515,112604
4.0,0.75,110,1,1140965675143975210,3.0,3.25,26,0.8160800097018897,nan,nan,382011,639051,159584,97616
4.0,0.75,110,2,1140965675143975210,3.0,3.25,26,0.5593031796124744,nan,nan,382011,639051,159584,97616
4.0,0.75,110,3,1140965675143975210,3.0,3.25,26,0.32938427242221036,nan,nan,382011,639051,159584,97616
4.0,0.75,111,1,9351895335802615463,3.0,3.25,26,0.8154809286103597,nan,nan,385055,645999,161817,99287
4.0,0.75,111,2,9351895335802615463,3.0,3.25,26,0.5570415589801911,nan,nan,385055,645999,161817,99287
4.0,0.75,111,3,9351895335802615463,3.0,3.25,26,0.3264152760689417,nan,nan,385055,645999,161817,99287
4.0,0.75,112,1,15739712900125534827,3.0,3.25,26,0.8156108946989783,nan,nan,430596,719855,179636,109783
4.0,0.75,112,2,15739712900125534827,3.0,3.25,26,0.560331236476157,nan,nan,430596,719855,179636,109783
4.0,0.75,112,3,15739712900125534827,3.0,3.25,26,0.3313533886861183,nan,nan,430596,719855,179636,109783
4.0,0.75,113,1,8785736387689663867,3.0,3.25,26,0.8159826473099676,nan,nan,455599,762042,190375,116229
4.0,0.75,113,2,8785736387689663867,3.0,3.25,26,0.5608971424057482,nan,nan,455599,762042,190375,116229
4.0,0.75,113,3,8785736387689663867,3.0,3.25,26,0.3324847064576642,nan,nan,455599,762042,190375,116229
4.0,0.75,114,1,1452662477285077337,3.0,3.25,26,0.8157090253628372,nan,nan,416715,698690,174885,107250
4.0,0.75,114,2,1452662477285077337,3.0,3.25,26,0.5591316815474335,nan,nan,416715,698690,174885,107250
4.0,0.75,114,3,1452662477285077337,3.0,3.25,26,0.32942952943287823,nan,nan,416715,698690,174885,107250
4.0,0.75,115,1,13616638277410641491,3.0,3.25,26,0.8148931363675331,nan,nan,496732,831872,208083,127217
4.0,0.75,115,2,13616638277410641491,3.0,3.25,26,0.5578848769997122,nan,nan,496732,831872,208083,127217
4.0,0.75,115,3,13616638277410641491,3.0,3.25,26,0.329087014271215,nan,nan,496732,831872,208083,127217
4.0,0.75,116,1,5870779352402028271,3.0,3.25,26,0.8162856773111251,nan,nan,406446,680066,169937,103843
4.0,0.75,116,2,5870779352402028271,3.0,3.25,26,0.5607760872838546,nan,nan,406446,680066,169937,103843
4.0,0.75,116,3,5870779352402028271,3.0,3.25,26,0.3323139866744174,nan,nan,406446,680066,169937,103843
4.0,0.75,117,1,15585653816468302456,3.0,3.25,26,0.8163767283222897,nan,nan,474882,793823,197996,121105
4.0,0.75,117,2,15585653816468302456,3.0,3.25,26,0.5608013502065738,nan,nan,474882,793823,197996,121105
4.0,0.75,117,3,15585653816468302456,3.0,3.25,26,0.3312628028695789,nan,nan,474882,793823,197996,121105
4.0,0.75,118,1,11430988397707103245,3.0,3.25,26,0.8155777061456064,nan,nan,445065,744121,185664,113557
4.0,0.75,118,2,11430988397707103245,3.0,3.25,26,0.558082601000814,nan,nan,445065,744121,185664,113557
4.0,0.75,118,3,11430988397707103245,3.0,3.25,26,0.32776816378417284,nan,nan,445065,744121,185664,113557
4.0,0.75,119,1,11065898287946745276,3.0,3.25,26,0.8149932882060646,nan,nan,496625,832437,208149,127827
4.0,0.75,119,2,11065898287946745276,3.0,3.25,26,0.5583904391991201,nan,nan,496625,832437,208149,127827
4.0,0.75,119,3,11065898287946745276,3.0,3.25,26,0.32889229545664284,nan,nan,496625,832437,208149,127827
4.0,1.0,0,1,11478416145776242545,3.0,3.25,26,0.819925976164961,nan,nan,230464,423103,105637,87162
4.0,1.0,0,2,11478416145776242545,3.0,3.25,26,0.565764866643463,nan,nan,230464,423103,105637,87162
4.0,1.0,0,3,11478416145776242545,3.0,3.25,26,0.3362069249098388,nan,nan,230464,423103,105637,87162
4.0,1.0,1,1,4400695632093504020,3.0,3.25,26,0.8212673578016504,nan,nan,236654,434754,108613,89648
4.0,1.0,1,2,4400695632093504020,3.0,3.25,26,0.5701202598656393,nan,nan,236654,434754,108613,89648
4.0,1.0,1,3,4400695632093504020,3.0,3.25,26,0.3415597095406629,nan,nan,236654,434754,108613,89648
4.0,1.0,2,1,7826218015243915486,3.0,3.25,26,0.8206906016547404,nan,nan,228586,421304,105883,86997
4.0,1.0,2,2,7826218015243915486,3.0,3.25,26,0.567870496921282,nan,nan,228586,421304,105883,86997
4.0,1.0,2,3,7826218015243915486,3.0,3.25,26,0.3402155442833592,nan,nan,228586,421304,105883,86997
4.0,1.0,3,1,4692747673126087921,3.0,3.25,26,0.8207161102966821,nan,nan,181254,333656,83875,68687
4.0,1.0,3,2,4692747673126087921,3.0,3.25,26,0.5662590205286672,nan,nan,181254,333656,83875,68687
4.0,1.0,3,3,4692747673126087921,3.0,3.25,26,0.33524720918399326,nan,nan,181254,333656,83875,68687
4.0,1.0,4,1,1313116323403943550,3.0,3.25,26,0.8234466471063185,nan,nan,238330,436447,109132,89145
4.0,1.0,4,2,1313116323403943550,3.0,3.25,26,0.5734641408306677,nan,nan,238330,436447,109132,89145
4.0,1.0,4,3,1313116323403943550,3.0,3.25,26,0.3444179277536372,nan,nan,238330,436447,109132,89145
4.0,1.0,5,1,1585621711758516023,3.0,3.25,26,0.8202167389613872,nan,nan,241371,442356,110558,90587
4.0,1.0,5,2,1585621711758516023,3.0,3.25,26,0.5662527733911501,nan,nan,241371,442356,110558,90587
4.0,1.0,5,3,1585621711758516023,3.0,3.25,26,0.3365119775311437,nan,nan,241371,442356,110558,90587
4.0,1.0,6,1,2889297401736857436,3.0,3.25,26,0.821114955201601,nan,nan,231672,423868,106088,86270
4.0,1.0,6,2,2889297401736857436,3.0,3.25,26,0.5685857434880657,nan,nan,231672,423868,106088,86270
4.0,1.0,6,3,2889297401736857436,3.0,3.25,26,0.3390164746091828,nan,nan,231672,423868,106088,86270
4.0,1.0,7,1,12028607245779004935,3.0,3.25,26,0.8181828332564471,nan,nan,186370,344418,86655,71564
4.0,1.0,7,2,12028607245779004935,3.0,3.25,26,0.5633880767109972,nan,nan,186370,344418,86655,71564
4.0,1.0,7,3,12028607245779004935,3.0,3.25,26,0.33391246509805694,nan,nan,186370,344418,86655,71564
4.0,1.0,8,1,2241861226386333952,3.0,3.25,26,0.8215962429377653,nan,nan,236396,432193,107471,88486
4.0,1.0,8,2,2241861226386333952,3.0,3.25,26,0.5709373010818678,nan,nan,236396,432193,107471,88486
4.0,1.0,8,3,2241861226386333952,3.0,3.25,26,0.3416037500455059,nan,nan,236396,432193,107471,88486
4.0,1.0,9,1,1620920192752587816,3.0,3.25,26,0.8214348883077871,nan,nan,195305,359969,90560,74264
4.0,1.0,9,2,1620920192752587816,3.0,3.25,26,0.5691599029222585,nan,nan,195305,359969,90560,74264
4.0,1.0,9,3,1620920192752587816,3.0,3.25,26,0.33878688919160244,nan,nan,195305,359969,90560,74264
4.0,1.0,10,1,5993788380333880545,3.0,3.25,26,0.8204977740998187,nan,nan,235126,432219,108447,88806
4.0,1.0,10,2,5993788380333880545,3.0,3.25,26,0.567655329985662,nan,nan,235126,432219,108447,88806
4.0,1.0,10,3,5993788380333880545,3.0,3.25,26,0.33816942169439035,nan,nan,235126,432219,108447,88806
4.0,1.0,11,1,4009162482323166558,3.0,3.25,26,0.822145800435697,nan,nan,228201,418625,104986,85598
4.0,1.0,11,2,4009162482323166558,3.0,3.25,26,0.5702465562988253,nan,nan,228201,418625,104986,85598
4.0,1.0,11,3,4009162482323166558,3.0,3.25,26,0.34034279160452885,nan,nan,228201,418625,104986,85598
4.0,1.0,12,1,11897793162755899207,3.0,3.25,26,0.8222401696729293,nan,nan,203416,373543,93528,76762
4.0,1.0,12,2,11897793162755899207,3.0,3.25,26,0.5706448445268189,nan,nan,203416,373543,93528,76762
4.0,1.0,12,3,11897793162755899207,3.0,3.25,26,0.3427115333272245,nan,nan,203416,373543,93528,76762
4.0,1.0,13,1,4214251645164742197,3.0,3.25,26,0.8218820674652446,nan,nan,176626,322091,80274,65355
4.0,1.0,13,2,4214251645164742197,3.0,3.25,26,0.5710771486279401,nan,nan,176626,322091,80274,65355
4.0,1.0,13,3,4214251645164742197,3.0,3.25,26,0.3423445991368809,nan,nan,176626,322091,80274,65355
4.0,1.0,14,1,3446823909380909406,3.0,3.25,26,0.8226801064546675,nan,nan,218550,399455,99332,81733
4.0,1.0,14,2,3446823909380909406,3.0,3.25,26,0.5720285951284961,nan,nan,218550,399455,99332,81733
4.0,1.0,14,3,3446823909380909406,3.0,3.25,26,0.3421659101917705,nan,nan,218550,399455,99332,81733
4.0,1.0,15,1,17294610181681743910,3.0,3.25,26,0.8204198259638257,nan,nan,227160,416921,104476,85445
4.0,1.0,15,2,17294610181681743910,3.0,3.25,26,0.5671517521346716,nan,nan,227160,416921,104476,85445
4.0,1.0,15,3,17294610181681743910,3.0,3.25,26,0.338225449629386,nan,nan,227160,416921,104476,85445
4.0,1.0,16,1,1189967386568741860,3.0,3.25,26,0.8221440455243935,nan,nan,209617,384685,96383,78845
4.0,1.0,16,2,1189967386568741860,3.0,3.25,26,0.5708647514952614,nan,nan,209617,384685,96383,78845
4.0,1.0,16,3,1189967386568741860,3.0,3.25,26,0.34283610154170063,nan,nan,209617,384685,96383,78845
4.0,1.0,17,1,3291365821186571909,3.0,3.25,26,0.8227266516617189,nan,nan,216823,397545,99501,81386
4.0,1.0,17,2,3291365821186571909,3.0,3.25,26,0.5734434325687042,nan,nan,216823,397545,99501,81386
4.0,1.0,17,3,3291365821186571909,3.0,3.25,26,0.34512156841225283,nan,nan,216823,397545,99501,81386
4.0,1.0,18,1,12439671221580336794,3.0,3.25,26,0.821019011377406,nan,nan,219646,402701,100432,82783
4.0,1.0,18,2,12439671221580336794,3.0,3.25,26,0.5697123488867111,nan,nan,219646,402701,100432,82783
4.0,1.0,18,3,12439671221580336794,3.0,3.25,26,0.3431525999500694,nan,nan,219646,402701,100432,82783
4.0,1.0,19,1,11009454672538667511,3.0,3.25,26,0.8218229838665915,nan,nan,200359,366846,91383,75264
4.0,1.0,19,2,11009454672538667511,3.0,3.25,26,0.5708618059406849,nan,nan,200359,366846,91383,75264
4.0,1.0,19,3,11009454672538667511,3.0,3.25,26,0.341513809949314,nan,nan,200359,366846,91383,75264
4.0,1.0,20,1,3670372754427558861,3.0,3.25,26,0.8226184875751781,nan,nan,201530,368445,91822,75253
4.0,1.0,20,2,3670372754427558861,3.0,3.25,26,0.5714548230339193,nan,nan,201530,368445,91822,75253
4.0,1.0,20,3,3670372754427558861,3.0,3.25,26,0.34212094775463686,nan,nan,201530,368445,91822,75253
4.0,1.0,21,1,12676808936690536518,3.0,3.25,26,0.8212664821825383,nan,nan,249810,457987,114692,93645
4.0,1.0,21,2,12676808936690536518,3.0,3.25,26,0.5689293215426006,nan,nan,249810,457987,114692,93645
4.0,1.0,21,3,12676808936690536518,3.0,3.25,26,0.34025526375922965,nan,nan,249810,457987,114692,93645
4.0,1.0,22,1,16976714423229702927,3.0,3.25,26,0.8209912943086471,nan,nan,255210,467152,116885,95218
4.0,1.0,22,2,16976714423229702927,3.0,3.25,26,0.5698423495260827,nan,nan,255210,467152,116885,95218
4.0,1.0,22,3,16976714423229702927,3.0,3.25,26,0.3416303895089042,nan,nan,255210,467152,116885,95218
4.0,1.0,23,1,486217156906967665,3.0,3.25,26,0.8196872596188413,nan,nan,216514,397758,99538,81866
4.0,1.0,23,2,486217156906967665,3.0,3.25,26,0.5653707872999203,nan,nan,216514,397758,99538,81866
4.0,1.0,23,3,486217156906967665,3.0,3.25,26,0.3353267381428574,nan,nan,216514,397758,99538,81866
4.0,1.0,24,1,15038444855259015712,3.0,3.25,26,0.8203661027500448,nan,nan,242387,444010,110895,90888
4.0,1.0,24,2,15038444855259015712,3.0,3.25,26,0.5674155298714567,nan,nan,242387,444010,110895,90888
4.0,1.0,24,3,15038444855259015712,3.0,3.25,26,0.33863304802579075,nan,nan,242387,444010,110895,90888
4.0,1.0,25,1,10159799042591234397,3.0,3.25,26,0.8215795190494227,nan,nan,262806,482614,120618,99350
4.0,1.0,25,2,10159799042591234397,3.0,3.25,26,0.5682718681390426,nan,nan,262806,482614,120618,99350
4.0,1.0,25,3,10159799042591234397,3.0,3.25,26,0.3384325425179994,nan,nan,262806,482614,120618,99350
4.0,1.0,26,1,1854372753246798897,3.0,3.25,26,0.8223837075591983,nan,nan,174980,321864,80759,66286
4.0,1.0,26,2,1854372753246798897,3.0,3.25,26,0.5713282915806726,nan,nan,174980,321864,80759,66286
4.0,1.0,26,3,1854372753246798897,3.0,3.25,26,0.3439404498961457,nan,nan,174980,321864,80759,66286
4.0,1.0,27,1,2935554415849411779,3.0,3.25,26,0.8207440465528137,nan,nan,225349,412817,103011,84617
4.0,1.0,27,2,2935554415849411779,3.0,3.25,26,0.5690855116341528,nan,nan,225349,412817,103011,84617
4.0,1.0,27,3,2935554415849411779,3.0,3.25,26,0.34092409998028356,nan,nan,225349,412817,103011,84617
4.0,1.0,28,1,5186273195068258159,3.0,3.25,26,0.822787363643759,nan,nan,189964,346750,86171,70776
4.0,1.0,28,2,5186273195068258159,3.0,3.25,26,0.5703587816611294,nan,nan,189964,346750,86171,70776
4.0,1.0,28,3,5186273195068258159,3.0,3.25,26,0.3418108142743343,nan,nan,189964,346750,86171,70776
4.0,1.0,29,1,4176209329106401010,3.0,3.25,26,0.81819846017145,nan,nan,219296,403346,100851,83361
4.0,1.0,29,2,4176209329106401010,3.0,3.25,26,0.5630168635832665,nan,nan,219296,403346,100851,83361
4.0,1.0,29,3,4176209329106401010,3.0,3.25,26,0.33251041277122917,nan,nan,219296,403346,100851,83361
4.0,1.0,30,1,14665900410029770354,3.0,3.25,26,0.8224646111456769,nan,nan,227550,415638,103372,84878
4.0,1.0,30,2,14665900410029770354,3.0,3.25,26,0.5714049641842791,nan,nan,227550,415638,103372,84878
4.0,1.0,30,3,14665900410029770354,3.0,3.25,26,0.3408270100005709,nan,nan,227550,415638,103372,84878
4.0,1.0,31,1,17336842685890947390,3.0,3.25,26,0.8204306814170601,nan,nan,199552,365955,91650,74913
4.0,1.0,31,2,17336842685890947390,3.0,3.25,26,0.5671693028501047,nan,nan,199552,365955,91650,74913
4.0,1.0,31,3,17336842685890947390,3.0,3.25,26,0.3367069016872032,nan,nan,199552,365955,91650,74913
4.0,1.0,32,1,15171396949528172620,3.0,3.25,26,0.821680274009916,nan,nan,219654,401639,100180,81965
4.0,1.0,32,2,15171396949528172620,3.0,3.25,26,0.5697373904612125,nan,nan,219654,401639,100180,81965
4.0,1.0,32,3,15171396949528172620,3.0,3.25,26,0.34092200193015026,nan,nan,219654,401639,100180,81965
4.0,1.0,33,1,5629992967145274843,3.0,3.25,26,0.8191211669397206,nan,nan,247729,455949,114484,93896
4.0,1.0,33,2,5629992967145274843,3.0,3.25,26,0.5651882446705756,nan,nan,247729,455949,114484,93896
4.0,1.0,33,3,5629992967145274843,3.0,3.25,26,0.33482120422846784,nan,nan,247729,455949,114484,93896
4.0,1.0,34,1,10232634806716270680,3.0,3.25,26,0.8182834980712843,nan,nan,243629,449353,112913,92971
4.0,1.0,34,2,10232634806716270680,3.0,3.25,26,0.5625187535280057,nan,nan,243629,449353,112913,92971
4.0,1.0,34,3,10232634806716270680,3.0,3.25,26,0.3334227212584928,nan,nan,243629,449353,112913,92971
4.0,1.0,35,1,14745660549607190190,3.0,3.25,26,0.8192347792515208,nan,nan,238714,437565,109386,89625
4.0,1.0,35,2,14745660549607190190,3.0,3.25,26,0.5657925633987211,nan,nan,238714,437565,109386,89625
4.0,1.0,35,3,14745660549607190190,3.0,3.25,26,0.3374009605276159,nan,nan,238714,437565,109386,89625
4.0,1.0,36,1,10749373955089466446,3.0,3.25,26,0.8204554444297761,nan,nan,223824,409953,102419,83870
4.0,1.0,36,2,10749373955089466446,3.0,3.25,26,0.566787688196046,nan,nan,223824,409953,102419,83870
4.0,1.0,36,3,10749373955089466446,3.0,3.25,26,0.33818062633441526,nan,nan,223824,409953,102419,83870
4.0,1.0,37,1,14903187465055606376,3.0,3.25,26,0.8204513216942744,nan,nan,191710,352657,88516,72592
4.0,1.0,37,2,14903187465055606376,3.0,3.25,26,0.5673097317350932,nan,nan,191710,352657,88516,72592
4.0,1.0,37,3,14903187465055606376,3.0,3.25,26,0.3395401712560242,nan,nan,191710,352657,88516,72592
4.0,1.0,38,1,5677077871639706738,3.0,3.25,26,0.8224036747166161,nan,nan,198799,362396,90193,73564
4.0,1.0,38,2,5677077871639706738,3.0,3.25,26,0.5696141996983417,nan,nan,198799,362396,90193,73564
4.0,1.0,38,3,5677077871639706738,3.0,3.25,26,0.33926794930597803,nan,nan,198799,362396,90193,73564
4.0,1.0,39,1,13390951384570751484,3.0,3.25,26,0.8238224105145958,nan,nan,217599,396293,98705,80153
4.0,1.0,39,2,13390951384570751484,3.0,3.25,26,0.5723365117782439,nan,nan,217599,396293,98705,80153
4.0,1.0,39,3,13390951384570751484,3.0,3.25,26,0.3427265922072077,nan,nan,217599,396293,98705,80153
4.0,1.0,40,1,10902734327314363799,3.0,3.25,26,0.8226004086069754,nan,nan,207616,381864,95942,78466
4.0,1.0,40,2,10902734327314363799,3.0,3.25,26,0.5724034063278655,nan,nan,207616,381864,95942,78466
4.0,1.0,40,3,10902734327314363799,3.0,3.25,26,0.3427938048927623,nan,nan,207616,381864,95942,78466
4.0,1.0,41,1,8197270334882066183,3.0,3.25,26,0.8223981743267449,nan,nan,220994,405577,101625,83119
4.0,1.0,41,2,8197270334882066183,3.0,3.25,26,0.5707899857337202,nan,nan,220994,405577,101625,83119
4.0,1.0,41,3,8197270334882066183,3.0,3.25,26,0.343964169178972,nan,nan,220994,405577,101625,83119
4.0,1.0,42,1,3377817550014742169,3.0,3.25,26,0.8225525642905128,nan,nan,227684,417008,104108,85383
4.0,1.0,42,2,3377817550014742169,3.0,3.25,26,0.5725259756020603,nan,nan,227684,417008,104108,85383
4.0,1.0,42,3,3377817550014742169,3.0,3.25,26,0.3430362414625577,nan,nan,227684,417008,104108,85383
4.0,1.0,43,1,17098302440712960895,3.0,3.25,26,0.8178815284959771,nan,nan,198564,366449,92133,75912
4.0,1.0,43,2,17098302440712960895,3.0,3.25,26,0.5622958179988993,nan,nan,198564,366449,92133,75912
4.0,1.0,43,3,17098302440712960895,3.0,3.25,26,0.33256246318740185,nan,nan,198564,366449,92133,75912
4.0,1.0,44,1,11290531405520895990,3.0,3.25,26,0.8201956277001052,nan,nan,248626,457227,114765,93999
4.0,1.0,44,2,11290531405520895990,3.0,3.25,26,0.566650511224194,nan,nan,248626,457227,114765,93999
4.0,1.0,44,3,11290531405520895990,3.0,3.25,26,0.33682571317050863,nan,nan,248626,457227,114765,93999
4.0,1.0,45,1,8511564359280270900,3.0,3.25,26,0.8203783312544372,nan,nan,198028,363467,90979,74620
4.0,1.0,45,2,8511564359280270900,3.0,3.25,26,0.56499748265024,nan,nan,198028,363467,90979,74620
4.0,1.0,45,3,8511564359280270900,3.0,3.25,26,0.3354918327665141,nan,nan,198028,363467,90979,74620
4.0,1.0,46,1,1875430882523152797,3.0,3.25,26,0.822227348541533,nan,nan,255890,468681,116828,96123
4.0,1.0,46,2,1875430882523152797,3.0,3.25,26,0.5709086562888497,nan,nan,255890,468681,116828,96123
4.0,1.0,46,3,1875430882523152797,3.0,3.25,26,0.34155353520703635,nan,nan,255890,468681,116828,96123
4.0,1.0,47,1,18148839715502865131,3.0,3.25,26,0.8212493648029826,nan,nan,202437,370291,92331,75686
4.0,1.0,47,2,18148839715502865131,3.0,3.25,26,0.5704778356768165,nan,nan,202437,370291,92331,75686
4.0,1.0,47,3,18148839715502865131,3.0,3.25,26,0.3423965443211286,nan,nan,202437,370291,92331,75686
4.0,1.0,48,1,12182601450625539213,3.0,3.25,26,0.8221890854110362,nan,nan,218543,402082,100635,83064
4.0,1.0,48,2,12182601450625539213,3.0,3.25,26,0.5716594825602229,nan,nan,218543,402082,100635,83064
4.0,1.0,48,3,12182601450625539213,3.0,3.25,26,0.34314095976428,nan,nan,218543,402082,100635,83064
4.0,1.0,49,1,16461333276988106142,3.0,3.25,26,0.8217575506625511,nan,nan,233164,428014,107091,87920
4.0,1.0,49,2,16461333276988106142,3.0,3.25,26,0.5696388146940552,nan,nan,233164,428014,107091,87920
4.0,1.0,49,3,16461333276988106142,3.0,3.25,26,0.3414136767175879,nan,nan,233164,428014,107091,87920
4.0,1.0,50,1,13936685037716474456,3.0,3.25,26,0.8199329293617393,nan,nan,219142,402779,100811,82989
4.0,1.0,50,2,13936685037716474456,3.0,3.25,26,0.5670052821757651,nan,nan,219142,402779,100811,82989
4.0,1.0,50,3,13936685037716474456,3.0,3.25,26,0.33755033986282945,nan,nan,219142,402779,100811,82989
4.0,1.0,51,1,7665170507144667916,3.0,3.25,26,0.8203382326246135,nan,nan,260166,478264,119865,98393
4.0,1.0,51,2,7665170507144667916,3.0,3.25,26,0.5662430384670707,nan,nan,260166,478264,119865,98393
4.0,1.0,51,3,7665170507144667916,3.0,3.25,26,0.33664640103937826,nan,nan,260166,478264,119865,98393
4.0,1.0,52,1,12592464202266980966,3.0,3.25,26,0.8199216777333688,nan,nan,225758,414269,103647,85027
4.0,1.0,52,2,12592464202266980966,3.0,3.25,26,0.5654363141514535,nan,nan,225758,414269,103647,85027
4.0,1.0,52,3,12592464202266980966,3.0,3.25,26,0.33457113822849277,nan,nan,225758,414269,103647,85027
4.0,1.0,53,1,8166737732602619420,3.0,3.25,26,0.8220527256501963,nan,nan,200179,367970,92389,75565
4.0,1.0,53,2,8166737732602619420,3.0,3.25,26,0.5722813412671426,nan,nan,200179,367970,92389,75565
4.0,1.0,53,3,8166737732602619420,3.0,3.25,26,0.3441067650911253,nan,nan,200179,367970,92389,75565
4.0,1.0,54,1,6259943033895779524,3.0,3.25,26,0.8196155320984244,nan,nan,199651,366712,91723,75499
4.0,1.0,54,2,6259943033895779524,3.0,3.25,26,0.5640032294830213,nan,nan,199651,366712,91723,75499
4.0,1.0,54,3,6259943033895779524,3.0,3.25,26,0.33211399187270546,nan,nan,199651,366712,91723,75499
4.0,1.0,55,1,14626575502907653602,3.0,3.25,26,0.8185380784135082,nan,nan,212148,391224,98277,80959
4.0,1.0,55,2,14626575502907653602,3.0,3.25,26,0.5628404848609194,nan,nan,212148,391224,98277,80959
4.0,1.0,55,3,14626575502907653602,3.0,3.25,26,0.33287240612091373,nan,nan,212148,391224,98277,80959
4.0,1.0,56,1,2871516960475228776,3.0,3.25,26,0.8224776699953011,nan,nan,272135,498980,124798,102207
4.0,1.0,56,2,2871516960475228776,3.0,3.25,26,0.5700243411960029,nan,nan,272135,498980,124798,102207
4.0,1.0,56,3,2871516960475228776,3.0,3.25,26,0.33990772895024707,nan,nan,272135,498980,124798,102207
4.0,1.0,57,1,9011422493000578952,3.0,3.25,26,0.8205485151772547,nan,nan,262456,480712,120232,98186
4.0,1.0,57,2,9011422493000578952,3.0,3.25,26,0.5678589781483231,nan,nan,262456,480712,120232,98186
4.0,1.0,57,3,9011422493000578952,3.0,3.25,26,0.33949226440818087,nan,nan,262456,480712,120232,98186
4.0,1.0,58,1,11970262390936015375,3.0,3.25,26,0.820105427375666,nan,nan,296906,542668,134928,110998
4.0,1.0,58,2,11970262390936015375,3.0,3.25,26,0.5678238877952556,nan,nan,296906,542668,134928,110998
4.0,1.0,58,3,11970262390936015375,3.0,3.25,26,0.3391402058233357,nan,nan,296906,542668,134928,110998
4.0,1.0,59,1,7431664750311326544,3.0,3.25,26,0.8216504131472022,nan,nan,231070,423300,105430,86960
4.0,1.0,59,2,7431664750311326544,3.0,3.25,26,0.5691521276542316,nan,nan,231070,423300,105430,86960
4.0,1.0,59,3,7431664750311326544,3.0,3.25,26,0.3395302807666945,nan,nan,231070,423300,105430,86960
4.0,1.0,60,1,8914400181911960564,3.0,3.25,26,0.8205055391682942,nan,nan,241510,444944,111726,91868
4.0,1.0,60,2,8914400181911960564,3.0,3.25,26,0.5661678792128642,nan,nan,241510,444944,111726,91868
4.0,1.0,60,3,8914400181911960564,3.0,3.25,26,0.33572346139510884,nan,nan,241510,444944,111726,91868
4.0,1.0,61,1,8814037421687161432,3.0,3.25,26,0.820253482222201,nan,nan,245460,448983,112094,91589
4.0,1.0,61,2,8814037421687161432,3.0,3.25,26,0.5668621065652094,nan,nan,245460,448983,112094,91589
4.0,1.0,61,3,8814037421687161432,3.0,3.25,26,0.33795856690839393,nan,nan,245460,448983,112094,91589
4.0,1.0,62,1,1791472198943073396,3.0,3.25,26,0.8196376895188896,nan,nan,232394,428124,107394,88500
4.0,1.0,62,2,1791472198943073396,3.0,3.25,26,0.5666348358138149,nan,nan,232394,428124,107394,88500
4.0,1.0,62,3,1791472198943073396,3.0,3.25,26,0.3370973511195177,nan,nan,232394,428124,107394,88500
4.0,1.0,63,1,2549225158781405354,3.0,3.25,26,0.8192239560565983,nan,nan,202598,373163,93821,76910
4.0,1.0,63,2,2549225158781405354,3.0,3.25,26,0.563610610046825,nan,nan,202598,373163,93821,76910
4.0,1.0,63,3,2549225158781405354,3.0,3.25,26,0.33502954355056336,nan,nan,202598,373163,93821,76910
4.0,1.0,64,1,16120819917266538510,3.0,3.25,26,0.822849964221037,nan,nan,274503,502318,125330,102647
4.0,1.0,64,2,16120819917266538510,3.0,3.25,26,0.5721986636075596,nan,nan,274503,502318,125330,102647
4.0,1.0,64,3,16120819917266538510,3.0,3.25,26,0.344283048700104,nan,nan,274503,502318,125330,102647
4.0,1.0,65,1,3837881948174479083,3.0,3.25,26,0.8196850459777305,nan,nan,219361,402043,100476,82373
4.0,1.0,65,2,3837881948174479083,3.0,3.25,26,0.5672563965705308,nan,nan,219361,402043,100476,82373
4.0,1.0,65,3,3837881948174479083,3.0,3.25,26,0.33935255098881967,nan,nan,219361,402043,100476,82373
4.0,1.0,66,1,9317236326912645497,3.0,3.25,26,0.8208964321478871,nan,nan,198643,364615,91282,74851
4.0,1.0,66,2,9317236326912645497,3.0,3.25,26,0.5673991840157059,nan,nan,198643,364615,91282,74851
4.0,1.0,66,3,9317236326912645497,3.0,3.25,26,0.3384574545103771,nan,nan,198643,364615,91282,74851
4.0,1.0,67,1,14595136284005663585,3.0,3.25,26,0.8214234845854953,nan,nan,215637,395141,98565,81100
4.0,1.0,67,2,14595136284005663585,3.0,3.25,26,0.5703553757637173,nan,nan,215637,395141,98565,81100
4.0,1.0,67,3,14595136284005663585,3.0,3.25,26,0.3411189471753708,nan,nan,215637,395141,98565,81100
4.0,1.0,68,1,1992687303485272980,3.0,3.25,26,0.821700328109881,nan,nan,275346,504138,125753,103200
4.0,1.0,68,2,1992687303485272980,3.0,3.25,26,0.5683264860101576,nan,nan,275346,504138,125753,103200
4.0,1.0,68,3,1992687303485272980,3.0,3.25,26,0.3381799986759938,nan,nan,275346,504138,125753,103200
4.0,1.0,69,1,3334110624543697875,3.0,3.25,26,0.8211584957587199,nan,nan,237174,436054,109265,89779
4.0,1.0,69,2,3334110624543697875,3.0,3.25,26,0.5699994862810617,nan,nan,237174,436054,109265,89779
4.0,1.0,69,3,3334110624543697875,3.0,3.25,26,0.34097059542057256,nan,nan,237174,436054,109265,89779
4.0,1.0,70,1,15155123809140459387,3.0,3.25,26,0.8226658998111437,nan,nan,177877,324023,80421,65886
4.0,1.0,70,2,15155123809140459387,3.0,3.25,26,0.5699437744396805,nan,nan,177877,324023,80421,65886
4.0,1.0,70,3,15155123809140459387,3.0,3.25,26,0.340388029666114,nan,nan,177877,324023,80421,65886
4.0,1.0,71,1,7396891143604822712,3.0,3.25,26,0.8196976867984603,nan,nan,175580,321875,80263,66192
4.0,1.0,71,2,7396891143604822712,3.0,3.25,26,0.565490147475021,nan,nan,175580,321875,80263,66192
4.0,1.0,71,3,7396891143604822712,3.0,3.25,26,0.33604460959132104,nan,nan,175580,321875,80263,66192
4.0,1.0,72,1,10690367685763332767,3.0,3.25,26,0.8208552394131157,nan,nan,231365,423426,105385,86840
4.0,1.0,72,2,10690367685763332767,3.0,3.25,26,0.5688849462676288,nan,nan,231365,423426,105385,86840
4.0,1.0,72,3,10690367685763332767,3.0,3.25,26,0.3411746406432241,nan,nan,231365,423426,105385,86840
4.0,1.0,73,1,11616883928425957164,3.0,3.25,26,0.8215069464570627,nan,nan,251994,461735,115439,94463
4.0,1.0,73,2,11616883928425957164,3.0,3.25,26,0.5695603747308504,nan,nan,251994,461735,115439,94463
4.0,1.0,73,3,11616883928425957164,3.0,3.25,26,0.34065746734650365,nan,nan,251994,461735,115439,94463
4.0,1.0,74,1,4135327583395446784,3.0,3.25,26,0.8213958244804915,nan,nan,247451,453228,113084,92865
4.0,1.0,74,2,4135327583395446784,3.0,3.25,26,0.568219479466646,nan,nan,247451,453228,113084,92865
4.0,1.0,74,3,4135327583395446784,3.0,3.25,26,0.33837034628429474,nan,nan,247451,453228,113084,92865
4.0,1.0,75,1,9726374256492950697,3.0,3.25,26,0.8210057240037835,nan,nan,202982,372237,93049,76369
4.0,1.0,75,2,9726374256492950697,3.0,3.25,26,0.5690896249445339,nan,nan,202982,372237,93049,76369
4.0,1.0,75,3,9726374256492950697,3.0,3.25,26,0.3402196125536993,nan,nan,202982,372237,93049,76369
4.0,1.0,76,1,5667782458526739502,3.0,3.25,26,0.8203630166471325,nan,nan,219590,402495,100269,82805
4.0,1.0,76,2,5667782458526739502,3.0,3.25,26,0.5671969003677892,nan,nan,219590,402495,100269,82805
4.0,1.0,76,3,5667782458526739502,3.0,3.25,26,0.3377858157346893,nan,nan,219590,402495,100269,82805
4.0,1.0,77,1,17869362548783595403,3.0,3.25,26,0.821307483358939,nan,nan,222954,408510,101983,83733
4.0,1.0,77,2,17869362548783595403,3.0,3.25,26,0.5700698218476598,nan,nan,222954,408510,101983,83733
4.0,1.0,77,3,17869362548783595403,3.0,3.25,26,0.34270123190588386,nan,nan,222954,408510,101983,83733
4.0,1.0,78,1,11218144761142790695,3.0,3.25,26,0.8202494041559556,nan,nan,259903,479629,120675,99211
4.0,1.0,78,2,11218144761142790695,3.0,3.25,26,0.5669743292399212,nan,nan,259903,479629,120675,99211
4.0,1.0,78,3,11218144761142790695,3.0,3.25,26,0.3372048341473641,nan,nan,259903,479629,120675,99211
4.0,1.0,79,1,12883487260463615748,3.0,3.25,26,0.819414639986603,nan,nan,206034,378428,94615,77939
4.0,1.0,79,2,12883487260463615748,3.0,3.25,26,0.5652930187358268,nan,nan,206034,378428,94615,77939
4.0,1.0,79,3,12883487260463615748,3.0,3.25,26,0.3361226097027296,nan,nan,206034,378428,94615,77939
4.0,1.0,80,1,12565838807937014913,3.0,3.25,26,0.8207480732580733,nan,nan,265118,488873,122744,101171
4.0,1.0,80,2,12565838807937014913,3.0,3.25,26,0.5676795659728295,nan,nan,265118,488873,122744,101171
4.0,1.0,80,3,12565838807937014913,3.0,3.25,26,0.3380193142567555,nan,nan,265118,488873,122744,101171
4.0,1.0,81,1,1009289512596040395,3.0,3.25,26,0.8194576873556436,nan,nan,211622,389553,97659,80436
4.0,1.0,81,2,1009289512596040395,3.0,3.25,26,0.5654812839513,nan,nan,211622,389553,97659,80436
4.0,1.0,81,3,1009289512596040395,3.0,3.25,26,0.33477373331679355,nan,nan,211622,389553,97659,80436
4.0,1.0,82,1,3338567660765022923,3.0,3.25,26,0.8199066999817022,nan,nan,190966,350040,87288,71947
4.0,1.0,82,2,3338567660765022923,3.0,3.25,26,0.5671144929701337,nan,nan,190966,350040,87288,71947
4.0,1.0,82,3,3338567660765022923,3.0,3.25,26,0.33900720764002656,nan,nan,190966,350040,87288,71947
4.0,1.0,83,1,16915185361016593849,3.0,3.25,26,0.8202983654436695,nan,nan,217195,399527,100287,82205
4.0,1.0,83,2,16915185361016593849,3.0,3.25,26,0.5696339638088763,nan,nan,217195,399527,100287,82205
4.0,1.0,83,3,16915185361016593849,3.0,3.25,26,0.34123117773991163,nan,nan,217195,399527,100287,82205
4.0,1.0,84,1,12736671809870571841,3.0,3.25,26,0.8209189343131025,nan,nan,228186,418150,104242,85884
4.0,1.0,84,2,12736671809870571841,3.0,3.25,26,0.5664974645474843,nan,nan,228186,418150,104242,85884
4.0,1.0,84,3,12736671809870571841,3.0,3.25,26,0.3363674197846501,nan,nan,228186,418150,104242,85884
4.0,1.0,85,1,7441689271395908788,3.0,3.25,26,0.8200228819481042,nan,nan,173409,319866,80311,66308
4.0,1.0,85,2,7441689271395908788,3.0,3.25,26,0.5646664098208849,nan,nan,173409,319866,80311,66308
4.0,1.0,85,3,7441689271395908788,3.0,3.25,26,0.33363239027099056,nan,nan,173409,319866,80311,66308
4.0,1.0,86,1,2466423792048138604,3.0,3.25,26,0.8217462604555497,nan,nan,220812,405943,101810,83481
4.0,1.0,86,2,2466423792048138604,3.0,3.25,26,0.5691643359551575,nan,nan,220812,405943,101810,83481
4.0,1.0,86,3,2466423792048138604,3.0,3.25,26,0.33937589047058664,nan,nan,220812,405943,101810,83481
4.0,1.0,87,1,10875850055825610278,3.0,3.25,26,0.8210791001514905,nan,nan,210915,387697,97066,79877
4.0,1.0,87,2,10875850055825610278,3.0,3.25,26,0.5680203257894519,nan,nan,210915,387697,97066,79877
4.0,1.0,87,3,10875850055825610278,3.0,3.25,26,0.338648859378446,nan,nan,210915,387697,97066,79877
4.0,1.0,88,1,12180774183990530901,3.0,3.25,26,0.8205704872627071,nan,nan,200617,368686,92540,75689
4.0,1.0,88,2,12180774183990530901,3.0,3.25,26,0.5675301959495813,nan,nan,200617,368686,92540,75689
4.0,1.0,88,3,12180774183990530901,3.0,3.25,26,0.33909920092872387,nan,nan,200617,368686,92540,75689
4.0,1.0,89,1,3149982559471791106,3.0,3.25,26,0.8196127104121159,nan,nan,267747,492914,123425,101904
4.0,1.0,89,2,3149982559471791106,3.0,3.25,26,0.5653539254969623,nan,nan,267747,492914,123425,101904
4.0,1.0,89,3,3149982559471791106,3.0,3.25,26,0.33497092677808804,nan,nan,267747,492914,123425,101904
4.0,1.0,90,1,13483162474220954072,3.0,3.25,26,0.8196080215273559,nan,nan,203090,371581,92579,76072
4.0,1.0,90,2,13483162474220954072,3.0,3.25,26,0.5664397793084835,nan,nan,203090,371581,92579,76072
4.0,1.0,90,3,13483162474220954072,3.0,3.25,26,0.33672389758885235,nan,nan,203090,371581,92579,76072
4.0,1.0,91,1,9202749295612902292,3.0,3.25,26,0.8193410883706945,nan,nan,228475,418625,104454,85860
4.0,1.0,91,2,9202749295612902292,3.0,3.25,26,0.5651674275501366,nan,nan,228475,418625,104454,85860
4.0,1.0,91,3,9202749295612902292,3.0,3.25,26,0.3357919030733069,nan,nan,228475,418625,104454,85860
4.0,1.0,92,1,13230179563330668160,3.0,3.25,26,0.819566036484778,nan,nan,240500,443148,111242,91566
4.0,1.0,92,2,13230179563330668160,3.0,3.25,26,0.5654916563693299,nan,nan,240500,443148,111242,91566
4.0,1.0,92,3,13230179563330668160,3.0,3.25,26,0.3362795520853771,nan,nan,240500,443148,111242,91566
4.0,1.0,93,1,7793180424301229756,3.0,3.25,26,0.8213912780779384,nan,nan,185366,341468,85674,70589
4.0,1.0,93,2,7793180424301229756,3.0,3.25,26,0.5687699367736392,nan,nan,185366,341468,85674,70589
4.0,1.0,93,3,7793180424301229756,3.0,3.25,26,0.34105934624221895,nan,nan,185366,341468,85674,70589
4.0,1.0,94,1,12676377951515956403,3.0,3.25,26,0.8220019902258782,nan,nan,236152,431603,107560,88051
4.0,1.0,94,2,12676377951515956403,3.0,3.25,26,0.570545669983538,nan,nan,236152,431603,107560,88051
4.0,1.0,94,3,12676377951515956403,3.0,3.25,26,0.34055178403565295,nan,nan,236152,431603,107560,88051
4.0,1.0,95,1,14885022470274327518,3.0,3.25,26,0.8212002897488512,nan,nan,225187,411196,102439,83730
4.0,1.0,95,2,14885022470274327518,3.0,3.25,26,0.5683398132195422,nan,nan,225187,411196,102439,83730
4.0,1.0,95,3,14885022470274327518,3.0,3.25,26,0.33670582161763324,nan,nan,225187,411196,102439,83730
4.0,1.0,96,1,10777603967830128230,3.0,3.25,26,0.8225848483268036,nan,nan,263286,481500,120064,98310
4.0,1.0,96,2,10777603967830128230,3.0,3.25,26,0.570334094478011,nan,nan,263286,481500,120064,98310
4.0,1.0,96,3,10777603967830128230,3.0,3.25,26,0.3418343396710297,nan,nan,263286,481500,120064,98310
4.0,1.0,97,1,1041122198269589233,3.0,3.25,26,0.8208784670555704,nan,nan,279818,514034,128611,105765
4.0,1.0,97,2,1041122198269589233,3.0,3.25,26,0.5684006685680394,nan,nan,279818,514034,128611,105765
4.0,1.0,97,3,1041122198269589233,3.0,3.25,26,0.33805799343699694,nan,nan,279818,514034,128611,105765
4.0,1.0,98,1,14841601285662296013,3.0,3.25,26,0.8230579093205332,nan,nan,232870,425809,105963,87138
4.0,1.0,98,2,14841601285662296013,3.0,3.25,26,0.5716028178321909,nan,nan,232870,425809,105963,87138
4.0,1.0,98,3,14841601285662296013,3.0,3.25,26,0.3418105612631346,nan,nan,232870,425809,105963,87138
4.0,1.0,99,1,10031153262211114184,3.0,3.25,26,0.8216457158688991,nan,nan,218252,399916,99959,81867
4.0,1.0,99,2,10031153262211114184,3.0,3.25,26,0.5696389023462933,nan,nan,218252,399916,99959,81867
4.0,1.0,99,3,10031153262211114184,3.0,3.25,26,0.34078973754184844,nan,nan,218252,399916,99959,81867
4.0,1.0,100,1,4163702920159576562,3.0,3.25,26,0.8215247332731129,nan,nan,228373,418932,104847,85878
4.0,1.0,100,2,4163702920159576562,3.0,3.25,26,0.5685208477838841,nan,nan,228373,418932,104847,85878
4.0,1.0,100,3,4163702920159576562,3.0,3.25,26,0.3397644588228554,nan,nan,228373,418932,104847,85878
4.0,1.0,101,1,10826771275987855727,3.0,3.25,26,0.822688053487538,nan,nan,229546,419195,104534,85276
4.0,1.0,101,2,10826771275987855727,3.0,3.25,26,0.5717067572258716,nan,nan,229546,419195,104534,85276
4.0,1.0,101,3,10826771275987855727,3.0,3.25,26,0.34306421808150545,nan,nan,229546,419195,104534,85276
4.0,1.0,102,1,11148047079405570091,3.0,3.25,26,0.8217612543995749,nan,nan,207705,380529,94899,78085
4.0,1.0,102,2,11148047079405570091,3.0,3.25,26,0.5695643657820257,nan,nan,207705,380529,94899,78085
4.0,1.0,102,3,11148047079405570091,3.0,3.25,26,0.3381895672152337,nan,nan,207705,380529,94899,78085
4.0,1.0,103,1,15516831590005931363,3.0,3.25,26,0.8222260336842642,nan,nan,251999,460894,114921,94135
4.0,1.0,103,2,15516831590005931363,3.0,3.25,26,0.5709682489921627,nan,nan,251999,460894,114921,94135
4.0,1.0,103,3,15516831590005931363,3.0,3.25,26,0.34084573115630123,nan,nan,251999,460894,114921,94135
4.0,1.0,104,1,4492691796658289441,3.0,3.25,26,0.8223372420679345,nan,nan,202361,368694,91775,74720
4.0,1.0,104,2,4492691796658289441,3.0,3.25,26,0.5717864421931537,nan,nan,202361,368694,91775,74720
4.0,1.0,104,3,4492691796658289441,3.0,3.25,26,0.3443911853264194,nan,nan,202361,368694,91775,74720
4.0,1.0,105,1,4586733360364216082,3.0,3.25,26,0.8189515199417948,nan,nan,210495,388782,97992,80455
4.0,1.0,105,2,4586733360364216082,3.0,3.25,26,0.5633430766096815,nan,nan,210495,388782,97992,80455
4.0,1.0,105,3,4586733360364216082,3.0,3.25,26,0.33454122443357154,nan,nan,210495,388782,97992,80455
4.0,1.0,106,1,12865002689990286553,3.0,3.25,26,0.8210838003871186,nan,nan,271402,495774,123571,100961
4.0,1.0,106,2,12865002689990286553,3.0,3.25,26,0.5688864775750134,nan,nan,271402,495774,123571,100961
4.0,1.0,106,3,12865002689990286553,3.0,3.25,26,0.33905668973428477,nan,nan,271402,495774,123571,100961
4.0,1.0,107,1,9511105432697360372,3.0,3.25,26,0.8212812180306467,nan,nan,237504,435189,108759,89086
4.0,1.0,107,2,9511105432697360372,3.0,3.25,26,0.5695118450177425,nan,nan,237504,435189,108759,89086
4.0,1.0,107,3,9511105432697360372,3.0,3.25,26,0.3409675450607087,nan,nan,237504,435189,108759,89086
4.0,1.0,108,1,15153478363285460178,3.0,3.25,26,0.8204882602732835,nan,nan,217842,400363,100411,82273
4.0,1.0,108,2,15153478363285460178,3.0,3.25,26,0.5676814315532388,nan,nan,217842,400363,100411,82273
4.0,1.0,108,3,15153478363285460178,3.0,3.25,26,0.3391405492414869,nan,nan,217842,400363,100411,82273
4.0,1.0,109,1,16955582308069621004,3.0,3.25,26,0.8208164427853932,nan,nan,262520,481477,120404,98713
4.0,1.0,109,2,16955582308069621004,3.0,3.25,26,0.5681051517867715,nan,nan,262520,481477,120404,98713
4.0,1.0,109,3,16955582308069621004,3.0,3.25,26,0.33947796484283665,nan,nan,262520,481477,120404,98713
4.0,1.0,110,1,10119902650136333534,3.0,3.25,26,0.8204075301633595,nan,nan,202223,370159,92121,75975
4.0,1.0,110,2,10119902650136333534,3.0,3.25,26,0.5692104987688428,nan,nan,202223,370159,92121,75975
4.0,1.0,110,3,10119902650136333534,3.0,3.25,26,0.340970273809327,nan,nan,202223,370159,92121,75975
4.0,1.0,111,1,6421432850489209905,3.0,3.25,26,0.8228546596510339,nan,nan,221260,404910,101023,82787
4.0,1.0,111,2,6421432850489209905,3.0,3.25,26,0.5725696769827715,nan,nan,221260,404910,101023,82787
4.0,1.0,111,3,6421432850489209905,3.0,3.25,26,0.3434013490658972,nan,nan,221260,404910,101023,82787
4.0,1.0,112,1,13441126701408321095,3.0,3.25,26,0.8210797492065167,nan,nan,213599,392865,98565,80861
4.0,1.0,112,2,13441126701408321095,3.0,3.25,26,0.5681029494358811,nan,nan,213599,392865,98565,80861
4.0,1.0,112,3,13441126701408321095,3.0,3.25,26,0.33729375081268054,nan,nan,213599,392865,98565,80861
4.0,1.0,113,1,16571790526901333953,3.0,3.25,26,0.8203071097327275,nan,nan,218291,401185,100371,82683
4.0,1.0,113,2,16571790526901333953,3.0,3.25,26,0.5659172503387181,nan,nan,218291,401185,100371,82683
4.0,1.0,113,3,16571790526901333953,3.0,3.25,26,0.3360136936477573,nan,nan,218291,401185,100371,82683
4.0,1.0,114,1,16343743336867883347,3.0,3.25,26,0.8213340178943619,nan,nan,264751,485725,121402,99734
4.0,1.0,114,2,16343743336867883347,3.0,3.25,26,0.5688219564449745,nan,nan,264751,485725,121402,99734
4.0,1.0,114,3,16343743336867883347,3.0,3.25,26,0.33953797153751986,nan,nan,264751,485725,121402,99734
4.0,1.0,115,1,1022711902672121516,3.0,3.25,26,0.8212194770541542,nan,nan,224394,410574,102058,84282
4.0,1.0,115,2,1022711902672121516,3.0,3.25,26,0.5673426053510345,nan,nan,224394,410574,102058,84282
4.0,1.0,115,3,1022711902672121516,3.0,3.25,26,0.3377990949382371,nan,nan,224394,410574,102058,84282
4.0,1.0,116,1,17181010232130429335,3.0,3.25,26,0.8210662473092072,nan,nan,265871,487672,121785,100176
4.0,1.0,116,2,17181010232130429335,3.0,3.25,26,0.5683181499917874,nan,nan,265871,487672,121785,100176
4.0,1.0,116,3,17181010232130429335,3.0,3.25,26,0.3391166678125788,nan,nan,265871,487672,121785,100176
4.0,1.0,117,1,13403581310921907150,3.0,3.25,26,0.8213420394406388,nan,nan,214460,391304,97382,79622
4.0,1.0,117,2,13403581310921907150,3.0,3.25,26,0.5673691042548238,nan,nan,214460,391304,97382,79622
4.0,1.0,117,3,13403581310921907150,3.0,3.25,26,0.3367314957785176,nan,nan,214460,391304,97382,79622
4.0,1.0,118,1,13785137134115152503,3.0,3.25,26,0.8207117097966239,nan,nan,183884,338152,84672,69756
4.0,1.0,118,2,13785137134115152503,3.0,3.25,26,0.5688786057513449,nan,nan,183884,338152,84672,69756
4.0,1.0,118,3,13785137134115152503,3.0,3.25,26,0.34033994126382766,nan,nan,183884,338152,84672,69756
4.0,1.0,119,1,1032133909908344983,3.0,3.25,26,0.8177452556191013,nan,nan,176798,325340,81706,66996
4.0,1.0,119,2,1032133909908344983,3.0,3.25,26,0.5627487068992276,nan,nan,176798,325340,81706,66996
4.0,1.0,119,3,1032133909908344983,3.0,3.25,26,0.33205449619175054,nan,nan,176798,325340,81706,66996
