R,c,a,m1_qss,growth_rate,R_time,B_factor,identity_residual,fixed_point_residual,continued_fraction_depth,bessel_cf_difference,simple_root_margin,admissibility_margin,admissible
1.0,0.0,1.0,0.5,0.0,1.0,1.0,0.0,0.0,0,0.0,1.0,8.220635246624326e-18,True
1.0,0.005,0.9974989574644089,0.5002085071182272,-0.002501042535591136,0.9975020833335506,0.9987501735387353,2.0816681711721685e-17,1.3322676295501878e-14,40,1.3211653993039363e-14,0.9987496526331032,8.2545890449888e-18,True
1.0,0.01,0.9949958263749709,0.500417362502914,-0.00500417362502914,0.9950083333368114,0.9975006938651326,4.570996359198887e-16,4.8405723873656825e-14,40,4.785061236134425e-14,0.9974986099537286,8.288723899798446e-18,True
1.0,0.015,0.9924906014919622,0.5006265672025186,-0.007509398508037779,0.9925187500176222,0.9962515605437957,1.3097162243624894e-16,4.6629367034256575e-15,40,4.107825191113079e-15,0.9962468710938905,8.323041007970371e-18,True
1.0,0.02,0.9899832775546056,0.5008361222697211,-0.010016722445394421,0.9900333333890746,0.9950027731384128,1.457167719820518e-16,3.6637359812630166e-15,40,3.4416913763379853e-15,0.9949944351856752,8.357541575920774e-18,True
1.0,0.025,0.9874738492809516,0.5010460287619356,-0.01252615071904839,0.9875520834695346,0.9937543312117562,1.942890293094024e-16,4.6629367034256575e-15,40,4.9960036108132044e-15,0.993741301361262,8.392226819653214e-18,True
1.0,0.03,0.9849623113677699,0.5012562877410032,-0.015037688632230095,0.9850750002826633,0.9925062343256811,5.377642775528102e-17,4.107825191113079e-15,40,4.3298697960381105e-15,0.9924874687529464,8.427097964847768e-18,True
1.0,0.035,0.9824486584904327,0.5014669002733507,-0.017551341509567275,0.9826020838574412,0.9912584820411233,2.0469737016526324e-16,7.771561172376096e-16,40,2.220446049250313e-16,0.9912329364931617,8.462156246951082e-18,True
1.0,0.04,0.9799328853028006,0.5016778674299838,-0.02006711469719935,0.9801333342281879,0.9900110739180983,7.979727989493313e-17,6.661338147750939e-16,40,2.220446049250313e-16,0.9899777037145022,8.497402911267466e-18,True
1.0,0.045,0.9774149864371071,0.5018891902865086,-0.022585013562892886,0.9776687514345878,0.9887640095156999,1.9081958235744878e-16,1.9984014443252818e-15,40,1.6653345369377348e-15,0.9887217695497463,8.532839213050927e-18,True
1.0,0.05,0.9748949565038424,0.5021008699231522,-0.02510504349615761,0.9752083355217088,0.9875172883920982,6.591949208711867e-17,2.55351295663786e-15,40,3.1086244689504383e-15,0.9874651331318799,8.568466417598145e-18,True
1.0,0.055,0.9723727900916359,0.5023129074248017,-0.027627209908364092,0.9727520865400288,0.9862709101045392,1.5612511283791264e-16,1.5543122344752192e-15,40,1.7763568394002505e-15,0.9862077935941201,8.604285800342495e-18,True
1.0,0.06,0.9698484817671386,0.502525303881024,-0.03015151823286144,0.9703000045454548,0.9850248742093428,1.1102230246251565e-16,1.1102230246251565e-16,40,8.881784197001252e-16,0.9849497500699396,8.640298646949144e-18,True
1.0,0.065,0.9673220260749041,0.5027380603860901,-0.03267797392509586,0.9678520895993494,0.9837791802619017,3.469446951953614e-17,1.1102230246251565e-15,40,8.881784197001252e-16,0.9836910016930906,8.676506253410973e-18,True
1.0,0.07,0.9647934175372699,0.5029511780390017,-0.03520658246273012,0.9654083417685503,0.9825338278166802,1.1102230246251565e-16,6.661338147750939e-16,40,5.551115123125783e-16,0.9824315475976306,8.712909926145727e-18,True
1.0,0.075,0.9622626506542369,0.5031646579435083,-0.037737349345763116,0.9629687611253959,0.9812888164272124,6.938893903907228e-18,2.220446049250313e-16,40,3.3306690738754696e-16,0.9811713869179468,8.749510982094129e-18,True
1.0,0.08,0.9597297199033481,0.5033785012081488,-0.0402702800966519,0.9605333477477476,0.9800441456461023,2.0816681711721685e-17,6.661338147750939e-16,40,6.661338147750939e-16,0.9799105187887819,8.78631074881902e-18,True
1.0,0.085,0.9571946197395675,0.5035927089462642,-0.04280538026043246,0.9581021017190132,0.9787998150250213,2.0816681711721685e-16,5.551115123125783e-16,40,1.1102230246251565e-16,0.97864894234526,8.823310564605656e-18,True
1.0,0.09,0.9546573445951573,0.5038072822760303,-0.045342655404842724,0.9556750231281698,0.9775558241147074,1.3877787807814457e-17,2.220446049250313e-16,40,9.992007221626409e-16,0.9773866567229131,8.860511778562994e-18,True
1.0,0.095,0.9521178888795542,0.5040222223204823,-0.047882111120445825,0.9532521120697887,0.9763121724649647,3.469446951953614e-17,0.0,40,3.3306690738754696e-16,0.9761236610577074,8.897915750726161e-18,True
1.0,0.1,0.9495762469792459,0.5042375302075408,-0.05042375302075408,0.9508333686440575,0.9750688596246616,1.8735013540549517e-16,3.3306690738754696e-16,40,0.0,0.9748599544860709,8.935523852159965e-18,True
1.0,0.105,0.9470324132576461,0.5044532070700373,-0.05296758674235391,0.9484187929568058,0.9738258851417303,6.938893903907228e-17,1.1102230246251565e-16,40,1.1102230246251565e-16,0.9735955361449202,8.973337465063576e-18,True
1.0,0.11,0.9444863820549682,0.504669254045744,-0.055513617945031846,0.9460083851195266,0.972583248563165,4.85722573273506e-17,4.440892098500626e-16,40,4.440892098500626e-16,0.9723304051716889,9.011357982876309e-18,True
1.0,0.115,0.9419381476880992,0.5048856722773978,-0.05806185231190075,0.9436021452494024,0.9713409494350221,1.5959455978986625e-16,6.661338147750939e-16,40,3.3306690738754696e-16,0.9710645607043554,9.049586810384618e-18,True
1.0,0.12,0.9393877044504727,0.5051024629127275,-0.060612295549527295,0.9412000734693285,0.9700989873024184,1.457167719820518e-16,2.220446049250313e-16,40,2.220446049250313e-16,0.969798001881472,9.088025363830164e-18,True
1.0,0.125,0.9368350466119393,0.5053196271044857,-0.06316495338806072,0.9388021699079382,0.9688573617095302,1.457167719820518e-16,2.220446049250313e-16,40,4.440892098500626e-16,0.9685307278421935,9.126675071019144e-18,True
1.0,0.13,0.934280168418639,0.5055371660104689,-0.06571983158136097,0.9364084346996249,0.9676160721995928,1.249000902703301e-16,6.661338147750939e-16,40,9.992007221626409e-16,0.9672627377263068,9.165537371432809e-18,True
1.0,0.135,0.931723064092871,0.5057550807935483,-0.06827693590712902,0.9340188679845695,0.9663751183148998,9.71445146547012e-17,1.1102230246251565e-16,40,2.220446049250313e-16,0.9659940306742609,9.204613716339068e-18,True
1.0,0.14,0.9291637278329619,0.505973372621701,-0.07083627216703814,0.9316334699087625,0.965134499596802,2.7755575615628914e-16,4.440892098500626e-16,40,3.3306690738754696e-16,0.9647246058271974,9.243905568905586e-18,True
1.0,0.145,0.9266021538131353,0.5061920426680326,-0.07339784618686473,0.9292522406240314,0.9638942155857068,2.0816681711721685e-16,6.661338147750939e-16,40,1.3322676295501878e-15,0.9634544623269806,9.283414404313743e-18,True
1.0,0.15,0.9240383361833785,0.50641109211081,-0.0759616638166215,0.9268751802880628,0.9626542658210769,5.551115123125783e-17,6.661338147750939e-16,40,7.771561172376096e-16,0.9621835993162291,9.323141709874296e-18,True
1.0,0.155,0.9214722690693106,0.5066305221334803,-0.07852773093068943,0.924502289064429,0.9614146498414311,1.1102230246251565e-16,6.661338147750939e-16,40,8.881784197001252e-16,0.9609120159383476,9.363088985143817e-18,True
1.0,0.16,0.9189039465720455,0.5068503339247153,-0.08109605342795445,0.9221335671226127,0.9601753671843423,5.551115123125783e-17,2.220446049250313e-16,40,2.220446049250313e-16,0.9596397113375585,9.403257742042882e-18,True
1.0,0.165,0.91633336276806,0.5070705286784243,-0.08366663723194001,0.9197690146380327,0.9589364173864375,1.3877787807814457e-17,2.220446049250313e-16,40,5.551115123125783e-16,0.9583666846589348,9.443649504975211e-18,True
1.0,0.17,0.9137605117090554,0.5072911075937919,-0.08623948829094463,0.9174086317920682,0.9576977999833973,1.5265566588595902e-16,0.0,40,2.220446049250313e-16,0.9570929350484327,9.484265810948363e-18,True
1.0,0.17500000000000002,0.9111853874218218,0.5075120718753042,-0.08881461257817824,0.915052418772086,0.9564595145099558,1.6653345369377348e-16,5.551115123125783e-16,40,8.881784197001252e-16,0.9558184616529257,9.525108209695597e-18,True
1.0,0.18,0.9086079839081002,0.5077334227327769,-0.09139201609189984,0.9127003757714638,0.9552215604998985,1.942890293094024e-16,2.220446049250313e-16,40,3.3306690738754696e-16,0.9545432636202376,9.56617826379919e-18,True
1.0,0.185,0.9060282951444433,0.5079551613813877,-0.09397170485555673,0.9103525029896177,0.9539839374860644,1.3877787807814457e-17,0.0,40,0.0,0.9532673400991775,9.607477548815101e-18,True
1.0,0.19,0.9034463150820762,0.5081772890417043,-0.09655368491792382,0.9080088006320279,0.9527466450003441,1.8041124150158794e-16,7.771561172376096e-16,40,4.440892098500626e-16,0.9519906902395748,9.649007653398968e-18,True
1.0,0.195,0.9008620376467565,0.50839980693971,-0.09913796235324346,0.9056692689102639,0.9515096825736797,1.3877787807814457e-17,1.1102230246251565e-16,40,4.440892098500626e-16,0.9507133131923142,9.690770179433604e-18,True
1.0,0.2,0.8982754567386314,0.508622716306843,-0.1017245432613686,0.9033339080420111,0.9502730497360651,9.71445146547012e-17,2.220446049250313e-16,40,6.661338147750939e-16,0.9494352081093717,9.73276674215779e-18,True
1.0,0.20500000000000002,0.8956865662320967,0.5088460183800159,-0.10431343376790325,0.9010027182510967,0.949036746016545,4.163336342344337e-17,0.0,40,2.220446049250313e-16,0.9481563741438508,9.774998970296587e-18,True
1.0,0.21,0.8930953599756527,0.5090697144016538,-0.1069046400243473,0.8986756997675168,0.9478007709432157,1.3877787807814457e-16,3.3306690738754696e-16,40,0.0,0.9468768104500199,9.817468506193175e-18,True
1.0,0.215,0.8905018317917602,0.5092938056197198,-0.10949816820823977,0.8963528528274618,0.9465651240432243,1.1102230246251565e-16,5.551115123125783e-16,40,7.771561172376096e-16,0.9455965161833493,9.860177005941954e-18,True
1.0,0.22,0.8879059754766955,0.5095182932877479,-0.11209402452330453,0.894034177673344,0.9453298048427693,9.71445146547012e-17,0.0,40,9.992007221626409e-16,0.944315490500549,9.903126139523316e-18,True
1.0,0.225,0.8853077848004031,0.5097431786648753,-0.11469221519959694,0.8917196745538235,0.9440948128671006,2.0816681711721685e-16,6.661338147750939e-16,40,9.992007221626409e-16,0.9430337325596077,9.94631759093989e-18,True
1.0,0.23,0.8827072535063505,0.5099684630158674,-0.11729274649364951,0.8894093437238355,0.9428601476405186,1.8041124150158794e-16,0.0,40,1.1102230246251565e-16,0.9417512415198314,9.989753058354314e-18,True
1.0,0.23500000000000001,0.880104375311378,0.5101941476111576,-0.11989562468862203,0.8871031854446181,0.9416258086863758,0.0,1.1102230246251565e-16,40,1.1102230246251565e-16,0.9404680165418828,1.0033434254228467e-17,True
1.0,0.24,0.8774991439055511,0.5104202337268706,-0.12250085609444894,0.8848011999837372,0.9403917955270761,1.3877787807814457e-17,2.220446049250313e-16,40,3.3306690738754696e-16,0.9391840567878221,1.0077362905464466e-17,True
1.0,0.245,0.8748915529520093,0.5106467226448601,-0.12510844704799073,0.8825033876151157,0.9391581076840757,6.938893903907228e-17,3.3306690738754696e-16,40,4.440892098500626e-16,0.9378993614211469,1.012154075354703e-17,True
1.0,0.25,0.8722815960868163,0.5108736156527347,-0.12771840391318368,0.8802097486190604,0.9379247446778827,8.326672684688674e-17,0.0,40,4.440892098500626e-16,0.9366139296068341,1.0165969554687622e-17,True
1.0,0.255,0.8696692669188064,0.5111009140438963,-0.13033073308119358,0.8779202832822894,0.9366917060280583,1.5265566588595902e-16,4.440892098500626e-16,40,6.661338147750939e-16,0.9353277605113811,1.0210651079970113e-17,True
1.0,0.26,0.867054559029433,0.5113286191175656,-0.13294544097056704,0.8756349918979592,0.9354589912532172,1.3877787807814457e-17,1.1102230246251565e-16,40,5.551115123125783e-16,0.9340408533028487,1.0255587115498191e-17,True
1.0,0.265,0.8644374659726126,0.5115567321788203,-0.13556253402738738,0.8733538747656933,0.9342265998710271,2.220446049250313e-16,2.220446049250313e-16,40,0.0,0.9327532071509038,1.0300779462544356e-17,True
1.0,0.27,0.8618179812745714,0.5117852545386243,-0.13818201872542857,0.8710769321916099,0.9329945313982109,1.1102230246251565e-16,3.3306690738754696e-16,40,4.440892098500626e-16,0.9314648212268634,1.0346229937700638e-17,True
1.0,0.275,0.8591960984336879,0.512014187513862,-0.14080390156631206,0.8688041644883491,0.9317627853505464,1.6653345369377348e-16,3.3306690738754696e-16,40,2.220446049250313e-16,0.9301756947037383,1.0391940373031067e-17,True
1.0,0.28,0.8565718109203372,0.5122435324273672,-0.14342818907966282,0.866535571975102,0.9305313612428671,2.7755575615628914e-17,0.0,40,3.3306690738754696e-16,0.9288858267562783,1.0437912616225838e-17,True
1.0,0.28500000000000003,0.8539451121767303,0.5124732906079638,-0.1460548878232697,0.864271154977639,0.9293002585890633,1.1102230246251565e-16,3.3306690738754696e-16,40,1.1102230246251565e-16,0.9275952165610174,1.0484148530757215e-17,True
1.0,0.29,0.8513159956167576,0.5127034633904909,-0.14868400438324236,0.8620109138283373,0.9280694769020833,8.326672684688674e-17,0.0,40,3.3306690738754696e-16,0.9263038632963203,1.0530649996037288e-17,True
1.0,0.295,0.8486844546258263,0.5129340521158431,-0.1513155453741737,0.8597548488662101,0.9268390156939339,5.551115123125783e-17,1.1102230246251565e-16,40,7.771561172376096e-16,0.9250117661424286,1.0577418907577473e-17,True
1.0,0.3,0.8460504825607,0.5131650581309999,-0.15394951743929997,0.8575029604369355,0.9256088744756812,2.220446049250313e-16,3.3306690738754696e-16,40,1.1102230246251565e-16,0.9237189242815088,1.0624457177149813e-17,True
1.0,0.305,0.8434140727493363,0.5133964827890612,-0.15658592725066367,0.8552552488928846,0.9243790527574524,4.440892098500626e-16,7.771561172376096e-16,40,1.3322676295501878e-15,0.9224253368976997,1.0671766732950295e-17,True
1.0,0.31,0.840775218490723,0.5136283274492807,-0.159224781509277,0.8530117145931504,0.923149550048437,1.3877787807814457e-16,5.551115123125783e-16,40,3.3306690738754696e-16,0.9211310031771616,1.0719349519763785e-17,True
1.0,0.315,0.8381339130547129,0.513860593477102,-0.16186608694528715,0.8507723579035783,0.9219203658568875,1.942890293094024e-16,4.440892098500626e-16,40,1.1102230246251565e-16,0.9198359223081256,1.0767207499131101e-17,True
1.0,0.32,0.8354901496818586,0.5140932822441917,-0.16450985031814136,0.8485371791967933,0.9206914996901218,3.0531133177191805e-16,3.3306690738754696e-16,40,4.440892098500626e-16,0.9185400934809438,1.0815342649517862e-17,True
1.0,0.325,0.8328439215832458,0.5143263951284743,-0.16715607841675417,0.8463061788522301,0.9194629510545228,1.6653345369377348e-16,4.440892098500626e-16,40,2.220446049250313e-16,0.9172435158881395,1.0863756966485306e-17,True
1.0,0.33,0.830195221940325,0.5145599335141666,-0.16980477805967498,0.8440793572561637,0.9182347194555424,2.7755575615628914e-17,1.1102230246251565e-16,40,5.551115123125783e-16,0.9159461887244597,1.091245246286318e-17,True
1.0,0.335,0.8275440439047418,0.5147938987918155,-0.1724559560952582,0.8418567148017372,0.9170068043977017,2.498001805406602e-16,3.3306690738754696e-16,40,2.220446049250313e-16,0.9146481111869263,1.0961431168924492e-17,True
1.0,0.34,0.8248903805981679,0.5150282923583297,-0.17510961940183212,0.8396382518889921,0.9157792053845922,3.0531133177191805e-16,3.3306690738754696e-16,40,3.3306690738754696e-16,0.91334928247489,1.1010695132562386e-17,True
1.0,0.34500000000000003,0.8222342251121287,0.5152631156170181,-0.17776577488787126,0.8374239689248986,0.9145519219188791,5.551115123125783e-17,3.3306690738754696e-16,40,6.661338147750939e-16,0.9120497017900832,1.1060246419469028e-17,True
1.0,0.35000000000000003,0.8195755705078315,0.5154983699776243,-0.18042442949216853,0.8352138663233856,0.9133249535023029,8.326672684688674e-17,2.220446049250313e-16,40,5.551115123125783e-16,0.9107493683366747,1.1110087113316551e-17,True
1.0,0.355,0.8169144098159908,0.5157340568563639,-0.18308559018400916,0.8330079445053704,0.9120982996356798,8.326672684688674e-17,2.220446049250313e-16,40,1.1102230246251565e-15,0.9094482813213255,1.1160219315940162e-17,True
1.0,0.36,0.8142507360366548,0.515970177675959,-0.18574926396334523,0.8308062038987886,0.910871959818906,1.3877787807814457e-16,3.3306690738754696e-16,40,7.771561172376096e-16,0.9081464399532433,1.1210645147523409e-17,True
1.0,0.365,0.8115845421390282,0.5162067338656762,-0.1884154578609718,0.8286086449386251,0.909645933550959,1.3877787807814457e-16,7.771561172376096e-16,40,2.220446049250313e-16,0.906843843444241,1.1261366746785395e-17,True
1.0,0.37,0.8089158210612962,0.5164437268613615,-0.19108417893870377,0.8264152680669451,0.9084202203298993,2.7755575615628914e-16,4.440892098500626e-16,40,1.1102230246251565e-16,0.9055404910087929,1.1312386271170513e-17,True
1.0,0.375,0.8062445657104448,0.5166811581054805,-0.19375543428955522,0.824226073732923,0.9071948196528739,3.0531133177191805e-16,3.3306690738754696e-16,40,6.661338147750939e-16,0.9042363818640937,1.1363705897040091e-17,True
1.0,0.38,0.8035707689620821,0.5169190290471523,-0.19642923103791787,0.822041062392875,0.9059697310161179,3.3306690738754696e-16,3.3306690738754696e-16,40,2.220446049250313e-16,0.9029315152301175,1.1415327819866507e-17,True
1.0,0.385,0.8008944236602575,0.5171573411421883,-0.19910557633974246,0.8198602345102889,0.9047449539149577,2.7755575615628914e-16,5.551115123125783e-16,40,1.1102230246251565e-15,0.9016258903296775,1.1467254254429468e-17,True
1.0,0.39,0.7982155226172797,0.517396095853129,-0.20178447738272032,0.8176835905558556,0.9035204878438136,2.7755575615628914e-17,3.3306690738754696e-16,40,0.0,0.9003195063884875,1.1519487435014563e-17,True
1.0,0.395,0.7955340586135329,0.5176352946492838,-0.20446594138646712,0.8155111310075006,0.902296332296203,3.0531133177191805e-16,8.881784197001252e-16,40,1.2212453270876722e-15,0.8990123626352224,1.1572029615614303e-17,True
1.0,0.4,0.7928500243972937,0.5178749390067657,-0.20714997560270632,0.8133428563504141,0.901072486764742,3.608224830031759e-16,5.551115123125783e-16,40,2.220446049250313e-16,0.8977044583015822,1.1624883070131412e-17,True
1.0,0.405,0.7901634126845439,0.5181150304085335,-0.20983658731545607,0.8111787670770835,0.8998489507411506,4.440892098500626e-16,8.881784197001252e-16,40,7.771561172376096e-16,0.8963957926223539,1.1678050092584444e-17,True
1.0,0.41000000000000003,0.7874742161587851,0.5183555703444266,-0.2125257838412149,0.8090188636873243,0.8986257237162535,1.3877787807814457e-16,6.661338147750939e-16,40,6.661338147750939e-16,0.8950863648354769,1.1731532997316085e-17,True
1.0,0.41500000000000004,0.7847824274708491,0.5185965603112068,-0.21521757252915086,0.8068631466883133,0.8974028051799859,3.3306690738754696e-16,6.661338147750939e-16,40,5.551115123125783e-16,0.8937761741821074,1.1785334119203621e-17,True
1.0,0.42,0.7820880392387098,0.5188380018125957,-0.21791196076129016,0.8047116165946178,0.8961801946213949,5.273559366969494e-16,1.1102230246251565e-15,40,1.5543122344752192e-15,0.8924652199066848,1.1839455813872176e-17,True
1.0,0.425,0.7793910440472921,0.5190798963593127,-0.2206089559527079,0.8025642739282297,0.8949578915286437,6.106226635438361e-16,9.992007221626409e-16,40,1.5543122344752192e-15,0.8911535012569989,1.1893900457910245e-17,True
1.0,0.43,0.7766914344482796,0.5193222454691172,-0.2233085655517204,0.8004211192185967,0.893735895389016,3.0531133177191805e-16,7.771561172376096e-16,40,8.881784197001252e-16,0.8898410174842573,1.1948670449087912e-17,True
1.0,0.435,0.7739892029599216,0.519565050666847,-0.22601079704007843,0.7982821530026553,0.892514205688919,3.608224830031759e-16,8.881784197001252e-16,40,1.3322676295501878e-15,0.8885277678431543,1.200376820657771e-17,True
1.0,0.44,0.7712843420668387,0.5198083134844574,-0.2287156579331613,0.7961473758248618,0.8912928219138868,4.163336342344337e-16,9.992007221626409e-16,40,9.992007221626409e-16,0.8872137515919415,1.2059196171177942e-17,True
1.0,0.445,0.7685768442198273,0.5200520354610623,-0.2314231557801727,0.794016788237226,0.8900717435485869,5.273559366969494e-16,1.2212453270876722e-15,40,7.771561172376096e-16,0.8858989679924976,1.2114956805538881e-17,True
1.0,0.45,0.7658667018356621,0.5202962181429731,-0.23413329816433792,0.7918903907993429,0.8888509700768209,1.942890293094024e-16,6.661338147750939e-16,40,1.1102230246251565e-15,0.8845834163104006,1.2171052594391518e-17,True
1.0,0.455,0.7631539072968969,0.520540863083743,-0.23684609270310308,0.7897681840784266,0.8876305009815322,4.440892098500626e-16,8.881784197001252e-16,40,4.440892098500626e-16,0.8832670958150007,1.2227486044779111e-17,True
1.0,0.46,0.7604384529516665,0.5207859718442034,-0.23956154704833355,0.7876501686493417,0.8864103357448074,4.996003610813204e-16,1.3322676295501878e-15,40,7.771561172376096e-16,0.8819500057794939,1.2284259686291488e-17,True
1.0,0.465,0.7577203311134846,0.5210315459925062,-0.24227966888651542,0.7855363450946374,0.8851904738478841,4.718447854656915e-16,1.1102230246251565e-15,40,1.3322676295501878e-15,0.8806321454809968,1.2341376071302175e-17,True
1.0,0.47000000000000003,0.754999534061041,0.5212775871041679,-0.24500046593895897,0.7834267140045803,0.8839709147711531,5.828670879282072e-16,1.2212453270876722e-15,40,1.1102230246251565e-15,0.8793135142006224,1.2398837775208391e-17,True
1.0,0.47500000000000003,0.752276054037999,0.5215240967621073,-0.24772394596200098,0.7813212759771873,0.8827516579941644,4.163336342344337e-16,1.3322676295501878e-15,40,8.881784197001252e-16,0.8779941112235574,1.2456647396673923e-17,True
1.0,0.48,0.7495498832527889,0.5217710765566898,-0.25045011674721107,0.7792200316182598,0.8815327029956327,5.551115123125783e-16,1.3322676295501878e-15,40,1.5543122344752192e-15,0.8766739358391399,1.2514807557874903e-17,True
1.0,0.485,0.7468210138784023,0.5220185280857685,-0.2531789861215977,0.7771229815414162,0.8803140492534411,7.216449660063518e-16,1.6653345369377348e-15,40,1.6653345369377348e-15,0.8753529873409379,1.2573320904748575e-17,True
1.0,0.49,0.7440894380521841,0.5222664529547264,-0.2559105619478159,0.7750301263681262,0.8790956962446488,7.494005416219807e-16,1.6653345369377348e-15,40,1.9984014443252818e-15,0.8740312650268309,1.2632190107245092e-17,True
1.0,0.495,0.741355147875623,0.5225148527765193,-0.25864485212437704,0.7729414667277442,0.8778776434454942,6.661338147750939e-16,1.5543122344752192e-15,40,1.6653345369377348e-15,0.8727087681990895,1.2691417859582316e-17,True
1.0,0.5,0.7386181354141407,0.5227637291717186,-0.2613818645858593,0.7708570032575437,0.8766598903314026,6.38378239159465e-16,1.6653345369377348e-15,40,1.3322676295501878e-15,0.8713854961644592,1.2751006880503751e-17,True
1.0,0.505,0.7358783926968803,0.5230130837685539,-0.26412160730311973,0.7687767366027509,0.8754424363769908,8.604228440844963e-16,1.5543122344752192e-15,40,1.4432899320127035e-15,0.8700614482342431,1.2810959913539608e-17,True
1.0,0.51,0.7331359117164921,0.5232629182029568,-0.26686408828350794,0.7667006674165782,0.8742252810560737,7.494005416219807e-16,1.5543122344752192e-15,40,9.992007221626409e-16,0.8687366237243872,1.2871279727270986e-17,True
1.0,0.515,0.730390684428919,0.523513234118604,-0.26960931557108103,0.7646287963602598,0.8730084238416702,7.494005416219807e-16,1.7763568394002505e-15,40,1.6653345369377348e-15,0.8674110219555655,1.2931969115597332e-17,True
1.0,0.52,0.7276427027531807,0.5237640331669603,-0.27235729724681934,0.7625611241030857,0.8717918642060101,7.771561172376096e-16,1.4432899320127035e-15,40,1.2212453270876722e-15,0.8660846422532684,1.2993030898007171e-17,True
1.0,0.525,0.724891958571154,0.5240153170073257,-0.27510804142884604,0.7604976513224347,0.8705756016205408,1.0547118733938987e-15,1.9984014443252818e-15,40,1.6653345369377348e-15,0.8647574839478895,1.3054467919852145e-17,True
1.0,0.53,0.7221384437273565,0.5242670873068745,-0.27786155627264353,0.7584383787038114,0.8693596355559327,1.0269562977782698e-15,1.887379141862766e-15,40,1.887379141862766e-15,0.8634295463748165,1.3116283052624272e-17,True
1.0,0.535,0.7193821500287229,0.5245193457407049,-0.28061784997127714,0.7563833069408789,0.8681439654820877,9.43689570931383e-16,1.887379141862766e-15,40,1.1102230246251565e-15,0.8621008288745213,1.3178479194236801e-17,True
1.0,0.54,0.7166230692443843,0.5247720939918809,-0.28337693075561565,0.7543324367354951,0.866928590868146,1.1657341758564144e-15,1.9984014443252818e-15,40,1.6653345369377348e-15,0.8607713307926519,1.324105926930844e-17,True
1.0,0.545,0.7138611931054447,0.5250253337514775,-0.2861388068945553,0.7522857687977466,0.8657135111824921,1.0824674490095276e-15,1.887379141862766e-15,40,1.6653345369377348e-15,0.8594410514801263,1.3304026229451012e-17,True
1.0,0.55,0.7110965133047547,0.5252790667186279,-0.28890348669524535,0.7502433038459841,0.8644987258927646,9.992007221626409e-16,2.1094237467877974e-15,40,2.6645352591003757e-15,0.858109990293227,1.3367383053560701e-17,True
1.0,0.555,0.7083290214966858,0.5255332946005662,-0.29167097850331425,0.7482050426068589,0.863284234465862,1.4988010832439613e-15,2.55351295663786e-15,40,1.887379141862766e-15,0.8567781465936966,1.3431132748112941e-17,True
1.0,0.56,0.7055587092969026,0.5257880191126739,-0.29444129070309744,0.7461709858153552,0.8620700363679515,1.0547118733938987e-15,2.1094237467877974e-15,40,2.4424906541753444e-15,0.8554455197488355,1.3495278347460802e-17,True
1.0,0.5650000000000001,0.7027855682821307,0.5260432419785297,-0.2972144317178693,0.7441411342148294,0.8608561310644769,1.5543122344752192e-15,2.6645352591003757e-15,40,2.55351295663786e-15,0.8541121091316007,1.355982291413723e-17,True
1.0,0.5700000000000001,0.7000095899899293,0.5262989649299484,-0.29999041001007065,0.7421154885570415,0.8596425180201677,1.1102230246251565e-15,2.3314683517128287e-15,40,2.6645352591003757e-15,0.8527779141207055,1.3624769539160991e-17,True
1.0,0.5750000000000001,0.6972307659184543,0.5265551897070359,-0.30276923408154566,0.7400940496021949,0.8584291966990454,1.3877787807814457e-15,2.6645352591003757e-15,40,2.4424906541753444e-15,0.8514429341007209,1.3690121342346244e-17,True
1.0,0.58,0.6944490875262278,0.5268119180582279,-0.3055509124737722,0.738076818118969,0.857216166564436,1.4988010832439613e-15,2.4424906541753444e-15,40,2.220446049250313e-15,0.850107168462179,1.3755881472616167e-17,True
1.0,0.585,0.6916645462318989,0.5270691517403439,-0.3083354537681011,0.7360637948845562,0.8560034270789747,1.4988010832439613e-15,2.6645352591003757e-15,40,2.4424906541753444e-15,0.8487706166016769,1.382205310832044e-17,True
1.0,0.59,0.6888771334140085,0.5273268925186297,-0.31112286658599153,0.7340549806846983,0.854790977704619,1.7763568394002505e-15,2.7755575615628914e-15,40,2.6645352591003757e-15,0.8474332779219822,1.388863945755653e-17,True
1.0,0.595,0.68608684041075,0.5275851421668069,-0.31391315958925003,0.7320503763137219,0.8535788179026553,1.5543122344752192e-15,2.886579864025407e-15,40,2.6645352591003757e-15,0.8460951518321411,1.39556437584952e-17,True
1.0,0.6,0.6832936585197275,0.527843902467121,-0.31670634148027255,0.7300499825745754,0.8523669471337106,1.8318679906315083e-15,2.9976021664879227e-15,40,2.7755575615628914e-15,0.8447562377475865,1.402306927970996e-17,True
1.0,0.605,0.6804975789977149,0.5281031752103886,-0.3195024210022851,0.7280538002788642,0.8511553648577607,2.0539125955565396e-15,3.219646771412954e-15,40,3.6637359812630166e-15,0.8434165350902483,1.4090919320510585e-17,True
1.0,0.61,0.6776985930604121,0.5283629621960457,-0.32230140693958786,0.7260618302468875,0.8499440705341422,1.887379141862766e-15,3.219646771412954e-15,40,3.552713678800501e-15,0.8420760432886654,1.415919721128099e-17,True
1.0,0.615,0.6748966918821983,0.5286232652321979,-0.32510330811780175,0.7240740733076757,0.8487330636215619,2.1649348980190553e-15,3.4416913763379853e-15,40,3.219646771412954e-15,0.840734761778099,1.422790631382122e-17,True
1.0,0.62,0.6720918665958868,0.5288840861356664,-0.3279081334041132,0.7220905302990257,0.8475223435781064,2.0539125955565396e-15,3.3306690738754696e-15,40,3.6637359812630166e-15,0.839392690000648,1.4297050021693632e-17,True
1.0,0.625,0.6692841082924801,0.5291454267320319,-0.3307158917075199,0.7201112020675383,0.8463119098612558,2.275957200481571e-15,3.6637359812630166e-15,40,3.6637359812630166e-15,0.8380498274053654,1.4366631760573534e-17,True
1.0,0.63,0.6664734080208943,0.5294072888557234,-0.3335265919791057,0.7181360894686549,0.8451017619278918,2.220446049250313e-15,3.4416913763379853e-15,40,3.3306690738754696e-15,0.8367061734483736,1.4436654988605158e-17,True
1.0,0.635,0.6636597567877645,0.5296696743499772,-0.33634024321223555,0.7161651933666939,0.8438918992343124,2.0539125955565396e-15,3.219646771412954e-15,40,3.3306690738754696e-15,0.8353617275929924,1.4507123196759097e-17,True
1.0,0.64,0.6608431455571183,0.5299325850670026,-0.3391568544428817,0.7141985146348886,0.8426823212362402,2.220446049250313e-15,3.219646771412954e-15,40,2.886579864025407e-15,0.8340164893098495,1.4578039909199102e-17,True
1.0,0.645,0.6580235652501777,0.5301960228679415,-0.3419764347498223,0.7122360541554238,0.8414730273888373,2.0539125955565396e-15,3.1086244689504383e-15,40,3.219646771412954e-15,0.8326704580770129,1.4649408683648724e-17,True
1.0,0.65,0.6552010067450759,0.5304599896229601,-0.34479899325492414,0.710277812819472,0.8402640171467165,1.8318679906315083e-15,2.9976021664879227e-15,40,3.1086244689504383e-15,0.8313236333801113,1.4721233111765643e-17,True
1.0,0.655,0.6523754608766047,0.5307244872112905,-0.3476245391233953,0.7083237915272321,0.839055289963953,1.942890293094024e-15,2.7755575615628914e-15,40,2.9976021664879227e-15,0.8299760147124621,1.4793516819519573e-17,True
1.0,0.66,0.6495469184359536,0.5309895175212824,-0.3504530815640464,0.7063739911879663,0.8378468452940989,1.887379141862766e-15,2.6645352591003757e-15,40,2.9976021664879227e-15,0.8286276015752,1.4866263467575285e-17,True
1.0,0.665,0.6467153701704478,0.5312550824504544,-0.3532846298295522,0.704428412720037,0.8366386825901951,1.7208456881689926e-15,2.4424906541753444e-15,40,2.4424906541753444e-15,0.8272783934774071,1.493947675168038e-17,True
1.0,0.67,0.643880806783285,0.5315211839055448,-0.35611919321671504,0.7024870570509445,0.835430801304786,1.3322676295501878e-15,2.1094237467877974e-15,40,2.55351295663786e-15,0.825928389936245,1.5013160403057948e-17,True
1.0,0.675,0.6410432189332698,0.5317878238025633,-0.35895678106673023,0.7005499251173645,0.8342232008899316,1.4432899320127035e-15,1.887379141862766e-15,40,2.1094237467877974e-15,0.8245775904770893,1.5087318188804566e-17,True
1.0,0.68,0.638202597234546,0.5320550040668441,-0.361797402765454,0.6986170178651863,0.833015880797224,1.0547118733938987e-15,1.5543122344752192e-15,40,1.887379141862766e-15,0.823225994633665,1.5161953912292923e-17,True
1.0,0.685,0.6353589322563289,0.5323227266330964,-0.3646410677436711,0.6966883362495491,0.8318088404777987,1.4432899320127035e-15,1.7763568394002505e-15,40,1.4432899320127035e-15,0.8218736019481845,1.5237071413580043e-17,True
1.0,0.6900000000000001,0.6325122145226332,0.5325909934454591,-0.3674877854773668,0.6947638812348821,0.8306020793823525,1.1102230246251565e-15,1.5543122344752192e-15,40,1.6653345369377348e-15,0.8205204119714876,1.5312674569820437e-17,True
1.0,0.6950000000000001,0.6296624345120018,0.5328598064575514,-0.37033756548799823,0.6928436537949392,0.829395596961157,9.992007221626409e-16,1.2212453270876722e-15,40,8.881784197001252e-16,0.8191664242631833,1.5388767295684676e-17,True
1.0,0.7000000000000001,0.6268095826572316,0.5331291676325262,-0.37319041734276837,0.6909276549128401,0.8281893926640732,4.996003610813204e-16,1.1102230246251565e-15,40,7.771561172376096e-16,0.8178116383917928,1.5465353543783344e-17,True
1.0,0.705,0.6239536493450972,0.5333990789431245,-0.3760463506549028,0.689015885581105,0.8269834659405695,7.216449660063518e-16,8.881784197001252e-16,40,7.771561172376096e-16,0.8164560539348966,1.554243730509653e-17,True
1.0,0.71,0.6210946249160727,0.5336695423717286,-0.3789053750839273,0.687108346801696,0.8257778162397358,5.551115123125783e-16,7.771561172376096e-16,40,9.992007221626409e-16,0.8150996704792809,1.5620022609408685e-17,True
1.0,0.715,0.6182324996640536,0.5339405599104146,-0.3817675003359464,0.6852050395860522,0.8245724430103015,3.885780586188048e-16,5.551115123125783e-16,40,7.771561172376096e-16,0.8137424876210885,1.569811352574926e-17,True
1.0,0.72,0.6153672638360744,0.5342121335610077,-0.38463273616392557,0.6833059649551295,0.8233673457006513,1.6653345369377348e-16,3.3306690738754696e-16,40,0.0,0.8123845049659706,1.5776714162838945e-17,True
1.0,0.725,0.6124989076320262,0.5344842653351363,-0.3875010923679738,0.6814111239394384,0.8221625237588424,0.0,0.0,40,0.0,0.8110257221292411,1.5855828669541786e-17,True
1.0,0.73,0.6096274212043714,0.5347569572542857,-0.3903725787956286,0.6795205175790815,0.8209579766326228,1.1102230246251565e-16,1.1102230246251565e-16,40,1.1102230246251565e-16,0.8096661387360323,1.5935461235323114e-17,True
1.0,0.735,0.6067527946578573,0.5350302113498541,-0.39324720534214275,0.6776341469237933,0.8197537037694491,5.551115123125783e-17,0.0,40,0.0,0.8083057544214547,1.6015616090713397e-17,True
1.0,0.74,0.6038750180492267,0.5353040296632071,-0.3961249819507733,0.6757520130329764,0.8185497046165042,5.551115123125783e-17,1.1102230246251565e-16,40,4.440892098500626e-16,0.8069445688307568,1.6096297507778184e-17,True
1.0,0.745,0.600994081386929,0.5355784142457329,-0.399005918613071,0.6738741169757408,0.8173459786207173,3.3306690738754696e-16,0.0,40,3.3306690738754696e-16,0.8055825816194886,1.617750980059414e-17,True
1.0,0.75,0.5981099746308268,0.5358533671588975,-0.4018900253691732,0.672000459830944,0.8161425252287815,1.1102230246251565e-16,0.0,40,4.440892098500626e-16,0.804219792453667,1.625925732573149e-17,True
1.0,0.755,0.5952226876919027,0.5361288904743011,-0.4047773123080973,0.6701310426872251,0.814939343887175,1.1102230246251565e-16,0.0,40,0.0,0.8028562010099438,1.6341544482742216e-17,True
1.0,0.76,0.5923322104319622,0.536404986273734,-0.40766778956803784,0.6682658666430471,0.8137364340421798,5.551115123125783e-17,0.0,40,1.1102230246251565e-16,0.8014918069757754,1.6424375714655553e-17,True
1.0,0.765,0.589438532663337,0.5366816566492326,-0.410561467336663,0.666404932806734,0.8125337951399029,0.0,0.0,40,3.3306690738754696e-16,0.8001266100495954,1.6507755508479e-17,True
1.0,0.77,0.5865416441485851,0.5369589037031361,-0.4134583558514149,0.6645482422965086,0.8113314266262963,1.1102230246251565e-16,1.1102230246251565e-16,40,1.1102230246251565e-16,0.7987606099409905,1.6591688395706658e-17,True
1.0,0.775,0.5836415346001885,0.5372367295481438,-0.4163584653998115,0.6626957962405314,0.8101293279471806,1.6653345369377348e-16,1.1102230246251565e-16,40,2.220446049250313e-16,0.7973938063708768,1.6676178952833933e-17,True
1.0,0.78,0.5807381936802509,0.5375151363073706,-0.4192618063197491,0.660847595776939,0.8089274985482636,1.6653345369377348e-16,1.1102230246251565e-16,40,1.1102230246251565e-16,0.7960261990716802,1.676123180187894e-17,True
1.0,0.785,0.5778316110001915,0.5377941261144057,-0.42216838899980846,0.6590036420538826,0.807725937875164,0.0,0.0,40,2.220446049250313e-16,0.7946577877875197,1.6846851610911108e-17,True
1.0,0.79,0.5749217761204376,0.53807370111337,-0.4250782238795624,0.6571639362295663,0.8065246453734358,2.7755575615628914e-16,0.0,40,3.3306690738754696e-16,0.7932885722743915,1.693304309458647e-17,True
1.0,0.795,0.5720086785501166,0.5383538634589727,-0.4279913214498834,0.6553284794722848,0.805323620488588,5.551115123125783e-17,1.1102230246251565e-16,40,0.0,0.791918552300358,1.701981101469012e-17,True
1.0,0.8,0.5690923077467431,0.5386346153165711,-0.43090769225325687,0.6534972729604637,0.804122862666111,1.6653345369377348e-16,1.1102230246251565e-16,40,2.220446049250313e-16,0.7905477276457369,1.710716018068599e-17,True
1.0,0.805,0.5661726531159083,0.5389159588622258,-0.43382734688409175,0.6516703178826955,0.8029223713514998,1.1102230246251565e-16,0.0,40,1.1102230246251565e-16,0.7891760981032958,1.719509545027375e-17,True
1.0,0.81,0.5632497040109622,0.5391978962827627,-0.4367502959890378,0.6498476154377795,0.8017221459902785,1.6653345369377348e-16,0.0,40,3.3306690738754696e-16,0.7878036634784471,1.7283621729953207e-17,True
1.0,0.8150000000000001,0.5603234497326991,0.5394804297758293,-0.4396765502673009,0.6480291668347592,0.8005221860280256,0.0,0.0,40,0.0,0.7864304235894475,1.737274397559625e-17,True
1.0,0.8200000000000001,0.5573938795290376,0.5397635615499541,-0.44260612047096237,0.6462149732929614,0.7993224909104005,1.1102230246251565e-16,0.0,40,4.440892098500626e-16,0.7850563782675992,1.7462467193026292e-17,True
1.0,0.8250000000000001,0.5544609825947003,0.5400472938246056,-0.44553901740529966,0.6444050360420341,0.7981230600831681,1.6653345369377348e-16,1.1102230246251565e-16,40,1.1102230246251565e-16,0.7836815273574548,1.7552796438605557e-17,True
1.0,0.8300000000000001,0.5515247480708905,0.5403316288302524,-0.44847525192910953,0.642599356321984,0.7969238929922275,5.551115123125783e-17,1.1102230246251565e-16,40,5.551115123125783e-16,0.782305870717024,1.764373681983028e-17,True
1.0,0.835,0.5485851650449683,0.5406165688084211,-0.45141483495503165,0.6407979353832154,0.7957249890836379,1.6653345369377348e-16,0.0,40,3.3306690738754696e-16,0.7809294082179847,1.773529349593366e-17,True
1.0,0.84,0.5456422225501231,0.5409021160117583,-0.45435777744987693,0.6390007744865678,0.7945263478036456,1.1102230246251565e-16,0.0,40,5.551115123125783e-16,0.7795521397458962,1.782747167849723e-17,True
1.0,0.845,0.5426959095650457,0.541188272704088,-0.45730409043495435,0.6372078749033542,0.7933279685987161,5.551115123125783e-17,1.1102230246251565e-16,40,1.1102230246251565e-16,0.7781740652004152,1.7920276632069985e-17,True
1.0,0.85,0.5397462150135971,0.5414750411604741,-0.4602537849864029,0.6354192379153988,0.7921298509155592,5.551115123125783e-17,0.0,40,2.220446049250313e-16,0.7767951844955163,1.801371367479643e-17,True
1.0,0.855,0.5367931277644766,0.5417624236672788,-0.46320687223552337,0.6336348648150749,0.7909319942011611,1.1102230246251565e-16,1.1102230246251565e-16,40,1.1102230246251565e-16,0.7754154975597134,1.8107788179052577e-17,True
1.0,0.86,0.5338366366308867,0.5420504225222248,-0.46616336336911335,0.6318547569053432,0.7897343979028131,2.220446049250313e-16,0.0,40,0.0,0.774035004336287,1.8202505572090613e-17,True
1.0,0.865,0.5308767303701966,0.5423390400344549,-0.46912326962980344,0.6300789154997872,0.7885370614681436,5.551115123125783e-17,1.1102230246251565e-16,40,1.1102230246251565e-16,0.7726537047835121,1.8297871336692757e-17,True
1.0,0.87,0.5279133976836042,0.5426282785245928,-0.47208660231639576,0.6283073419226539,0.7873399843451495,2.220446049250313e-16,0.0,40,5.551115123125783e-16,0.7712715988748918,1.8393891011833202e-17,True
1.0,0.875,0.5249466272157947,0.5429181403248061,-0.47505337278420534,0.6265400375088896,0.7861431659822271,0.0,1.1102230246251565e-16,40,3.3306690738754696e-16,0.7698886865993918,1.8490570193349717e-17,True
1.0,0.88,0.5219764075545985,0.5432086277788654,-0.4780235924454015,0.6247770036041764,0.7849466058282063,1.1102230246251565e-16,0.0,40,3.3306690738754696e-16,0.7685049679616806,1.858791453462394e-17,True
1.0,0.885,0.5190027272306472,0.5434997432422065,-0.4809972727693528,0.6230182415649705,0.7837503033323834,5.551115123125783e-17,1.1102230246251565e-16,40,1.1102230246251565e-16,0.7671204429823717,1.8685929747271058e-17,True
1.0,0.89,0.516025574717026,0.5437914890819933,-0.48397442528297396,0.6212637527585397,0.7825542579445552,0.0,0.0,40,1.1102230246251565e-16,0.7657351116982696,1.8784621601839058e-17,True
1.0,0.895,0.5130449384289264,0.5440838676771772,-0.4869550615710736,0.6195135385629988,0.7813584691150546,5.551115123125783e-17,1.1102230246251565e-16,40,1.1102230246251565e-16,0.7643489741626199,1.888399592851713e-17,True
1.0,0.9,0.510060806723294,0.5443768814185622,-0.489939193276706,0.6177676003673476,0.7801629362947838,1.1102230246251565e-16,0.0,40,1.1102230246251565e-16,0.7629620304453618,1.898405861785401e-17,True
1.0,0.905,0.507073167898478,0.5446705327088641,-0.492926832101522,0.6160259395715068,0.7789676589352534,5.551115123125783e-17,1.1102230246251565e-16,40,0.0,0.7615742806333858,1.9084815621486225e-17,True
1.0,0.91,0.5040820101938752,0.5449648239627745,-0.4959179898061248,0.6142885575863546,0.777772636488618,1.1102230246251565e-16,0.0,40,2.220446049250313e-16,0.7601857248307937,1.918627295287605e-17,True
1.0,0.915,0.5010873217895737,0.5452597576070233,-0.4989126782104263,0.6125554558337636,0.7765778684077136,5.551115123125783e-17,0.0,40,4.440892098500626e-16,0.7587963631591635,1.9288436688059837e-17,True
1.0,0.92,0.4980890908059943,0.5455553360804409,-0.5019109091940057,0.6108266357466353,0.7753833541460962,1.6653345369377348e-16,0.0,40,3.3306690738754696e-16,0.757406195757817,1.9391312966406408e-17,True
1.0,0.925,0.49508730530353073,0.5458515618340208,-0.5049126946964693,0.6091020987689375,0.7741890931580814,2.7755575615628914e-16,0.0,40,2.220446049250313e-16,0.7560152227840924,1.9494907991386072e-17,True
1.0,0.93,0.49208195328218596,0.5461484373309828,-0.507918046717814,0.6073818463557388,0.7729950848987834,3.3306690738754696e-16,1.1102230246251565e-16,40,4.440892098500626e-16,0.7546234444136201,1.959922803135026e-17,True
1.0,0.935,0.4890730226812078,0.5464459650468365,-0.5109269773187922,0.6056658799732457,0.7718013288241579,5.551115123125783e-17,0.0,40,1.1102230246251565e-16,0.7532308608406026,1.9704279420321567e-17,True
1.0,0.9400000000000001,0.4860605013787231,0.5467441474694434,-0.5139394986212769,0.6039542010988355,0.7706078243910414,2.220446049250313e-16,0.0,40,1.1102230246251565e-16,0.7518374722780992,1.9810068558795242e-17,True
1.0,0.9450000000000001,0.48304437719136856,0.5470429870990808,-0.5169556228086314,0.6022468112210925,0.7694145710571935,1.1102230246251565e-16,1.1102230246251565e-16,40,1.1102230246251565e-16,0.7504432789583131,1.991660191455134e-17,True
1.0,0.9500000000000001,0.4800246378739194,0.5473424864485058,-0.5199753621260805,0.6005437118398431,0.768221568281343,5.551115123125783e-17,0.0,40,1.1102230246251565e-16,0.7490482811328847,2.0023886023478455e-17,True
1.0,0.9550000000000001,0.4770012711189187,0.5476426480430171,-0.5229987288810813,0.5988449044661898,0.7670288155232288,1.6653345369377348e-16,0.0,40,1.1102230246251565e-16,0.7476524790731879,2.0131927490408537e-17,True
1.0,0.96,0.4739742645563005,0.5479434744205203,-0.5260257354436995,0.5971503906225454,0.7658363122436462,5.551115123125783e-17,0.0,40,4.440892098500626e-16,0.7462558730706312,2.0240732989963685e-17,True
1.0,0.965,0.4709436057530148,0.548244968131591,-0.5290563942469853,0.5954601718426659,0.7646440579044933,1.1102230246251565e-16,1.1102230246251565e-16,40,2.220446049250313e-16,0.7448584634369627,2.0350309267414583e-17,True
1.0,0.97,0.4679092822126485,0.5485471317395376,-0.5320907177873515,0.5937742496716861,0.7634520519688163,5.551115123125783e-17,1.1102230246251565e-16,40,1.1102230246251565e-16,0.7434602505045802,2.0460663139550676e-17,True
1.0,0.975,0.46487128137504496,0.5488499678204667,-0.535128718624955,0.5920926256661515,0.762260293900859,1.6653345369377348e-16,1.1102230246251565e-16,40,3.3306690738754696e-16,0.7420612346268451,2.0571801495563007e-17,True
1.0,0.98,0.46182959061592055,0.5491534789633464,-0.5381704093840795,0.5904153013940514,0.7610687831661098,5.551115123125783e-17,0.0,40,2.220446049250313e-16,0.7406614161784015,2.0683731297938952e-17,True
1.0,0.985,0.45878419724648184,0.5494576677700691,-0.5412158027535181,0.5887422784348518,0.7598775192313523,5.551115123125783e-17,1.1102230246251565e-16,40,1.1102230246251565e-16,0.7392607955555001,2.0796459583369633e-17,True
1.0,0.99,0.4557350885130378,0.5497625368555173,-0.5442649114869622,0.5870735583795275,0.7586865015647145,1.6653345369377348e-16,1.1102230246251565e-16,40,5.551115123125783e-16,0.7378593731763254,2.0909993463670157e-17,True
1.0,0.995,0.4526822515966112,0.550068088847627,-0.5473177484033889,0.585409142830594,0.7574957296357228,5.551115123125783e-17,1.1102230246251565e-16,40,1.1102230246251565e-16,0.7364571494813297,2.1024340126712726e-17,True
1.0,1.0,0.4496256736125498,0.5503743263874502,-0.5503743263874502,0.5837490334021397,0.7563052029153511,1.1102230246251565e-16,0.0,40,1.1102230246251565e-16,0.7350541249335705,2.113950683737281e-17,True
1.5,0.0,1.5,0.6,0.5,1.5,1.0,0.0,0.0,0,0.0,1.0,3.633986433670228e-15,True
1.5,0.005,1.4969989708208837,0.6002058358232532,0.49699897082088373,1.4962537492767602,0.998500557168373,1.6653345369377348e-16,2.1760371282653068e-14,40,2.1871393585115584e-14,0.9987999120015457,3.649449035500401e-15,True
1.5,0.01,1.4939958808500553,0.6004119149944698,0.4939958808500553,1.4925149942138751,0.9970022287764191,3.885780586188048e-16,2.7977620220553945e-14,40,2.8310687127941492e-14,0.9975996486678468,3.6649926765805695e-15,True
1.5,0.015,1.4909907264311544,0.6006182379230415,0.4909907264311544,1.4887837304711196,0.9955050149804779,2.55351295663786e-15,1.6930901125533637e-13,40,1.6975310046518644e-13,0.9963992109968651,3.680617860883777e-15,True
1.5,0.02,1.487983503899613,0.600824805019351,0.487983503899613,1.4850599537076132,0.9940089159395006,1.1102230246251565e-16,7.438494264988549e-15,40,7.549516567451064e-15,0.9951985999938872,3.6963250959913504e-15,True
1.5,0.025,1.4849742095826681,0.601031616693275,0.4849742095826681,1.4813436595817966,0.9925139318150634,5.551115123125783e-17,1.4432899320127035e-15,40,1.9984014443252818e-15,0.9939978166715698,3.712114893121872e-15,True
1.5,0.03,1.4819628397993292,0.6012386733556937,0.4819628397993292,1.4776348437514055,0.9910200627713832,2.220446049250313e-16,8.881784197001252e-16,40,1.4432899320127035e-15,0.9927968620499869,3.727987767160447e-15,True
1.5,0.035,1.47894939086038,0.6014459754177168,0.4789493908603799,1.4739335018734463,0.9895273089753321,0.0,3.774758283725532e-15,40,4.3298697960381105e-15,0.9915957371566759,3.74394423668827e-15,True
1.5,0.04,1.475933859068366,0.6016535232908515,0.47593385906836594,1.4702396296041702,0.9880356705964521,5.551115123125783e-17,1.7763568394002505e-15,40,6.661338147750939e-16,0.9903944430266853,3.759984824012315e-15,True
1.5,0.045,1.4729162407175866,0.6018613173869635,0.47291624071758664,1.4665532225990485,0.9865451478069702,2.7755575615628914e-16,3.552713678800501e-15,40,3.885780586188048e-15,0.9891929807026212,3.776110055195424e-15,True
1.5,0.05,1.469896532094086,0.6020693581182801,0.469896532094086,1.4628742765127454,0.985055740781814,5.551115123125783e-17,8.881784197001252e-16,40,5.551115123125783e-16,0.9879913512346952,3.7923204600865286e-15,True
1.5,0.055,1.4668747294756421,0.602277645897416,0.4668747294756421,1.4592027869990936,0.9835674496986263,1.6653345369377348e-16,8.881784197001252e-16,40,3.3306690738754696e-16,0.9867895556807725,3.8086165723513204e-15,True
1.5,0.06,1.46385082913176,0.6024861811373332,0.46385082913176,1.4555387497110661,0.9820802747377804,0.0,1.4432899320127035e-15,40,1.9984014443252818e-15,0.9855875951064197,3.8249989295029946e-15,True
1.5,0.065,1.4608248273236624,0.6026949642513482,0.46082482732366237,1.4518821603007526,0.9805942160823965,1.1102230246251565e-16,4.440892098500626e-16,40,5.551115123125783e-16,0.9843854705849534,3.8414680729334085e-15,True
1.5,0.07,1.4577967203042808,0.602903995653132,0.45779672030428076,1.448233014419329,0.9791092739183556,1.1102230246251565e-16,1.2212453270876722e-15,40,8.881784197001252e-16,0.9831831831974887,3.858024547944468e-15,True
1.5,0.075,1.454766504318248,0.6031132757566926,0.45476650431824805,1.4445913077170336,0.9776254484343165,2.220446049250313e-16,7.771561172376096e-16,40,6.661338147750939e-16,0.9819807340329889,3.874668903779737e-15,True
1.5,0.08,1.4517341756018896,0.6033228049763806,0.45173417560188955,1.4409570358431392,0.9761427398217302,1.1102230246251565e-16,2.220446049250313e-16,40,1.1102230246251565e-16,0.980778124188314,3.891401693656469e-15,True
1.5,0.085,1.4486997303832154,0.6035325837268773,0.4486997303832154,1.4373301944459236,0.9746611482748575,1.1102230246251565e-16,9.992007221626409e-16,40,7.771561172376096e-16,0.9795753547682711,3.908223474797737e-15,True
1.5,0.09,1.4456631648819125,0.6037426124231946,0.4456631648819125,1.4337107791726444,0.9731806739907821,2.220446049250313e-16,2.220446049250313e-16,40,2.220446049250313e-16,0.9783724268856638,3.9251348084650375e-15,True
1.5,0.095,1.4426244753093374,0.6039528914806594,0.44262447530933735,1.4300987856695109,0.9717013171694296,5.551115123125783e-17,5.551115123125783e-16,40,1.1102230246251565e-16,0.9771693416613428,3.942136259991003e-15,True
1.5,0.1,1.4395836578685086,0.6041634213149139,0.4395836578685086,1.4264942095816535,0.9702230780135818,1.6653345369377348e-16,1.2212453270876722e-15,40,1.4432899320127035e-15,0.9759661002242566,3.959228398812566e-15,True
1.5,0.105,1.4365407087540987,0.6043742023419174,0.43654070875409867,1.4228970465530986,0.9687459567288933,5.551115123125783e-17,3.3306690738754696e-16,40,9.992007221626409e-16,0.9747627037115014,3.976411798504339e-15,True
1.5,0.11,1.4334956241524284,0.6045852349779239,0.43349562415242837,1.4193072922267365,0.967269953523907,0.0,2.220446049250313e-16,40,4.440892098500626e-16,0.973559153268374,3.993687036812271e-15,True
1.5,0.115,1.430448400241459,0.6047965196394867,0.43044840024145903,1.4157249422442961,0.9657950686100726,2.220446049250313e-16,0.0,40,0.0,0.9723554500484216,4.011054695687637e-15,True
1.5,0.12,1.4273990331907858,0.605008056743452,0.42739903319078576,1.412149992246312,0.9643213022017603,2.220446049250313e-16,6.661338147750939e-16,40,3.3306690738754696e-16,0.9711515952134949,4.0285153613213565e-15,True
1.5,0.125,1.4243475191616315,0.6052198467069481,0.4243475191616315,1.4085824378720984,0.9628486545162799,1.6653345369377348e-16,1.3322676295501878e-15,40,5.551115123125783e-16,0.9699475899337993,4.046069624178555e-15,True
1.5,0.13,1.4212938543068407,0.6054318899473788,0.42129385430684074,1.4050222747597165,0.9613771257738953,2.220446049250313e-16,1.1102230246251565e-15,40,1.2212453270876722e-15,0.9687434353879478,4.0637180790334995e-15,True
1.5,0.135,1.4182380347708718,0.6056441868824307,0.41823803477087185,1.4014694985459468,0.9599067161978428,0.0,9.992007221626409e-16,40,1.1102230246251565e-15,0.967539132763014,4.081461325004779e-15,True
1.5,0.14,1.4151800566897945,0.6058567379300391,0.4151800566897945,1.3979241048662574,0.9584374260143479,2.7755575615628914e-16,5.551115123125783e-16,40,7.771561172376096e-16,0.9663346832545847,4.0992999655908515e-15,True
1.5,0.145,1.4121199161912803,0.6060695435084118,0.4121199161912803,1.3943860893547741,0.9569692554526411,2.220446049250313e-16,1.1102230246251565e-16,40,4.440892098500626e-16,0.9651300880668136,4.1172346087059194e-15,True
1.5,0.15,1.4090576093946001,0.6062826040359992,0.4090576093946001,1.3908554476442496,0.9555022047449759,0.0,4.440892098500626e-16,40,2.220446049250313e-16,0.9639253484124749,4.135265866716034e-15,True
1.5,0.155,1.4059931324106172,0.606495919931502,0.4059931324106172,1.3873321753660317,0.9540362741266468,1.1102230246251565e-16,3.3306690738754696e-16,40,8.881784197001252e-16,0.9627204655130176,4.153394356475653e-15,True
1.5,0.16,1.4029264813417834,0.6067094916138535,0.40292648134178344,1.383816268150033,0.9525714638360042,1.1102230246251565e-16,4.440892098500626e-16,40,6.661338147750939e-16,0.9615154405986196,4.1716206993644254e-15,True
1.5,0.165,1.399857652282133,0.6069233195022236,0.3998576522821331,1.3803077216246993,0.9511077741144742,2.7755575615628914e-16,3.3306690738754696e-16,40,4.440892098500626e-16,0.9603102749082427,4.189945521324334e-15,True
1.5,0.17,1.39678664131728,0.6071374040159998,0.39678664131728003,1.3768065314169762,0.9496452052065755,5.551115123125783e-17,4.440892098500626e-16,40,8.881784197001252e-16,0.9591049696896874,4.208369452897203e-15,True
1.5,0.17500000000000002,1.3937134445244113,0.6073517455747928,0.39371344452441126,1.373312693152279,0.9481837573599353,2.7755575615628914e-16,8.881784197001252e-16,40,7.771561172376096e-16,0.9578995261996485,4.226893129262513e-15,True
1.5,0.18,1.3906380579722855,0.6075663445984142,0.39063805797228546,1.3698262024544585,0.9467234308253101,5.551115123125783e-17,0.0,40,2.220446049250313e-16,0.9566939457037706,4.245517190275541e-15,True
1.5,0.185,1.3875604777212263,0.6077812015068851,0.38756047772122626,1.3663470549457692,0.9452642258566005,5.551115123125783e-17,1.1102230246251565e-16,40,1.1102230246251565e-16,0.9554882294767044,4.264242280505841e-15,True
1.5,0.19,1.384480699823121,0.6079963167204161,0.38448069982312094,1.3628752462468365,0.9438061427108718,1.6653345369377348e-16,0.0,40,1.1102230246251565e-16,0.9542823788021632,4.2830690492762175e-15,True
1.5,0.195,1.3813987203214158,0.6082116906594064,0.38139872032141575,1.3594107719766213,0.9423491816483696,2.220446049250313e-16,3.3306690738754696e-16,40,3.3306690738754696e-16,0.9530763949729789,4.301998150701703e-15,True
1.5,0.2,1.3783145352511135,0.6084273237444326,0.37831453525111347,1.3559536277523905,0.9408933429325398,1.6653345369377348e-16,2.220446049250313e-16,40,2.220446049250313e-16,0.9518702792911602,4.321030243729338e-15,True
1.5,0.20500000000000002,1.3752281406387703,0.6086432163962424,0.3752281406387703,1.3525038091896775,0.939438626830046,2.220446049250313e-16,2.220446049250313e-16,40,1.1102230246251565e-16,0.950664033067949,4.340165992177889e-15,True
1.5,0.21,1.3721395325024928,0.6088593690357488,0.37213953250249276,1.3490613119022536,0.937985033610788,5.551115123125783e-17,1.1102230246251565e-16,40,6.661338147750939e-16,0.9494576576238789,4.359406064778284e-15,True
1.5,0.215,1.3690487068519364,0.6090757820840169,0.36904870685193636,1.3456261315020892,0.9365325635479209,5.551115123125783e-17,0.0,40,1.1102230246251565e-16,0.9482511542888329,4.378751135214063e-15,True
1.5,0.22,1.3659556596883027,0.6092924559622606,0.3659556596883027,1.3421982635993213,0.9350812169178729,2.220446049250313e-16,2.220446049250313e-16,40,2.220446049250313e-16,0.9470445244021017,4.39820188216252e-15,True
1.5,0.225,1.362860387004338,0.6095093910918307,0.3628603870043381,1.3387777038022168,0.9336309940003643,2.220446049250313e-16,0.0,40,3.3306690738754696e-16,0.9458377693124433,4.417758989335998e-15,True
1.5,0.23,1.3597628847843317,0.6097265878942099,0.3597628847843317,1.3353644477171396,0.9321818950784262,2.7755575615628914e-16,5.551115123125783e-16,40,5.551115123125783e-16,0.9446308903781415,4.437423145523629e-15,True
1.5,0.23500000000000001,1.3566631490041143,0.6099440467910028,0.35666314900411433,1.3319584909485116,0.9307339204384204,2.220446049250313e-16,6.661338147750939e-16,40,1.3322676295501878e-15,0.9434238889670652,4.45719504463347e-15,True
1.5,0.24,1.3535611756310575,0.6101617682039272,0.3535611756310575,1.3285598290987788,0.9292870703700566,3.3306690738754696e-16,4.440892098500626e-16,40,4.440892098500626e-16,0.942216766456729,4.4770753857350076e-15,True
1.5,0.245,1.3504569606240733,0.6103797525548029,0.3504569606240733,1.3251684577683736,0.9278413451664144,2.7755575615628914e-16,4.440892098500626e-16,40,5.551115123125783e-16,0.941009524234353,4.497064873101987e-15,True
1.5,0.25,1.347350499933613,0.610598000265548,0.347350499933613,1.3217843725556793,0.926396745123959,2.7755575615628914e-16,1.1102230246251565e-16,40,7.771561172376096e-16,0.9398021636969235,4.517164216255753e-15,True
1.5,0.255,1.3442417895016674,0.6108165117581671,0.3442417895016674,1.3184075690569919,0.9249532705425635,1.1102230246251565e-16,4.440892098500626e-16,40,1.2212453270876722e-15,0.9385946862512536,4.537374130008846e-15,True
1.5,0.26,1.3411308252617666,0.6110352874547437,0.34113082526176663,1.3150380428664843,0.9235109217255278,2.220446049250313e-16,1.1102230246251565e-16,40,4.440892098500626e-16,0.9373870933140453,4.557695334509106e-15,True
1.5,0.265,1.3380176031389819,0.6112543277774268,0.3380176031389819,1.311675789576166,0.9220696989795972,5.551115123125783e-17,2.220446049250313e-16,40,1.1102230246251565e-16,0.9361793863119503,4.578128555284098e-15,True
1.5,0.27,1.3349021190499246,0.6114736331484273,0.3349021190499246,1.308320804775848,0.9206296026149834,5.551115123125783e-17,0.0,40,4.440892098500626e-16,0.9349715666816324,4.598674523285991e-15,True
1.5,0.275,1.3317843689027484,0.6116932039900057,0.3317843689027484,1.3049730840531024,0.9191906329453838,3.885780586188048e-16,1.1102230246251565e-16,40,3.3306690738754696e-16,0.9337636358698301,4.6193339749368195e-15,True
1.5,0.28,1.3286643485971505,0.6119130407244623,0.32866434859715055,1.3016326229932234,0.9177527902880017,5.551115123125783e-17,1.1102230246251565e-16,40,1.1102230246251565e-16,0.9325555953334193,4.640107652174146e-15,True
1.5,0.28500000000000003,1.325542054024373,0.6121331437741299,0.325542054024373,1.2982994171791904,0.9163160749635656,5.551115123125783e-17,4.440892098500626e-16,40,7.771561172376096e-16,0.9313474465394759,4.660996302497185e-15,True
1.5,0.29,1.3224174810672058,0.6123535135613594,0.3224174810672058,1.2949734621916273,0.9148804872963515,1.1102230246251565e-16,1.1102230246251565e-16,40,2.220446049250313e-16,0.93013919096534,4.682000679013275e-15,True
1.5,0.295,1.3192906255999877,0.6125741505085164,0.31929062559998767,1.2916547536087621,0.9134460276142014,1.6653345369377348e-16,1.1102230246251565e-16,40,0.0,0.9289308300986796,4.703121540484866e-15,True
1.5,0.3,1.31616148348861,0.6127950550379668,0.31616148348860995,1.2883432870063867,0.9120126962485439,5.551115123125783e-17,7.771561172376096e-16,40,3.3306690738754696e-16,0.9277223654375548,4.724359651376792e-15,True
1.5,0.305,1.3130300505905204,0.6130162275720644,0.31303005059052036,1.2850390579578193,0.9105804935344161,0.0,2.220446049250313e-16,40,1.1102230246251565e-16,0.9265137984904821,4.745715781904214e-15,True
1.5,0.31,1.3098963227547236,0.6132376685331498,0.30989632275472356,1.281742062033859,0.9091494198104833,1.1102230246251565e-16,1.1102230246251565e-16,40,4.440892098500626e-16,0.9253051307765,4.767190708080651e-15,True
1.5,0.315,1.3067602958217883,0.6134593783435291,0.3067602958217883,1.2784522948027492,0.9077194754190598,5.551115123125783e-17,1.1102230246251565e-16,40,2.220446049250313e-16,0.9240963638252341,4.7887852117668665e-15,True
1.5,0.32,1.3036219656238492,0.6136813574254711,0.30362196562384924,1.2751697518301326,0.906290660706131,5.551115123125783e-17,0.0,40,7.771561172376096e-16,0.922887499176963,4.810500080719761e-15,True
1.5,0.325,1.3004813279846124,0.6139036062011928,0.30048132798461236,1.2718944286790106,0.9048629760213729,0.0,1.1102230246251565e-16,40,8.881784197001252e-16,0.9216785383826842,4.832336108642113e-15,True
1.5,0.33,1.2973383787193593,0.6141261250928506,0.2973383787193593,1.2686263209097017,0.9034364217181751,1.6653345369377348e-16,6.661338147750939e-16,40,4.440892098500626e-16,0.9204694830041809,4.8542940952324926e-15,True
1.5,0.335,1.2941931136349536,0.6143489145225265,0.2941931136349536,1.2653654240797978,0.9020109981536606,0.0,0.0,40,3.3306690738754696e-16,0.9192603346140888,4.876374846235779e-15,True
1.5,0.34,1.2910455285298443,0.6145719749122225,0.29104552852984433,1.2621117337441214,0.9005867056887084,5.551115123125783e-17,2.220446049250313e-16,40,1.1102230246251565e-16,0.9180510947959636,4.898579173494033e-15,True
1.5,0.34500000000000003,1.2878956191940736,0.6147953066838446,0.2878956191940736,1.2588652454546825,0.8991635446879745,0.0,3.3306690738754696e-16,40,6.661338147750939e-16,0.9168417651443485,4.920907894997972e-15,True
1.5,0.35000000000000003,1.2847433814092832,0.6150189102591906,0.28474338140928324,1.2556259547606348,0.8977415155199142,1.1102230246251565e-16,3.3306690738754696e-16,40,3.3306690738754696e-16,0.9156323472648424,4.943361834938754e-15,True
1.5,0.355,1.2815888109487192,0.6152427860599459,0.28158881094871924,1.252393857208231,0.8963206185568035,1.1102230246251565e-16,1.1102230246251565e-16,40,2.220446049250313e-16,0.9144228427741683,4.96594182376042e-15,True
1.5,0.36,1.2784319035772418,0.6154669345076618,0.2784319035772418,1.2491689483407784,0.8949008541747614,8.326672684688674e-17,1.1102230246251565e-16,40,2.220446049250313e-16,0.9132132533002424,4.9886486982125995e-15,True
1.5,0.365,1.2752726550513305,0.6156913560237521,0.2752726550513305,1.245951223698595,0.8934822227537715,5.551115123125783e-17,2.220446049250313e-16,40,1.1102230246251565e-16,0.9120035804822432,5.011483301403893e-15,True
1.5,0.37,1.2721110611190931,0.6159160510294781,0.2721110611190931,1.2427406788189619,0.8920647246777058,2.7755575615628914e-16,2.220446049250313e-16,40,2.220446049250313e-16,0.910793825970681,5.0344464828556625e-15,True
1.5,0.375,1.2689471175202747,0.6161410199459342,0.26894711752027467,1.239537309236081,0.8906483603343455,8.326672684688674e-17,2.220446049250313e-16,40,2.220446049250313e-16,0.9095839914274687,5.057539098556293e-15,True
1.5,0.38,1.2657808199862643,0.6163662631940412,0.26578081998626435,1.2363411104810247,0.8892331301154036,2.220446049250313e-16,3.3306690738754696e-16,40,3.3306690738754696e-16,0.9083740785259914,5.080762011015973e-15,True
1.5,0.385,1.2626121642401071,0.616591781194527,0.26261216424010714,1.2331520780816918,0.887819034416549,2.7755575615628914e-16,2.220446049250313e-16,40,1.1102230246251565e-16,0.9071640889511778,5.104116089321986e-15,True
1.5,0.39,1.259441145996511,0.6168175743679207,0.2594411459965109,1.2299702075627614,0.886406073637428,5.273559366969494e-16,3.3306690738754696e-16,40,6.661338147750939e-16,0.9059540243995715,5.127602209194535e-15,True
1.5,0.395,1.2562677609618573,0.6170436431345384,0.2562677609618573,1.2267954944456436,0.8849942481816874,3.3306690738754696e-16,3.3306690738754696e-16,40,1.1102230246251565e-15,0.9047438865794024,5.151221253043078e-15,True
1.5,0.4,1.2530920048342142,0.6172699879144644,0.25309200483421423,1.223627934248431,0.8835835584569985,1.942890293094024e-16,0.0,40,0.0,0.9035336772106589,5.174974110023033e-15,True
1.5,0.405,1.2499138733033432,0.6174966091275474,0.24991387330334325,1.2204675224858532,0.8821740048750796,3.3306690738754696e-16,4.440892098500626e-16,40,5.551115123125783e-16,0.9023233980251607,5.198861676093197e-15,True
1.5,0.41000000000000003,1.2467333620507133,0.6177235071933822,0.24673336205071328,1.217314254669227,0.8807655878517183,2.7755575615628914e-16,1.1102230246251565e-16,40,1.1102230246251565e-16,0.9011130507666314,5.222884854073708e-15,True
1.5,0.41500000000000004,1.243550466749512,0.6179506825312961,0.24355046674951208,1.2141681263064066,0.8793583078067979,1.6653345369377348e-16,1.1102230246251565e-16,40,0.0,0.8999026371907719,5.247044553704333e-15,True
1.5,0.42,1.2403651830646585,0.618178135560337,0.24036518306465848,1.2110291329017346,0.8779521651643183,0.0,2.220446049250313e-16,40,2.220446049250313e-16,0.8986921590653342,5.2713416917034385e-15,True
1.5,0.425,1.2371775066528146,0.6184058666992599,0.23717750665281456,1.207897269955992,0.8765471603524201,1.6653345369377348e-16,5.551115123125783e-16,40,1.1102230246251565e-15,0.8974816181701954,5.295777191827494e-15,True
1.5,0.43,1.2339874331623997,0.6186338763665123,0.23398743316239967,1.204772532966348,0.8751432938034106,5.551115123125783e-17,0.0,40,4.440892098500626e-16,0.8962710162974328,5.32035198493119e-15,True
1.5,0.435,1.2307949582336033,0.6188621649802223,0.2307949582336033,1.2016549174263085,0.8737405659537855,3.3306690738754696e-16,0.0,40,0.0,0.8950603552513978,5.3450670090278706e-15,True
1.5,0.44,1.2276000774984004,0.619090732958181,0.2276000774984004,1.1985444188256673,0.8723389772442539,2.220446049250313e-16,1.1102230246251565e-16,40,3.3306690738754696e-16,0.8938496368487927,5.369923209350838e-15,True
1.5,0.445,1.224402786580565,0.6193195807178317,0.2244027865805649,1.1954410326504503,0.8709385281197629,1.6653345369377348e-16,0.0,40,1.1102230246251565e-16,0.8926388629187454,5.3949215384149625e-15,True
1.5,0.45,1.221203081095686,0.6195487086762533,0.22120308109568598,1.1923447543828667,0.8695392190295221,1.3877787807814457e-16,2.220446049250313e-16,40,0.0,0.8914280353028863,5.420062956079057e-15,True
1.5,0.455,1.2180009566511834,0.6197781172501464,0.21800095665118335,1.1892555795012552,0.8681410504270272,2.7755575615628914e-17,2.220446049250313e-16,40,3.3306690738754696e-16,0.8902171558554246,5.44534842960864e-15,True
1.5,0.46,1.2147964088463232,0.620007806855819,0.21479640884632323,1.1861735034800307,0.8667440227700868,2.498001805406602e-16,2.220446049250313e-16,40,1.1102230246251565e-16,0.8890062264432257,5.470778933739485e-15,True
1.5,0.465,1.2115894332722354,0.620237777909171,0.21158943327223545,1.1830985217896306,0.8653481365208449,0.0,0.0,40,4.440892098500626e-16,0.8877952489458883,5.496355450741556e-15,True
1.5,0.47000000000000003,1.2083800255119301,0.6204680308256806,0.20838002551193013,1.1800306298964622,0.8639533921458075,3.0531133177191805e-16,6.661338147750939e-16,40,7.771561172376096e-16,0.8865842252558229,5.522078970483727e-15,True
1.5,0.47500000000000003,1.2051681811403172,0.6206985660203848,0.2051681811403172,1.1769698232628465,0.8625597901158674,2.220446049250313e-16,5.551115123125783e-16,40,4.440892098500626e-16,0.88537315727833,5.5479504904988824e-15,True
1.5,0.48,1.2019538957242226,0.6209293839078696,0.20195389572422262,1.1739160973469642,0.8611673309063291,3.0531133177191805e-16,4.440892098500626e-16,40,7.771561172376096e-16,0.8841620469316782,5.573971016049872e-15,True
1.5,0.485,1.1987371648224088,0.62116048490225,0.19873716482240877,1.1708694476027999,0.8597760149969349,2.220446049250313e-16,1.1102230246251565e-16,40,2.220446049250313e-16,0.8829508961471847,5.60014156019585e-15,True
1.5,0.49,1.1955179839855925,0.6213918694171582,0.1955179839855925,1.167829869480086,0.8583858428718905,3.3306690738754696e-16,4.440892098500626e-16,40,4.440892098500626e-16,0.881739706869294,5.626463143859352e-15,True
1.5,0.495,1.192296348756468,0.6216235378657213,0.19229634875646795,1.164797358424247,0.85699681501989,0.0,2.220446049250313e-16,40,2.220446049250313e-16,0.8805284810556584,5.652936795893976e-15,True
1.5,0.5,1.1890722546697234,0.6218554906605531,0.18907225466972344,1.1617719098763426,0.8556089319341423,3.608224830031759e-16,6.661338147750939e-16,40,4.440892098500626e-16,0.8793172206772182,5.679563553152735e-15,True
1.5,0.505,1.1858456972520663,0.62208772821373,0.18584569725206634,1.1587535192730085,0.8542221941123981,5.551115123125783e-17,2.220446049250313e-16,40,2.220446049250313e-16,0.8781059277182832,5.706344460556844e-15,True
1.5,0.51,1.1826166720222415,0.6223202509367813,0.18261667202224152,1.1557421820464016,0.8528366020569739,2.498001805406602e-16,5.551115123125783e-16,40,2.220446049250313e-16,0.8768946041766138,5.7332805711654235e-15,True
1.5,0.515,1.1793851744910568,0.6225530592406663,0.17938517449105684,1.152737893624138,0.8514521562747805,1.942890293094024e-16,2.220446049250313e-16,40,7.771561172376096e-16,0.8756832520635027,5.760372946245704e-15,True
1.5,0.52,1.1761512001614032,0.622786153535763,0.17615120016140318,1.1497406494292377,0.8500688572773485,2.220446049250313e-16,2.220446049250313e-16,40,9.992007221626409e-16,0.8744718734038573,5.787622655343866e-15,True
1.5,0.525,1.1729147445282806,0.6230195342318464,0.1729147445282806,1.146750444880062,0.8486867055808542,5.551115123125783e-16,7.771561172376096e-16,40,8.881784197001252e-16,0.8732604702362827,5.815030776356529e-15,True
1.5,0.53,1.169675803078822,0.6232532017380719,0.1696758030788219,1.143767275390256,0.8473057017061487,4.163336342344337e-16,2.220446049250313e-16,40,4.440892098500626e-16,0.8720490446131647,5.842598395603043e-15,True
1.5,0.535,1.1664343712923153,0.623487156462962,0.1664343712923153,1.1407911363686858,0.8459258461787829,2.220446049250313e-16,6.661338147750939e-16,40,1.2212453270876722e-15,0.8708375986007527,5.870326607898299e-15,True
1.5,0.54,1.1631904446402335,0.6237213988143824,0.16319044464023347,1.1378220232193808,0.8445471395290342,3.608224830031759e-16,2.220446049250313e-16,40,1.1102230246251565e-16,0.8696261342792451,5.898216516626289e-15,True
1.5,0.545,1.1599440185862568,0.6239559291995287,0.15994401858625684,1.1348599313414682,0.8431695822919357,4.440892098500626e-16,4.440892098500626e-16,40,3.3306690738754696e-16,0.8684146537428727,5.926269233814322e-15,True
1.5,0.55,1.156695088586302,0.6241907480249053,0.1566950885863021,1.1319048561291138,0.8417931750073027,5.551115123125783e-17,4.440892098500626e-16,40,1.1102230246251565e-15,0.8672031590999841,5.954485880207932e-15,True
1.5,0.555,1.1534436500885488,0.6244258556963085,0.15344365008854877,1.1289567929714597,0.8404179182197594,3.3306690738754696e-16,2.220446049250313e-16,40,1.1102230246251565e-16,0.8659916524731309,5.982867585346546e-15,True
1.5,0.56,1.150189698533467,0.6246612526188089,0.15018969853346698,1.1260157372525572,0.8390438124787678,2.7755575615628914e-16,3.3306690738754696e-16,40,5.551115123125783e-16,0.8647801359991537,6.011415487639816e-15,True
1.5,0.5650000000000001,1.1469332293538477,0.6248969391967297,0.14693322935384767,1.1230816843513085,0.8376708583386547,5.134781488891349e-16,5.551115123125783e-16,40,9.992007221626409e-16,0.8635686118292683,6.040130734444527e-15,True
1.5,0.5700000000000001,1.143674237974831,0.6251329158336297,0.14367423797483103,1.1201546296413982,0.8362990563586409,2.220446049250313e-16,6.661338147750939e-16,40,9.992007221626409e-16,0.8623570821291521,6.069014482142505e-15,True
1.5,0.5750000000000001,1.1404127198139369,0.6253691829322836,0.14041271981393688,1.1172345684912317,0.8349284071028675,1.3877787807814457e-16,3.3306690738754696e-16,40,4.440892098500626e-16,0.8611455490790321,6.098067896218999e-15,True
1.5,0.58,1.137148670281095,0.625605740894664,0.1371486702810949,1.114321496263867,0.8335589111404261,2.220446049250313e-16,3.3306690738754696e-16,40,1.1102230246251565e-16,0.8599340148737715,6.127292151341978e-15,True
1.5,0.585,1.1338820847786772,0.6258425901219192,0.13388208477867725,1.1114154083169503,0.8321905690453866,1.8041124150158794e-16,5.551115123125783e-16,40,5.551115123125783e-16,0.8587224817229586,6.1566884314419704e-15,True
1.5,0.59,1.1306129587015308,0.6260797310143547,0.13061295870153078,1.1085163000026503,0.830823381396825,6.800116025829084e-16,8.881784197001252e-16,40,6.661338147750939e-16,0.8575109518509948,6.186257929792843e-15,True
1.5,0.595,1.12734128743701,0.626317163971412,0.1273412874370099,1.1056241666675888,0.8294573487788536,6.106226635438361e-16,8.881784197001252e-16,40,1.1102230246251565e-15,0.8562994274971838,6.216001849093185e-15,True
1.5,0.6,1.1240670663650099,0.6265548893916503,0.12406706636500986,1.102739003652775,0.8280924717806489,2.7755575615628914e-16,3.3306690738754696e-16,40,2.220446049250313e-16,0.8550879109158209,6.245921401548623e-15,True
1.5,0.605,1.1207902908580007,0.6267929076727261,0.12079029085800075,1.099860806293537,0.826728750996481,4.85722573273506e-16,7.771561172376096e-16,40,3.3306690738754696e-16,0.8538764043762832,6.276017808954751e-15,True
1.5,0.61,1.1175109562810654,0.6270312192113682,0.11751095628106545,1.0969895699194527,0.8253661870257432,9.43689570931383e-16,5.551115123125783e-16,40,7.771561172376096e-16,0.8526649101631192,6.306292302780785e-15,True
1.5,0.615,1.1142290579919327,0.6272698244033614,0.11422905799193273,1.0941252898542784,0.8240047804729811,4.163336342344337e-16,7.771561172376096e-16,40,6.661338147750939e-16,0.8514534305761408,6.336746124254258e-15,True
1.5,0.62,1.1109445913410159,0.6275087236435228,0.11094459134101586,1.0912679614158836,0.8226445319479221,6.938893903907228e-17,5.551115123125783e-16,40,9.992007221626409e-16,0.8502419679305129,6.367380524446282e-15,True
1.5,0.625,1.1076575516714489,0.6277479173256818,0.10765755167144886,1.0884175799161764,0.8212854420655048,5.828670879282072e-16,4.440892098500626e-16,40,8.881784197001252e-16,0.8490305245568467,6.398196764357678e-15,True
1.5,0.63,1.1043679343191262,0.6279874058426569,0.10436793431912617,1.085574140661032,0.8199275114459108,5.828670879282072e-16,6.661338147750939e-16,40,8.881784197001252e-16,0.8478191028012909,6.4291961150058876e-15,True
1.5,0.635,1.1010757346127416,0.6282271895862338,0.10107573461274155,1.0827376389502241,0.8185707407145913,8.187894806610529e-16,7.771561172376096e-16,40,1.1102230246251565e-15,0.8466077050256245,6.4603798575127566e-15,True
1.5,0.64,1.0977809478738279,0.628467268947144,0.09778094787382785,1.0799080700773491,0.8172151305023009,2.220446049250313e-16,5.551115123125783e-16,40,6.661338147750939e-16,0.84539633360735,6.491749283193118e-15,True
1.5,0.645,1.0944835694167974,0.6287076443150428,0.09448356941679736,1.0770854293297565,0.8158606814451257,3.469446951953614e-16,6.661338147750939e-16,40,8.881784197001252e-16,0.8441849909397867,6.523305693644164e-15,True
1.5,0.65,1.0911835945489845,0.6289483160784853,0.0911835945489845,1.0742697119884712,0.8145073941845146,5.412337245047638e-16,6.661338147750939e-16,40,4.440892098500626e-16,0.8429736794321648,6.555050400835687e-15,True
1.5,0.655,1.0878810185706882,0.6291892846249035,0.0878810185706882,1.071460913328122,0.8131552693673099,5.828670879282072e-16,8.881784197001252e-16,40,4.440892098500626e-16,0.8417624015097199,6.586984727201139e-15,True
1.5,0.66,1.0845758367752147,0.6294305503405837,0.08457583677521474,1.0686590286168658,0.8118043076457782,2.498001805406602e-16,5.551115123125783e-16,40,5.551115123125783e-16,0.8405511596137876,6.619110005729641e-15,True
1.5,0.665,1.081268044448922,0.6296721136106436,0.081268044448922,1.0658640531163126,0.8104545096776409,8.049116928532385e-16,7.771561172376096e-16,40,5.551115123125783e-16,0.8393399562018993,6.651427580058764e-15,True
1.5,0.67,1.0779576368712651,0.6299139748190072,0.07795763687126511,1.0630759820814468,0.8091058761261073,9.43689570931383e-16,1.1102230246251565e-15,40,1.1102230246251565e-15,0.8381287937478773,6.683938804568154e-15,True
1.5,0.675,1.0746446093148432,0.6301561343483805,0.07464460931484318,1.0602948107605537,0.807758407659902,4.371503159461554e-16,8.881784197001252e-16,40,8.881784197001252e-16,0.8369176747419318,6.71664504447406e-15,True
1.5,0.68,1.0713289570454438,0.6303985925802296,0.07132895704544384,1.0575205343951406,0.8064121049533016,5.967448757360216e-16,7.771561172376096e-16,40,8.881784197001252e-16,0.8357066016907573,6.749547675924886e-15,True
1.5,0.685,1.0680106753220928,0.630641349894755,0.06801067532209282,1.0547531482198567,0.8050669686861615,6.730727086790012e-16,9.992007221626409e-16,40,8.881784197001252e-16,0.8344955771176291,6.782648086097506e-15,True
1.5,0.6900000000000001,1.0646897593971034,0.6308844066708645,0.06468975939710342,1.0519926474624175,0.803722999543951,1.0477729794899915e-15,9.992007221626409e-16,40,9.992007221626409e-16,0.8332846035625023,6.815947673294347e-15,True
1.5,0.6950000000000001,1.0613662045161243,0.631127763286152,0.06136620451612429,1.0492390273435213,0.8023801982177837,3.95516952522712e-16,9.992007221626409e-16,40,6.661338147750939e-16,0.832073683582109,6.849447847041697e-15,True
1.5,0.7000000000000001,1.058040005918191,0.6313714201168701,0.05804000591819092,1.0464922830767742,0.8010385654044503,7.632783294297951e-16,1.1102230246251565e-15,40,7.771561172376096e-16,0.8308628197500563,6.8831500281888265e-15,True
1.5,0.705,1.0547111588357778,0.6316153775379039,0.05471115883577782,1.0437524098686037,0.7996981018064503,1.0130785099704553e-15,1.3322676295501878e-15,40,1.1102230246251565e-15,0.8296520146569264,6.917055649007757e-15,True
1.5,0.71,1.0513796584948503,0.6318596359227462,0.05137965849485027,1.04101940291818,0.7983588081320255,9.08995101411847e-16,1.2212453270876722e-15,40,1.3322676295501878e-15,0.8284412709103756,6.9511661532944666e-15,True
1.5,0.715,1.0480455001149178,0.6321041956434716,0.048045500114917816,1.0382932574173338,0.7970206850951909,9.367506770274758e-16,9.992007221626409e-16,40,1.4432899320127035e-15,0.8272305911352337,6.985482996470616e-15,True
1.5,0.72,1.0447086789090891,0.6323490570707095,0.04470867890908914,1.0355739685504721,0.7956837334157701,1.1726730697603216e-15,1.1102230246251565e-15,40,6.661338147750939e-16,0.8260199779736052,7.020007645686489e-15,True
1.5,0.725,1.041369190084128,0.6325942205736166,0.04136919008412798,1.0328615314944944,0.7943479538194252,5.273559366969494e-16,9.992007221626409e-16,40,7.771561172376096e-16,0.8248094340849694,7.054741579924732e-15,True
1.5,0.73,1.0380270288405078,0.6328396865198523,0.03802702884050779,1.030155941418711,0.7930133470376926,9.679756995950584e-16,1.3322676295501878e-15,40,1.2212453270876722e-15,0.8235989621462818,7.089686290105297e-15,True
1.5,0.735,1.0346821903724728,0.6330854552755473,0.034682190372472776,1.027457193484753,0.7916799138080145,5.516420653606247e-16,9.992007221626409e-16,40,1.5543122344752192e-15,0.8223885648520761,7.12484327919104e-15,True
1.5,0.74,1.031334669868092,0.633331527205281,0.03133466986809208,1.0247652828464913,0.7903476548737732,8.049116928532385e-16,1.1102230246251565e-15,40,1.6653345369377348e-15,0.8211782449145659,7.160214062294593e-15,True
1.5,0.745,1.0279844625093228,0.6335779026720498,0.02798446250932285,1.022080204649946,0.7890165709843249,6.696032617270475e-16,1.4432899320127035e-15,40,1.2212453270876722e-15,0.8199680050637477,7.195800166786229e-15,True
1.5,0.75,1.0246315634720702,0.6338245820372398,0.024631563472070184,1.0194019540332033,0.7876866628950322,1.1934897514720433e-15,1.2212453270876722e-15,40,1.3322676295501878e-15,0.8187578480475034,7.23160313240249e-15,True
1.5,0.755,1.021275967926247,0.6340715656605999,0.021275967926247086,1.0167305261263215,0.7863579313672997,8.569533971325427e-16,1.2212453270876722e-15,40,1.4432899320127035e-15,0.8175477766317045,7.267624511356101e-15,True
1.5,0.76,1.01791767103584,0.6343188539002106,0.017917671035839966,1.0140659160512493,0.7850303771686069,8.222589276130066e-16,1.1102230246251565e-15,40,8.881784197001252e-16,0.8163377936003154,7.303865868446846e-15,True
1.5,0.765,1.0145566679589701,0.6345664471124574,0.014556667958970149,1.0114081189217305,0.7837040010725433,1.1483869410966463e-15,1.4432899320127035e-15,40,1.887379141862766e-15,0.8151279017554982,7.34032878117339e-15,True
1.5,0.77,1.0111929538479614,0.6348143456519982,0.011192953847961373,1.008757129843216,0.7823788038588418,8.430756093247282e-16,1.3322676295501878e-15,40,1.7763568394002505e-15,0.8139181039177169,7.377014839846393e-15,True
1.5,0.775,1.0078265238494033,0.6350625498717377,0.0078265238494033,1.0061129439127736,0.7810547863134147,1.0781306403195856e-15,1.5543122344752192e-15,40,1.1102230246251565e-15,0.8127084029258436,7.413925647702324e-15,True
1.5,0.78,1.0044573731042215,0.635311060122793,0.0044573731042214515,1.0034755562189939,0.7797319492283871,1.0902737046514233e-15,1.4432899320127035e-15,40,1.887379141862766e-15,0.8114988016372632,7.451062821018623e-15,True
1.5,0.785,1.0010854967477434,0.635559876754467,0.0010854967477433863,1.0008449618418989,0.7784102934021325,8.713732860265999e-16,1.4432899320127035e-15,40,1.3322676295501878e-15,0.8102893029279803,7.488427989230031e-15,True
1.5,0.79,0.9977108899097701,0.635809000114215,-0.0022891100902299177,0.99822115585285,0.7770898196393077,1.2700344248495199e-15,1.3322676295501878e-15,40,9.992007221626409e-16,0.8090799096927255,7.526022795045618e-15,True
1.5,0.795,0.9943335477146458,0.6360584305476153,-0.005666452285354229,0.9956041333144505,0.7757705287508883,1.452830911130576e-15,1.2212453270876722e-15,40,1.7763568394002505e-15,0.807870624845062,7.563848894567329e-15,True
1.5,0.8,0.9909534652813298,0.6363081683983377,-0.00904653471867023,0.9929938892804531,0.774452421554204,1.4068607390171906e-15,1.4432899320127035e-15,40,1.7763568394002505e-15,0.8066614513174939,7.601907957409424e-15,True
1.5,0.805,0.9875706377234715,0.6365582140081099,-0.012429362276528466,0.9903904187956643,0.7731354988729737,1.007874339542525e-15,1.3322676295501878e-15,40,1.7763568394002505e-15,0.8054523920615733,7.64020166681903e-15,True
1.5,0.81,0.9841850601494815,0.6368085677166895,-0.015814939850518517,0.9877937168958466,0.7718197615373421,1.2177758801357186e-15,1.5543122344752192e-15,40,1.9984014443252818e-15,0.8042434500480087,7.678731719798114e-15,True
1.5,0.8150000000000001,0.9807967276626103,0.6370592298618278,-0.01920327233738972,0.9852037786076213,0.7705052103839144,1.3877787807814457e-15,1.7763568394002505e-15,40,1.5543122344752192e-15,0.803034628266774,7.717499827226117e-15,True
1.5,0.8200000000000001,0.9774056353610244,0.6373102007792385,-0.022594364638975573,0.9826205989483711,0.769191846255794,1.304512053934559e-15,1.7763568394002505e-15,40,1.6653345369377348e-15,0.8018259297272177,7.756507713984146e-15,True
1.5,0.8250000000000001,0.9740117783378834,0.6375614808025655,-0.025988221662116562,0.9800441729261402,0.767879670002617,1.141448047192739e-15,1.4432899320127035e-15,40,1.4432899320127035e-15,0.8006173574581721,7.79575711908026e-15,True
1.5,0.8300000000000001,0.9706151516814198,0.6378130702633497,-0.029384848318580237,0.9774744955395354,0.7665686824805893,1.3704315460216776e-15,1.7763568394002505e-15,40,1.887379141862766e-15,0.7994089145080634,7.835249795775804e-15,True
1.5,0.835,0.9672157504750213,0.6380649694909925,-0.032784249524978715,0.9749115617776248,0.7652588845525242,1.6688039838896884e-15,1.6653345369377348e-15,40,8.881784197001252e-16,0.7982006039450227,7.874987511712985e-15,True
1.5,0.84,0.9638135697973103,0.6383171788127259,-0.036186430202689746,0.9723553666198355,0.7639502770878768,1.4051260155412137e-15,1.7763568394002505e-15,40,1.7763568394002505e-15,0.7969924288569956,7.914972049043816e-15,True
1.5,0.845,0.9604086047222293,0.6385696985535748,-0.03959139527777067,0.9698059050358543,0.7626428609627828,1.717376241217039e-15,1.887379141862766e-15,40,1.6653345369377348e-15,0.7957843923518546,7.955205204559976e-15,True
1.5,0.85,0.9570008503191244,0.6388225290363242,-0.04299914968087559,0.9672631719855203,0.7613366370600948,1.7277845820728999e-15,1.887379141862766e-15,40,1.887379141862766e-15,0.7945764975575098,7.995688789824163e-15,True
1.5,0.855,0.9535903016528319,0.6390756705814832,-0.04640969834716813,0.9647271624187241,0.7600316062694193,1.547373340571312e-15,2.1094237467877974e-15,40,2.220446049250313e-15,0.7933687476220223,8.036424631302619e-15,True
1.5,0.86,0.9501769537837654,0.6393291235072495,-0.04982304621623457,0.9621978712753025,0.7587277694871544,1.6028844918025698e-15,1.7763568394002505e-15,40,1.7763568394002505e-15,0.7921611457137147,8.077414570498737e-15,True
1.5,0.865,0.9467608017680039,0.6395828881294753,-0.05323919823199608,0.9596752934849306,0.7574251276165272,1.8596235662471372e-15,2.1094237467877974e-15,40,1.5543122344752192e-15,0.7909536950212855,8.118660464088148e-15,True
1.5,0.87,0.9433418406573838,0.6398369647616278,-0.0566581593426162,0.9571594239670174,0.7561236815676311,1.797173521111972e-15,2.1094237467877974e-15,40,2.55351295663786e-15,0.7897463987539222,8.160164184055023e-15,True
1.5,0.875,0.939920065499589,0.6400913537147555,-0.06007993450041105,0.9546502576305977,0.7548234322574642,1.6445178552260131e-15,1.887379141862766e-15,40,1.4432899320127035e-15,0.788539260141414,8.20192761782952e-15,True
1.5,0.88,0.936495471338243,0.6403460552974511,-0.06350452866175704,0.9521477893742234,0.7535243806099662,1.7139067942650854e-15,1.887379141862766e-15,40,1.4432899320127035e-15,0.7873322824342666,8.243952668426725e-15,True
1.5,0.885,0.9330680532130056,0.6406010698158129,-0.06693194678699443,0.9496520140858544,0.7522265275560581,2.1094237467877974e-15,1.9984014443252818e-15,40,2.1094237467877974e-15,0.7861254689038164,8.286241254586829e-15,True
1.5,0.89,0.9296378061596678,0.640856397573407,-0.07036219384033215,0.9471629266427478,0.7509298740336795,1.7832957333041577e-15,2.220446049250313e-15,40,2.7755575615628914e-15,0.7849188228423456,8.32879531091652e-15,True
1.5,0.895,0.9262047252102482,0.641112038871231,-0.07379527478975179,0.9446805219113483,0.7496344209878264,1.4502288259166107e-15,1.9984014443252818e-15,40,2.3314683517128287e-15,0.7837123475631967,8.371616788031935e-15,True
1.5,0.9,0.9227688053930981,0.6413679940076688,-0.07723119460690187,0.9422047947471759,0.7483401693705912,2.0747292772682613e-15,2.3314683517128287e-15,40,2.6645352591003757e-15,0.7825060464008897,8.414707652702608e-15,True
1.5,0.905,0.919330041732981,0.641624263278474,-0.08066995826701895,0.9397357399947106,0.7470471201411999,2.1094237467877974e-15,2.220446049250313e-15,40,1.9984014443252818e-15,0.7812999227112337,8.458069887997423e-15,True
1.5,0.91,0.9158884292512051,0.6418808469766977,-0.08411157074879494,0.9372733524872818,0.745755274266052,2.1649348980190553e-15,2.3314683517128287e-15,40,2.9976021664879227e-15,0.7800939798714491,8.501705493431022e-15,True
1.5,0.915,0.9124439629657058,0.6421377453926712,-0.08755603703429415,0.9348176270469521,0.7444646327187603,1.8735013540549517e-15,2.1094237467877974e-15,40,1.6653345369377348e-15,0.7788882212802806,8.545616485112318e-15,True
1.5,0.92,0.908996637891157,0.6423949588139597,-0.09100336210884297,0.9323685584844011,0.7431751964801875,1.8318679906315083e-15,2.3314683517128287e-15,40,2.6645352591003757e-15,0.7776826503581147,8.589804895894205e-15,True
1.5,0.925,0.9055464490390762,0.642652487525323,-0.09445355096092378,0.9299261415988102,0.7418869665384883,1.582067810090848e-15,2.1094237467877974e-15,40,2.3314683517128287e-15,0.7764772705470975,8.634272775524577e-15,True
1.5,0.93,0.9020933914179332,0.642910331808674,-0.09790660858206679,0.9274903711777427,0.7405999438891469,1.9845236565174673e-15,1.9984014443252818e-15,40,2.55351295663786e-15,0.775272085311252,8.679022190798859e-15,True
1.5,0.935,0.8986374600332601,0.6431684919430374,-0.10136253996673994,0.9250612419970294,0.7393141295350173,1.817990202823694e-15,1.9984014443252818e-15,40,2.220446049250313e-15,0.7740670981365969,8.724055225714051e-15,True
1.5,0.9400000000000001,0.8951786498877616,0.6434269682045088,-0.10482135011223837,0.9226387488206447,0.7380295244863637,1.4016565685892601e-15,1.7763568394002505e-15,40,1.887379141862766e-15,0.7728623125312637,8.76937398162398e-15,True
1.5,0.9450000000000001,0.8917169559814302,0.6436857608662114,-0.10828304401856981,0.9202228864005877,0.7367461297608988,1.9567680809018384e-15,1.887379141862766e-15,40,1.887379141862766e-15,0.7716577320256168,8.814980577396223e-15,True
1.5,0.9500000000000001,0.888252373311657,0.6439448701982557,-0.11174762668834304,0.917813649476763,0.7354639463838262,1.6237011735142914e-15,1.6653345369377348e-15,40,2.220446049250313e-15,0.7704533601723713,8.860877149570572e-15,True
1.5,0.9550000000000001,0.884784896873352,0.6442042964676942,-0.11521510312664796,0.9154110327768549,0.7341829753878776,1.582067810090848e-15,1.887379141862766e-15,40,2.1094237467877974e-15,0.7692492005467133,8.90706585251868e-15,True
1.5,0.96,0.8813145216590594,0.6444640399384798,-0.11868547834094056,0.9130150310162057,0.7329032178133558,1.582067810090848e-15,1.6653345369377348e-15,40,1.887379141862766e-15,0.7680452567464192,8.953548858605531e-15,True
1.5,0.965,0.8778412426590787,0.6447241008714211,-0.1221587573409213,0.9106256388976921,0.7316246747081737,1.6237011735142914e-15,1.6653345369377348e-15,40,1.7763568394002505e-15,0.7668415323919754,9.000328358352262e-15,True
1.5,0.97,0.8743650548615848,0.6449844795241394,-0.12563494513841522,0.9082428511115985,0.7303473471278953,1.2490009027033011e-15,1.5543122344752192e-15,40,9.992007221626409e-16,0.765638031126699,9.047406560600552e-15,True
1.5,0.975,0.8708859532527529,0.6452451761510227,-0.12911404674724714,0.9058666623354905,0.7290712361357766,1.5681900222830336e-15,1.2212453270876722e-15,40,6.661338147750939e-16,0.7644347566168584,9.09478569267856e-15,True
1.5,0.98,0.8674039328168819,0.6455061910031817,-0.13259606718311812,0.90349706723409,0.7277963428028057,1.5543122344752192e-15,1.4432899320127035e-15,40,1.887379141862766e-15,0.7632317125517936,9.14246800056849e-15,True
1.5,0.985,0.8639189885365209,0.6457675243284051,-0.13608101146347906,0.9011340604591435,0.7265226682077449,1.0130785099704553e-15,9.992007221626409e-16,40,1.2212453270876722e-15,0.762028902644038,9.190455749075567e-15,True
1.5,0.99,0.8604311153926005,0.6460291763711106,-0.13956888460739947,0.8987776366492946,0.7252502134371713,1.0408340855860843e-15,1.2212453270876722e-15,40,1.5543122344752192e-15,0.7608263306294394,9.238751221998733e-15,True
1.5,0.995,0.8569403083645584,0.6462911473723032,-0.14305969163544163,0.8964277904299531,0.7239789795855172,1.096345236817342e-15,9.992007221626409e-16,40,1.887379141862766e-15,0.7596240002672819,9.287356722303073e-15,True
1.5,1.0,0.853446562430476,0.646553437569524,-0.146553437569524,0.8940845164131651,0.7227089677551132,7.91033905045424e-16,7.771561172376096e-16,40,8.881784197001252e-16,0.758421915340408,9.336274572293452e-15,True
2.0,0.0,2.0,0.6666666666666666,1.0,2.0,1.0,0.0,0.0,0,0.0,1.0,2.1549902060910875e-13,True
2.0,0.005,1.9966657403806185,0.6668519238762993,0.9966657403806185,1.99500555362641,0.9983342592336177,0.0,1.7985612998927536e-14,40,1.6542323066914832e-14,0.9988889662948232,2.1639237468415906e-13,True
2.0,0.01,1.9933296267483365,0.6670373251663531,0.9933296267483365,1.9900222067879871,0.9966703701658672,1.1102230246251565e-16,8.104628079763643e-15,40,7.771561172376096e-15,0.9977780883852122,2.1729013752240933e-13,True
2.0,0.015,1.9899916569412452,0.6672228705836503,0.9899916569412452,1.9850499479058261,0.9950083326452605,9.992007221626409e-16,6.139533326177116e-14,40,6.161737786669619e-14,0.9966673677510748,2.1819233411498623e-13,True
2.0,0.02,1.9866518287965136,0.6674085601743207,0.9866518287965136,1.9800887653977561,0.9933481465222005,1.1102230246251565e-16,6.106226635438361e-15,40,5.662137425588298e-15,0.9955568058781499,2.1909898961089979e-13,True
2.0,0.025,1.9833101401504152,0.6675943939833928,0.9833101401504152,1.975138647678304,0.9916898116489862,5.551115123125783e-16,1.0880185641326534e-14,40,1.1435297153639112e-14,0.9944464042580256,2.200101293181218e-13,True
2.0,0.03,1.9799665888383433,0.667780372055223,0.9799665888383433,1.9701995831586532,0.9900333278798127,0.0,5.218048215738236e-15,40,4.9960036108132044e-15,0.9933361643881573,2.2092577870467883e-13,True
2.0,0.035,1.9766211726948315,0.6679664944333854,0.9766211726948315,1.9652715602466082,0.9883786950707759,2.220446049250313e-16,2.220446049250313e-16,40,0.0,0.9922260877718865,2.2184596339974857e-13,True
2.0,0.04,1.9732738895535786,0.6681527611605342,0.9732738895535786,1.960354567346555,0.9867259130798741,4.440892098500626e-16,1.9984014443252818e-15,40,1.5543122344752192e-15,0.9911161759184585,2.227707091947631e-13,True
2.0,0.045,1.9699247372474669,0.6683391722785142,0.9699247372474669,1.9554485928594219,0.9850749817670112,2.220446049250313e-16,2.7755575615628914e-15,40,3.3306690738754696e-15,0.9900064303430407,2.237000420445243e-13,True
2.0,0.05,1.9665737136085844,0.668525727828313,0.9665737136085844,1.9505536251826385,0.9834259009940003,3.3306690738754696e-16,1.3322676295501878e-15,40,7.771561172376096e-16,0.9888968525667416,2.2463398806832476e-13,True
2.0,0.055,1.9632208164682468,0.668712427850059,0.9632208164682468,1.9456696527101034,0.9817786706245646,3.3306690738754696e-16,3.3306690738754696e-15,40,2.4424906541753444e-15,0.9877874441166282,2.2557257355107485e-13,True
2.0,0.06,1.9598660436570197,0.6688992723830056,0.9598660436570197,1.9407966638321357,0.9801332905243411,2.220446049250313e-16,1.6653345369377348e-15,40,2.1094237467877974e-15,0.9866782065257449,2.2651582494444278e-13,True
2.0,0.065,1.956509393004739,0.6690862614655534,0.956509393004739,1.935934646935443,0.978489760560883,4.440892098500626e-16,3.552713678800501e-15,40,3.3306690738754696e-15,0.9855691413331316,2.274637688679982e-13,True
2.0,0.07,1.9531508623405358,0.6692733951352027,0.9531508623405358,1.9310835904030783,0.9768480806036632,5.551115123125783e-16,2.886579864025407e-15,40,3.1086244689504383e-15,0.9844602500838419,2.2841643211036857e-13,True
2.0,0.075,1.949790449492855,0.669460673428599,0.9497904494928551,1.9262434826144017,0.9752082505240748,1.1102230246251565e-16,1.5543122344752192e-15,40,1.3322676295501878e-15,0.9833515343289617,2.293738416303994e-13,True
2.0,0.08,1.9464281522894833,0.6696480963814588,0.9464281522894833,1.9214143119450393,0.9735702701954361,2.220446049250313e-16,3.3306690738754696e-16,40,5.551115123125783e-16,0.9822429956256274,2.3033602455832507e-13,True
2.0,0.085,1.943063968557567,0.6698356640286233,0.943063968557567,1.9165960667668445,0.9719341394929915,0.0,1.2212453270876722e-15,40,1.4432899320127035e-15,0.9811346355370442,2.313030081969495e-13,True
2.0,0.09,1.939697896123638,0.6700233764040227,0.939697896123638,1.9117887354478555,0.9702998582939146,1.1102230246251565e-16,2.3314683517128287e-15,40,2.220446049250313e-15,0.9800264556325041,2.322748200228317e-13,True
2.0,0.095,1.9363299328136372,0.6702112335406611,0.9363299328136372,1.9069923063522596,0.9686674264773109,2.220446049250313e-16,9.992007221626409e-16,40,1.1102230246251565e-15,0.9789184574874049,2.3325148768748433e-13,True
2.0,0.1,1.9329600764529364,0.6703992354706356,0.9329600764529364,1.9022067678403458,0.9670368439242197,5.551115123125783e-16,0.0,40,2.220446049250313e-16,0.977810642683268,2.342330390185767e-13,True
2.0,0.105,1.9295883248663634,0.67058738222511,0.9295883248663634,1.8974321082684726,0.9654081105176173,3.3306690738754696e-16,5.551115123125783e-16,40,8.881784197001252e-16,0.9767030128077566,2.3521950202114994e-13,True
2.0,0.11,1.9262146758782255,0.6707756738343138,0.9262146758782255,1.892668315989019,0.9637812261424185,1.1102230246251565e-16,4.440892098500626e-16,40,0.0,0.9755955694546948,2.362109048788384e-13,True
2.0,0.115,1.9228391273123342,0.6709641103275287,0.9228391273123342,1.887915379350348,0.9621561906854801,2.220446049250313e-16,5.551115123125783e-16,40,6.661338147750939e-16,0.9744883142240849,2.3720727595510123e-13,True
2.0,0.12,1.919461676992029,0.671152691733092,0.919461676992029,1.883173286696766,0.9605330040356024,2.220446049250313e-16,1.5543122344752192e-15,40,1.5543122344752192e-15,0.9733812487221263,2.3820864379446346e-13,True
2.0,0.125,1.916082322740202,0.6713414180783843,0.916082322740202,1.878442026368479,0.958911666083532,0.0,1.1102230246251565e-16,40,9.992007221626409e-16,0.9722743745612337,2.3921503712376326e-13,True
2.0,0.13,1.912701062379324,0.6715302893898161,0.9127010623793239,1.8737215867015522,0.9572921767219642,0.0,9.992007221626409e-16,40,8.881784197001252e-16,0.9711676933600555,2.402264848534128e-13,True
2.0,0.135,1.9093178937314683,0.6717193056928272,0.9093178937314683,1.8690119560278695,0.9556745358455444,4.440892098500626e-16,1.3322676295501878e-15,40,1.2212453270876722e-15,0.9700612067434917,2.412430160786621e-13,True
2.0,0.14,1.9059328146183372,0.6719084670118771,0.9059328146183372,1.8643131226750893,0.9540587433508722,1.1102230246251565e-16,8.881784197001252e-16,40,9.992007221626409e-16,0.9689549163427127,2.4226466008087944e-13,True
2.0,0.145,1.9025458228612855,0.672097773370445,0.9025458228612855,1.8596250749666052,0.9524447991365015,2.220446049250313e-16,5.551115123125783e-16,40,7.771561172376096e-16,0.9678488237951768,2.432914463288351e-13,True
2.0,0.15,1.899156916281349,0.6722872247910061,0.8991569162813491,1.8549478012215028,0.9508327031029443,1.1102230246251565e-16,9.992007221626409e-16,40,9.992007221626409e-16,0.9667429307446496,2.4432340447999536e-13,True
2.0,0.155,1.8957660926992688,0.6724768212950402,0.8957660926992688,1.850281289754516,0.9492224551526722,1.1102230246251565e-16,7.771561172376096e-16,40,8.881784197001252e-16,0.9656372388412211,2.453605643818296e-13,True
2.0,0.16,1.8923733499355189,0.6726665629030071,0.8923733499355189,1.845625528875988,0.947614055190119,2.220446049250313e-16,1.5543122344752192e-15,40,1.6653345369377348e-15,0.9645317497413245,2.4640295607312156e-13,True
2.0,0.165,1.8889786858103301,0.6728564496343629,0.8889786858103301,1.8409805068918244,0.9460075031216818,1.1102230246251565e-16,7.771561172376096e-16,40,3.3306690738754696e-16,0.9634264651077545,2.474506097852951e-13,True
2.0,0.17,1.8855820981437201,0.6730464815075285,0.8855820981437201,1.836346212103455,0.9444027988557251,3.3306690738754696e-16,7.771561172376096e-16,40,8.881784197001252e-16,0.9623213866096852,2.4850355594374525e-13,True
2.0,0.17500000000000002,1.882183584755519,0.673236658539891,0.8821835847555191,1.8317226328077867,0.9427999423025802,1.1102230246251565e-16,6.661338147750939e-16,40,9.992007221626409e-16,0.9612165159226886,2.4956182516918266e-13,True
2.0,0.18,1.8787831434653957,0.6734269807478019,0.8787831434653957,1.827109757297164,0.9411989333745493,0.0,1.3322676295501878e-15,40,1.887379141862766e-15,0.9601118547287525,2.5062544827898436e-13,True
2.0,0.185,1.8753807720928866,0.6736174481465591,0.8753807720928866,1.8225075738593237,0.939599771985907,2.220446049250313e-16,8.881784197001252e-16,40,4.440892098500626e-16,0.9590074047162986,2.516944562885569e-13,True
2.0,0.19,1.8719764684574227,0.6738080607504068,0.8719764684574227,1.8179160707773516,0.9380024580529023,1.1102230246251565e-16,5.551115123125783e-16,40,0.0,0.9579031675802012,2.527688804127084e-13,True
2.0,0.195,1.868570230378358,0.673998818572523,0.868570230378358,1.81333523632964,0.9364069914937596,1.1102230246251565e-16,2.220446049250313e-16,40,2.220446049250313e-16,0.9567991450218046,2.5384875206702934e-13,True
2.0,0.2,1.865162055674997,0.6741897216250148,0.865162055674997,1.8087650587898434,0.9348133722286823,4.440892098500626e-16,1.3322676295501878e-15,40,1.5543122344752192e-15,0.9556953387489417,2.549341028692876e-13,True
2.0,0.20500000000000002,1.861751942166625,0.674380769918902,0.8617519421666251,1.8042055264268342,0.9332216001798532,0.0,6.661338147750939e-16,40,0.0,0.954591750475952,2.5602496464082606e-13,True
2.0,0.21,1.8583398876725334,0.6745719634641265,0.8583398876725334,1.7996566275046597,0.9316316752714374,0.0,1.1102230246251565e-16,40,5.551115123125783e-16,0.9534883819236992,2.571213694079797e-13,True
2.0,0.215,1.8549258900120524,0.6747633022695235,0.8549258900120524,1.7951183502824972,0.9300435974295829,1.1102230246251565e-16,1.1102230246251565e-16,40,7.771561172376096e-16,0.95238523481959,2.5822334940349474e-13,True
2.0,0.22,1.851509947004578,0.6749547863428276,0.8515099470045779,1.7905906830146099,0.9284573665824235,4.440892098500626e-16,6.661338147750939e-16,40,8.881784197001252e-16,0.9512823108975917,2.593309370679616e-13,True
2.0,0.225,1.848092056469602,0.675146415690658,0.848092056469602,1.7860736139503015,0.9268729826600808,1.1102230246251565e-16,4.440892098500626e-16,40,5.551115123125783e-16,0.9501796118982498,2.6044416505126086e-13,True
2.0,0.23,1.8446722162267417,0.6753381903185143,0.8446722162267417,1.7815671313338741,0.9252904455946639,0.0,4.440892098500626e-16,40,2.220446049250313e-16,0.949077139568707,2.6156306621401343e-13,True
2.0,0.23500000000000001,1.8412504240957703,0.6755301102307645,0.8412504240957703,1.77707122340458,0.9237097553202731,0.0,3.3306690738754696e-16,40,5.551115123125783e-16,0.9479748956627199,2.62687673629047e-13,True
2.0,0.24,1.8378266778966463,0.6757221754306403,0.8378266778966463,1.7725858783965798,0.9221309117730017,3.3306690738754696e-16,7.771561172376096e-16,40,2.220446049250313e-16,0.9468728819406776,2.638180205828703e-13,True
2.0,0.245,1.8344009754495452,0.6759143859202238,0.8344009754495452,1.7681110845388939,0.9205539148909353,1.1102230246251565e-16,4.440892098500626e-16,40,4.440892098500626e-16,0.9457711001696201,2.6495414057715864e-13,True
2.0,0.25,1.830973314574889,0.676106741700444,0.830973314574889,1.7636468300553614,0.9189787646141558,4.440892098500626e-16,6.661338147750939e-16,40,2.220446049250313e-16,0.9446695521232544,2.6609606733024924e-13,True
2.0,0.255,1.8275436930933775,0.6762992427710687,0.8275436930933775,1.7591931031645907,0.9174054608847408,1.1102230246251565e-16,0.0,40,3.3306690738754696e-16,0.9435682395819746,2.67243834778651e-13,True
2.0,0.26,1.824112108826021,0.6764918891306883,0.824112108826021,1.7547498920799158,0.9158340036467681,1.1102230246251565e-16,4.440892098500626e-16,40,7.771561172376096e-16,0.9424671643328774,2.683974770785579e-13,True
2.0,0.265,1.82067855959417,0.6766846807767173,0.8206785595941699,1.75031718500935,0.9142643928463128,3.3306690738754696e-16,0.0,40,2.220446049250313e-16,0.9413663281697817,2.6955702860738344e-13,True
2.0,0.27,1.8172430432195479,0.6768776177053781,0.8172430432195479,1.7458949701555413,0.912696628431453,3.3306690738754696e-16,0.0,40,4.440892098500626e-16,0.9402657328932453,2.7072252396529654e-13,True
2.0,0.275,1.8138055575242835,0.6770706999116962,0.8138055575242835,1.7414832357157242,0.9111307103522687,3.3306690738754696e-16,4.440892098500626e-16,40,0.0,0.9391653803105827,2.718939979767757e-13,True
2.0,0.28,1.8103661003309424,0.6772639273894915,0.8103661003309424,1.737081969881674,0.9095666385608427,1.1102230246251565e-16,5.551115123125783e-16,40,4.440892098500626e-16,0.9380652722358828,2.7307148569216877e-13,True
2.0,0.28500000000000003,1.8069246694625603,0.6774573001313675,0.8069246694625603,1.732691160839661,0.9080044130112649,1.1102230246251565e-16,5.551115123125783e-16,40,4.440892098500626e-16,0.9369654104900267,2.7425502238926914e-13,True
2.0,0.29,1.8034812627426757,0.6776508181287044,0.8034812627426757,1.728310796770404,0.9064440336596299,0.0,2.220446049250313e-16,40,1.1102230246251565e-16,0.9358657969007048,2.7544464357490124e-13,True
2.0,0.295,1.8000358779953638,0.6778444813716482,0.8000358779953638,1.7239408658490225,0.9048855004640398,2.220446049250313e-16,1.1102230246251565e-16,40,8.881784197001252e-16,0.9347664333024348,2.766403849865143e-13,True
2.0,0.3,1.7965885130452686,0.6780382898491049,0.7965885130452686,1.7195813562449904,0.903328813384606,2.220446049250313e-16,2.220446049250313e-16,40,4.440892098500626e-16,0.9336673215365788,2.778422825937937e-13,True
2.0,0.305,1.793139165717638,0.6782322435487276,0.7931391657176381,1.7152322561220896,0.9017739723834493,2.220446049250313e-16,1.1102230246251565e-16,40,2.220446049250313e-16,0.9325684634513608,2.790503726002795e-13,True
2.0,0.31,1.7896878338383573,0.678426342456912,0.7896878338383573,1.7108935536383603,0.9002209774247008,4.440892098500626e-16,3.3306690738754696e-16,40,6.661338147750939e-16,0.9314698609018841,2.8026469144499937e-13,True
2.0,0.315,1.7862345152339825,0.6786205865587858,0.7862345152339825,1.7065652369460582,0.8986698284745043,2.220446049250313e-16,8.881784197001252e-16,40,1.2212453270876722e-15,0.9303715157501485,2.8148527580411113e-13,True
2.0,0.32,1.7827792077317783,0.6788149758381927,0.7827792077317783,1.7022472941916011,0.8971205255010153,2.220446049250313e-16,7.771561172376096e-16,40,5.551115123125783e-16,0.929273429865068,2.827121625925567e-13,True
2.0,0.325,1.7793219091597476,0.6790095102776995,0.7793219091597476,1.6979397135155254,0.8955730684744037,2.220446049250313e-16,2.220446049250313e-16,40,3.3306690738754696e-16,0.9281756051224873,2.839453889657333e-13,True
2.0,0.33,1.775862617346672,0.6792041898585695,0.7758626173466721,1.6936424830524368,0.8940274573668534,3.3306690738754696e-16,0.0,40,6.661338147750939e-16,0.9270780434051995,2.8518499232117116e-13,True
2.0,0.335,1.7724013301221442,0.6793990145607636,0.7724013301221442,1.6893555909309628,0.8924836921525638,2.220446049250313e-16,6.661338147750939e-16,40,6.661338147750939e-16,0.9259807466029633,2.864310103002232e-13,True
2.0,0.34,1.7689380453166048,0.679593984362927,0.7689380453166048,1.6850790252737022,0.8909417728077507,2.220446049250313e-16,9.992007221626409e-16,40,1.3322676295501878e-15,0.9248837166125194,2.8768348078977197e-13,True
2.0,0.34500000000000003,1.7654727607613785,0.6797890992423812,0.7654727607613785,1.6808127741971814,0.8894016993106457,0.0,1.1102230246251565e-16,40,0.0,0.9237869553376081,2.889424419239448e-13,True
2.0,0.35000000000000003,1.7620054742887088,0.6799843591751177,0.7620054742887088,1.6765568258117995,0.8878634716414989,4.440892098500626e-16,1.1102230246251565e-16,40,1.1102230246251565e-16,0.9226904646889864,2.902079320858431e-13,True
2.0,0.355,1.7585361837317972,0.6801797641357825,0.7585361837317972,1.6723111682217866,0.8863270897825778,0.0,0.0,40,3.3306690738754696e-16,0.9215942465844439,2.914799899092823e-13,True
2.0,0.36,1.7550648869248384,0.680375314097671,0.7550648869248384,1.6680757895251483,0.8847925537181688,2.220446049250313e-16,3.3306690738754696e-16,40,6.661338147750939e-16,0.9204983029488205,2.9275865428054767e-13,True
2.0,0.365,1.7515915817030587,0.6805710090327158,0.7515915817030587,1.6638506778136213,0.8832598634345771,1.1102230246251565e-16,1.1102230246251565e-16,40,3.3306690738754696e-16,0.9194026357140233,2.94043964340158e-13,True
2.0,0.37,1.7481162659027523,0.6807668489114804,0.7481162659027523,1.6596358211726234,0.8817290189201281,0.0,0.0,40,5.551115123125783e-16,0.9183072468190423,2.953359594846491e-13,True
2.0,0.375,1.7446389373613198,0.6809628337031471,0.7446389373613198,1.6554312076812017,0.8802000201651669,4.440892098500626e-16,2.220446049250313e-16,40,0.0,0.917212138209968,2.9663467936836206e-13,True
2.0,0.38,1.7411595939173063,0.6811589633755096,0.7411595939173063,1.651236825411987,0.8786728671620585,3.3306690738754696e-16,4.440892098500626e-16,40,4.440892098500626e-16,0.9161173118400074,2.9794016390525146e-13,True
2.0,0.385,1.737678233410441,0.6813552378949583,0.737678233410441,1.647052662431139,0.8771475599051888,3.3306690738754696e-16,1.1102230246251565e-16,40,1.1102230246251565e-16,0.9150227696695009,2.9925245327070134e-13,True
2.0,0.39,1.7341948536816734,0.6815516572264785,0.7341948536816734,1.6428787067983022,0.8756240983909654,1.1102230246251565e-16,3.3306690738754696e-16,40,3.3306690738754696e-16,0.9139285136659382,3.0057158790335976e-13,True
2.0,0.395,1.730709452573215,0.681748221333633,0.730709452573215,1.6387149465665523,0.8741024826178153,3.3306690738754696e-16,0.0,40,3.3306690738754696e-16,0.912834545803975,3.01897608506979e-13,True
2.0,0.4,1.7272220279285768,0.681944930178558,0.7272220279285768,1.6345613697823465,0.8725827125861884,1.1102230246251565e-16,0.0,40,4.440892098500626e-16,0.9117408680654494,3.0323055605227953e-13,True
2.0,0.405,1.7237325775926104,0.6821417837219494,0.7237325775926104,1.6304179644854744,0.8710647882985545,0.0,3.3306690738754696e-16,40,5.551115123125783e-16,0.9106474824393975,3.0457047177881537e-13,True
2.0,0.41000000000000003,1.7202410994115471,0.6823387819230557,0.7202410994115471,1.6262847187090061,0.8695487097594053,2.220446049250313e-16,2.220446049250313e-16,40,6.661338147750939e-16,0.9095543909220702,3.059173971968642e-13,True
2.0,0.41500000000000004,1.7167475912330388,0.6825359247396655,0.7167475912330388,1.6221616204792435,0.8680344769752536,2.220446049250313e-16,2.220446049250313e-16,40,1.1102230246251565e-16,0.9084615955169489,3.072713740893231e-13,True
2.0,0.42,1.7132520509061984,0.6827332121280991,0.7132520509061984,1.6180486578156674,0.8665220899546329,2.220446049250313e-16,4.440892098500626e-16,40,2.220446049250313e-16,0.9073690982347614,3.08632444513623e-13,True
2.0,0.425,1.7097544762816406,0.6829306440431987,0.7097544762816406,1.6139458187308868,0.8650115487080985,4.440892098500626e-16,3.3306690738754696e-16,40,1.1102230246251565e-15,0.906276901093498,3.100006508036533e-13,True
2.0,0.43,1.7062548652115233,0.683128220438318,0.7062548652115233,1.6098530912305915,0.8635028532482253,4.440892098500626e-16,3.3306690738754696e-16,40,2.220446049250313e-16,0.905185006118427,3.1137603557170317e-13,True
2.0,0.435,1.7027532155495904,0.6833259412653095,0.7027532155495904,1.6057704633134946,0.8619960035896094,3.3306690738754696e-16,3.3306690738754696e-16,40,3.3306690738754696e-16,0.9040934153421104,3.127586417104153e-13,True
2.0,0.44,1.6992495251512116,0.683523806474519,0.6992495251512116,1.6016979229712862,0.8604909997488663,1.1102230246251565e-16,2.220446049250313e-16,40,4.440892098500626e-16,0.90300213080442,3.1414851239475427e-13,True
2.0,0.445,1.695743791873426,0.6837218160147731,0.6957437918734259,1.5976354581885805,0.8589878417446314,3.3306690738754696e-16,4.440892098500626e-16,40,9.992007221626409e-16,0.9019111545525524,3.1554569108399153e-13,True
2.0,0.45,1.6922360135749852,0.6839199698333662,0.6922360135749852,1.5935830569428628,0.8574865295975593,2.220446049250313e-16,0.0,40,1.1102230246251565e-16,0.9008204886410448,3.169502215236975e-13,True
2.0,0.455,1.6887261881163944,0.6841182678760562,0.6887261881163944,1.5895407072044394,0.8559870633303228,5.551115123125783e-16,2.220446049250313e-16,40,9.992007221626409e-16,0.8997301351317897,3.183621477477584e-13,True
2.0,0.46,1.685214313359957,0.6843167100870498,0.6852143133599571,1.5855083969363846,0.8544894429676123,1.1102230246251565e-16,4.440892098500626e-16,40,9.992007221626409e-16,0.8986400960940508,3.19781514080399e-13,True
2.0,0.465,1.68170038716982,0.6845152964089893,0.68170038716982,1.5814861140944894,0.8529936685361365,1.1102230246251565e-16,4.440892098500626e-16,40,2.220446049250313e-16,0.8975503736044781,3.212083651382225e-13,True
2.0,0.47000000000000003,1.6781844074120122,0.6847140267829527,0.6781844074120122,1.5774738466272062,0.8514997400646194,1.1102230246251565e-16,2.220446049250313e-16,40,0.0,0.8964609697471224,3.2264274583226876e-13,True
2.0,0.47500000000000003,1.6746663719544959,0.6849129011484297,0.6746663719544959,1.5734715824756025,0.8500076575838013,1.1102230246251565e-16,1.1102230246251565e-16,40,5.551115123125783e-16,0.8953718866134509,3.2408470137008403e-13,True
2.0,0.48,1.6711462786672053,0.6851119194433223,0.6711462786672053,1.5694793095733017,0.8485174211264366,1.1102230246251565e-16,1.1102230246251565e-16,40,0.0,0.8942831263023616,3.25534277257803e-13,True
2.0,0.485,1.6676241254220956,0.6853110816039266,0.6676241254220956,1.5654970158464354,0.8470290307272947,1.1102230246251565e-16,1.1102230246251565e-16,40,3.3306690738754696e-16,0.893194690920198,3.269915193022529e-13,True
2.0,0.49,1.6640999100931853,0.6855103875649281,0.6640999100931853,1.5615246892135863,0.8455424864231559,2.220446049250313e-16,1.1102230246251565e-16,40,1.1102230246251565e-16,0.892106582580764,3.284564736130664e-13,True
2.0,0.495,1.6605736305566041,0.6857098372593856,0.6605736305566041,1.5575623175857387,0.8440577882528132,5.551115123125783e-16,3.3306690738754696e-16,40,9.992007221626409e-16,0.8910188034053386,3.299291866048134e-13,True
2.0,0.5,1.6570452846906383,0.6859094306187234,0.6570452846906383,1.5536098888662233,0.8425749362570705,0.0,1.1102230246251565e-16,40,3.3306690738754696e-16,0.8899313555226892,3.3140970499914583e-13,True
2.0,0.505,1.6535148703757752,0.6861091675727224,0.6535148703757752,1.549667390950665,0.8410939304787393,5.551115123125783e-16,4.440892098500626e-16,40,8.881784197001252e-16,0.8888442410690873,3.3289807582696274e-13,True
2.0,0.51,1.6499823854947535,0.6863090480495029,0.6499823854947535,1.5457348117269278,0.8396147709626405,3.3306690738754696e-16,1.1102230246251565e-16,40,5.551115123125783e-16,0.8877574621883219,3.3439434643058054e-13,True
2.0,0.515,1.6464478279326062,0.6865090719755218,0.6464478279326062,1.5418121390750636,0.8381374577555996,2.220446049250313e-16,1.1102230246251565e-16,40,1.1102230246251565e-16,0.8866710210317134,3.358985644659345e-13,True
2.0,0.52,1.6429111955767113,0.6867092392755552,0.6429111955767113,1.5378993608672569,0.8366619909064487,4.440892098500626e-16,3.3306690738754696e-16,40,5.551115123125783e-16,0.885584919758128,3.374107779047796e-13,True
2.0,0.525,1.6393724863168382,0.6869095498726892,0.6393724863168382,1.5339964649677693,0.8351883704660223,1.1102230246251565e-16,1.1102230246251565e-16,40,0.0,0.8844991605339916,3.3893103503692073e-13,True
2.0,0.53,1.6358316980451952,0.6871100036883109,0.6358316980451952,1.5301034392328898,0.8337165964871572,2.220446049250313e-16,4.440892098500626e-16,40,8.881784197001252e-16,0.8834137455333027,3.404593844724488e-13,True
2.0,0.535,1.632288828656478,0.687310600642097,0.6322888286564781,1.5262202715108764,0.8322466690246895,1.1102230246251565e-16,1.1102230246251565e-16,40,3.3306690738754696e-16,0.8823286769376464,3.419958751440021e-13,True
2.0,0.54,1.6287438760479207,0.6875113406519987,0.6287438760479207,1.5223469496419038,0.8307785881354532,2.220446049250313e-16,0.0,40,5.551115123125783e-16,0.8812439569362083,3.435405563090353e-13,True
2.0,0.545,1.625196838119342,0.6877122236342348,0.625196838119342,1.5184834614580096,0.8293123538782795,4.440892098500626e-16,1.1102230246251565e-16,40,0.0,0.8801595877257871,3.450934775521111e-13,True
2.0,0.55,1.6216477127731965,0.687913249503279,0.6216477127731965,1.5146297947830365,0.8278479663139933,3.3306690738754696e-16,3.3306690738754696e-16,40,1.1102230246251565e-16,0.8790755715108078,3.466546887872059e-13,True
2.0,0.555,1.6180964979146242,0.6881144181718483,0.6180964979146242,1.5107859374325818,0.826385425505412,1.1102230246251565e-16,4.440892098500626e-16,40,6.661338147750939e-16,0.8779919105033355,3.4822424026003057e-13,True
2.0,0.56,1.6145431914515,0.6883157295508927,0.6145431914515,1.50695187721394,0.8249247315173425,6.661338147750939e-16,6.661338147750939e-16,40,0.0,0.876908606923087,3.498021825503732e-13,True
2.0,0.5650000000000001,1.6109877912944863,0.6885171835495817,0.6109877912944863,1.5031276019260476,0.8234658844165801,5.551115123125783e-16,2.220446049250313e-16,40,2.220446049250313e-16,0.8758256629974449,3.5138856657445043e-13,True
2.0,0.5700000000000001,1.6074302953570807,0.688718780075297,0.6074302953570807,1.4993130993594277,0.8220088842719055,2.7755575615628914e-16,4.440892098500626e-16,40,1.1102230246251565e-16,0.8747430809614689,3.5298344358728563e-13,True
2.0,0.5750000000000001,1.6038707015556712,0.6889205190336152,0.6038707015556712,1.4955083572961392,0.8205537311540824,1.6653345369377348e-16,0.0,40,1.1102230246251565e-16,0.8736608630579096,3.5458686518509346e-13,True
2.0,0.58,1.6003090078095845,0.6891224003283026,0.6003090078095845,1.4917133635097146,0.8191004251358555,3.885780586188048e-16,3.3306690738754696e-16,40,4.440892098500626e-16,0.8725790115372194,3.561988833076922e-13,True
2.0,0.585,1.596745212041141,0.6893244238612976,0.596745212041141,1.487928105765108,0.817648966291947,2.7755575615628914e-16,2.220446049250313e-16,40,4.440892098500626e-16,0.8714975286575661,3.578195502409263e-13,True
2.0,0.59,1.5931793121757045,0.6895265895327043,0.5931793121757045,1.48415257181864,0.8161993546990554,3.885780586188048e-16,3.3306690738754696e-16,40,3.3306690738754696e-16,0.8704164166848434,3.59448918619106e-13,True
2.0,0.595,1.5896113061417378,0.6897288972407768,0.5896113061417378,1.4803867494179401,0.8147515904358508,1.1102230246251565e-16,1.1102230246251565e-16,40,3.3306690738754696e-16,0.8693356778926838,3.6108704142747166e-13,True
2.0,0.6,1.5860411918708535,0.6899313468819109,0.5860411918708535,1.4766306263018927,0.8133056735829737,4.996003610813204e-16,2.220446049250313e-16,40,3.3306690738754696e-16,0.8682553145624703,3.627339720046666e-13,True
2.0,0.605,1.5824689672978687,0.6901339383506303,0.5824689672978687,1.4728841902005805,0.8118616042230316,3.3306690738754696e-16,1.1102230246251565e-16,40,3.3306690738754696e-16,0.8671753289833471,3.6438976404523527e-13,True
2.0,0.61,1.5788946303608598,0.6903366715395742,0.5788946303608598,1.4691474288352249,0.8104193824405955,1.1102230246251565e-16,1.1102230246251565e-16,40,3.3306690738754696e-16,0.8660957234522317,3.6605447160213324e-13,True
2.0,0.615,1.5753181790012152,0.6905395463394876,0.5753181790012152,1.465420329918135,0.8089790083221972,3.885780586188048e-16,2.220446049250313e-16,40,8.881784197001252e-16,0.8650165002738261,3.677281490892618e-13,True
2.0,0.62,1.5717396111636912,0.6907425626392077,0.5717396111636912,1.4617028811526493,0.8075404819563253,1.1102230246251565e-16,4.440892098500626e-16,40,1.1102230246251565e-16,0.8639376617606271,3.694108512840142e-13,True
2.0,0.625,1.568158924796467,0.6909457203256529,0.5681589247964669,1.457995070233077,0.8061038034334238,4.996003610813204e-16,3.3306690738754696e-16,40,1.1102230246251565e-16,0.8628592102329379,3.7110263332984287e-13,True
2.0,0.63,1.5645761178511992,0.6911490192838108,0.5645761178511992,1.4542968848446431,0.8046689728458867,3.885780586188048e-16,3.3306690738754696e-16,40,5.551115123125783e-16,0.8617811480188786,3.7280355073884835e-13,True
2.0,0.635,1.5609911882830794,0.6913524593967254,0.5609911882830794,1.4506083126634324,0.8032359902880551,3.3306690738754696e-16,3.3306690738754696e-16,40,8.881784197001252e-16,0.8607034774543965,3.745136593943802e-13,True
2.0,0.64,1.5574041340508893,0.6915560405454855,0.5574041340508893,1.446929341356331,0.8018048558562137,5.551115123125783e-17,2.220446049250313e-16,40,7.771561172376096e-16,0.8596262008832766,3.7623301555366156e-13,True
2.0,0.645,1.5538149531170573,0.6917597626092135,0.5538149531170573,1.4432599585809702,0.800375569648587,5.551115123125783e-17,1.1102230246251565e-16,40,2.220446049250313e-16,0.8585493206571517,3.779616758504312e-13,True
2.0,0.65,1.5502236434477163,0.6919636254650517,0.5502236434477163,1.4396001519856696,0.798948131765336,2.7755575615628914e-16,2.220446049250313e-16,40,1.1102230246251565e-16,0.8574728391355123,3.796996972976055e-13,True
2.0,0.655,1.546630203012761,0.6921676289881511,0.546630203012761,1.4359499092093775,0.7975225423085526,1.1102230246251565e-16,4.440892098500626e-16,40,6.661338147750939e-16,0.8563967586857166,3.814471372899527e-13,True
2.0,0.66,1.5430346297859057,0.6923717730516581,0.5430346297859057,1.432309217881618,0.7960988013822575,4.440892098500626e-16,6.661338147750939e-16,40,6.661338147750939e-16,0.8553210816829999,3.8320405360679927e-13,True
2.0,0.665,1.5394369217447426,0.6925760575267029,0.5394369217447426,1.4286780656224287,0.7946769090923957,1.1102230246251565e-16,2.220446049250313e-16,40,2.220446049250313e-16,0.8542458105104839,3.8497050441474377e-13,True
2.0,0.67,1.535837076870799,0.6927804822823895,0.535837076870799,1.4250564400423067,0.7932568655468311,3.3306690738754696e-16,4.440892098500626e-16,40,5.551115123125783e-16,0.8531709475591858,3.867465482703966e-13,True
2.0,0.675,1.5322350931496003,0.6929850471857774,0.5322350931496003,1.4214443287421485,0.7918386708553421,1.1102230246251565e-16,1.1102230246251565e-16,40,1.1102230246251565e-16,0.8520964952280279,3.8853224412313307e-13,True
2.0,0.68,1.528630968570724,0.6931897521018764,0.528630968570724,1.4178417193131947,0.79042232512962,0.0,0.0,40,4.440892098500626e-16,0.8510224559238455,3.903276513178774e-13,True
2.0,0.685,1.5250247011278646,0.6933945968936283,0.5250247011278646,1.4142485993369696,0.7890078284832602,3.885780586188048e-16,3.3306690738754696e-16,40,3.3306690738754696e-16,0.8499488320613968,3.921328295978932e-13,True
2.0,0.6900000000000001,1.5214162888188911,0.6935995814218968,0.5214162888188911,1.4106649563852238,0.7875951810317608,3.885780586188048e-16,3.3306690738754696e-16,40,0.0,0.8488756260633694,3.9394783910760494e-13,True
2.0,0.6950000000000001,1.5178057296459089,0.6938047055454548,0.5178057296459089,1.4070907780198778,0.7861843828925159,0.0,1.1102230246251565e-16,40,2.220446049250313e-16,0.8478028403603904,3.957727403954293e-13,True
2.0,0.7000000000000001,1.514193021615318,0.6940099691209741,0.5141930216153181,1.4035260517929617,0.7847754341848119,1.1102230246251565e-16,3.3306690738754696e-16,40,1.1102230246251565e-15,0.8467304773910327,3.976075944166404e-13,True
2.0,0.705,1.5105781627378805,0.6942153720030064,0.5105781627378805,1.3999707652465583,0.7833683350298212,2.220446049250313e-16,3.3306690738754696e-16,40,5.551115123125783e-16,0.8456585396018244,3.994524625362391e-13,True
2.0,0.71,1.5069611510287761,0.6944209140439773,0.5069611510287761,1.3964249059127447,0.7819630855505985,5.551115123125783e-17,0.0,40,1.1102230246251565e-16,0.8445870294472544,4.0130740653185624e-13,True
2.0,0.715,1.5033419845076672,0.6946265950941718,0.5033419845076672,1.3928884613135317,0.7805596858720741,6.106226635438361e-16,7.771561172376096e-16,40,4.440892098500626e-16,0.8435159493897816,4.0317248859666924e-13,True
2.0,0.72,1.4997206611987641,0.6948324150017166,0.4997206611987641,1.3893614189608081,0.7791581361210499,3.885780586188048e-16,2.220446049250313e-16,40,1.2212453270876722e-15,0.8424453018998408,4.0504777134234203e-13,True
2.0,0.725,1.4960971791308828,0.6950383736125755,0.4960971791308828,1.3858437663562801,0.7777584364261928,1.6653345369377348e-16,0.0,40,1.1102230246251565e-16,0.8413750894558496,4.0693331780198686e-13,True
2.0,0.73,1.492471536337512,0.6952444707705314,0.49247153633751206,1.3823354909914145,0.7763605869180291,1.6653345369377348e-16,5.551115123125783e-16,40,4.440892098500626e-16,0.8403053145442154,4.0882919143314427e-13,True
2.0,0.735,1.4888437308568785,0.6954507063171721,0.4888437308568785,1.3788365803473774,0.7749645877289394,0.0,1.1102230246251565e-16,40,4.440892098500626e-16,0.839235979659342,4.1073545612078335e-13,True
2.0,0.74,1.4852137607320066,0.695657080091883,0.4852137607320066,1.3753470218949773,0.7735704389931528,2.7755575615628914e-16,4.440892098500626e-16,40,7.771561172376096e-16,0.8381670873036347,4.126521761803319e-13,True
2.0,0.745,1.4815816240107882,0.6958635919318279,0.4815816240107882,1.3718668030946042,0.7721781408467391,4.440892098500626e-16,4.440892098500626e-16,40,4.440892098500626e-16,0.8370986399875072,4.145794163607184e-13,True
2.0,0.75,1.4779473187460448,0.6960702416719403,0.4779473187460448,1.3683959113961728,0.7707876934276058,2.220446049250313e-16,4.440892098500626e-16,40,3.3306690738754696e-16,0.836030640229387,4.165172418474367e-13,True
2.0,0.755,1.4743108429955936,0.6962770291449092,0.47431084299559356,1.364934334239062,0.7693990968754888,6.106226635438361e-16,4.440892098500626e-16,40,1.2212453270876722e-15,0.8349630905557202,4.1846571826564196e-13,True
2.0,0.76,1.470672194822315,0.6964839541811646,0.4706721948223149,1.3614820590520553,0.768012351331948,4.996003610813204e-16,7.771561172376096e-16,40,3.3306690738754696e-16,0.8338959935009779,4.2042491168325335e-13,True
2.0,0.765,1.467031372294218,0.6966910166088652,0.4670313722942181,1.3580390732532825,0.7666274569403595,1.6653345369377348e-16,3.3306690738754696e-16,40,0.0,0.8328293516076596,4.2239488861409316e-13,True
2.0,0.77,1.4633883734845066,0.6968982162538876,0.46338837348450657,1.354605364250161,0.7652444138459102,0.0,3.3306690738754696e-16,40,0.0,0.8317631674262989,4.243757160210416e-13,True
2.0,0.775,1.4597431964716483,0.6971055529398086,0.4597431964716483,1.3511809194393334,0.7638632221955892,2.7755575615628914e-16,3.3306690738754696e-16,40,3.3306690738754696e-16,0.8306974435154675,4.263674613192077e-13,True
2.0,0.78,1.4560958393394416,0.6973130264878953,0.45609583933944164,1.3477657262066105,0.7624838821381832,5.551115123125783e-17,2.220446049250313e-16,40,0.0,0.8296321824417794,4.2837019237914133e-13,True
2.0,0.785,1.4524463001770835,0.697520636717091,0.45244630017708354,1.3443597719269125,0.7611063938242673,4.996003610813204e-16,3.3306690738754696e-16,40,1.1102230246251565e-15,0.8285673867798945,4.30383977530044e-13,True
2.0,0.79,1.4487945770792399,0.6977283834440001,0.44879457707923986,1.3409630439642057,0.7597307574061996,1.6653345369377348e-16,0.0,40,4.440892098500626e-16,0.8275030591125228,4.3240888556301926e-13,True
2.0,0.795,1.4451406681461108,0.6979362664828795,0.44514066814611075,1.3375755296714478,0.7583569730381117,6.661338147750939e-16,5.551115123125783e-16,40,9.992007221626409e-16,0.8264392020304262,4.344449857343473e-13,True
2.0,0.8,1.4414845714835063,0.6981442856456171,0.4414845714835063,1.334197216390523,0.7569850408759042,1.6653345369377348e-16,2.220446049250313e-16,40,5.551115123125783e-16,0.8253758181324239,4.36492347768763e-13,True
2.0,0.805,1.4378262852029084,0.6983524407417286,0.43782628520290845,1.330828091452187,0.7556149610772364,3.885780586188048e-16,7.771561172376096e-16,40,8.881784197001252e-16,0.8243129100253926,4.3855104186278514e-13,True
2.0,0.81,1.4341658074215498,0.6985607315783335,0.43416580742154975,1.327468142176003,0.7542467338015194,3.3306690738754696e-16,2.220446049250313e-16,40,2.220446049250313e-16,0.8232504803242708,4.406211386880443e-13,True
2.0,0.8150000000000001,1.430503136262477,0.6987691579601509,0.43050313626247694,1.3241173558702866,0.7528803592099085,7.216449660063518e-16,4.440892098500626e-16,40,4.440892098500626e-16,0.8221885316520601,4.427027093946514e-13,True
2.0,0.8200000000000001,1.4268382698546274,0.6989777196894787,0.42683826985462736,1.3207757198320382,0.7515158374652955,1.6653345369377348e-16,3.3306690738754696e-16,40,6.661338147750939e-16,0.821127066639827,4.447958256145766e-13,True
2.0,0.8250000000000001,1.4231712063328972,0.6991864165661852,0.4231712063328972,1.3174432213468927,0.7501531687322993,2.7755575615628914e-16,6.661338147750939e-16,40,1.1102230246251565e-15,0.820066087926705,4.469005594650684e-13,True
2.0,0.8300000000000001,1.4195019438382166,0.6993952483876907,0.4195019438382166,1.3141198476890525,0.7487923531772586,1.6653345369377348e-16,3.3306690738754696e-16,40,1.3322676295501878e-15,0.8190055981598952,4.490169835520762e-13,True
2.0,0.835,1.4158304805176187,0.6996042149489596,0.41583048051761873,1.31080558612123,0.7474333909682235,4.440892098500626e-16,5.551115123125783e-16,40,2.220446049250313e-16,0.8179455999946679,4.511451709737173e-13,True
2.0,0.84,1.4121568145243164,0.6998133160424805,0.4121568145243164,1.3075004238945864,0.7460762822749457,1.1102230246251565e-16,3.3306690738754696e-16,40,0.0,0.8168860960943627,4.532851953237528e-13,True
2.0,0.845,1.4084809440177721,0.7000225514582579,0.40848094401777213,1.3042043482486738,0.7447210272688704,6.106226635438361e-16,4.440892098500626e-16,40,2.220446049250313e-16,0.815827089130389,4.554371306950968e-13,True
2.0,0.85,1.4048028671637747,0.7002319209837945,0.40480286716377467,1.3009173464113715,0.7433676261231279,3.885780586188048e-16,4.440892098500626e-16,40,1.1102230246251565e-15,0.8147685817822263,4.57601051683349e-13,True
2.0,0.855,1.4011225821345128,0.7004414244040786,0.4011225821345128,1.2976394055988303,0.7420160790125239,5.551115123125783e-17,4.440892098500626e-16,40,1.1102230246251565e-16,0.8137105767374239,4.597770333903442e-13,True
2.0,0.86,1.3974400871086476,0.7006510615015725,0.39744008710864764,1.294370513015409,0.7406663861135298,5.551115123125783e-16,6.661338147750939e-16,40,1.1102230246251565e-16,0.8126530766915994,4.619651514277438e-13,True
2.0,0.865,1.3937553802713918,0.7008608320561944,0.3937553802713918,1.2911106558536143,0.7393185476042742,2.220446049250313e-16,4.440892098500626e-16,40,4.440892098500626e-16,0.8115960843484386,4.641654819206321e-13,True
2.0,0.87,1.3900684598145816,0.7010707358453085,0.3900684598145816,1.2878598212940435,0.7379725636645332,7.771561172376096e-16,7.771561172376096e-16,40,1.2212453270876722e-15,0.8105396024196944,4.663781015111535e-13,True
2.0,0.875,1.386379323936756,0.7012807726437076,0.3863793239367559,1.2846179965053197,0.7366284344757198,2.220446049250313e-16,5.551115123125783e-16,40,9.992007221626409e-16,0.8094836336251845,4.686030873621671e-13,True
2.0,0.88,1.3826879708432296,0.7014909422236028,0.3826879708432296,1.2813851686440367,0.7352861602208743,5.551115123125783e-16,2.220446049250313e-16,40,9.992007221626409e-16,0.8084281806927897,4.708405171609302e-13,True
2.0,0.885,1.3789943987461726,0.7017012443546072,0.3789943987461726,1.2781613248546937,0.7339457410846557,5.551115123125783e-16,6.661338147750939e-16,40,3.3306690738754696e-16,0.8073732463584514,4.730904691228062e-13,True
2.0,0.89,1.3752986058646886,0.7019116788037207,0.37529860586468855,1.27494645226964,0.7326071772533296,7.216449660063518e-16,6.661338147750939e-16,40,8.881784197001252e-16,0.8063188333661698,4.753530219949979e-13,True
2.0,0.895,1.3716005904248891,0.7021222453353194,0.37160059042488913,1.2717405380090103,0.7312704689147578,7.771561172376096e-16,8.881784197001252e-16,40,1.1102230246251565e-15,0.8052649444679996,4.776282550603105e-13,True
2.0,0.9,1.3679003506599758,0.702332943711138,0.36790035065997584,1.2685435691806677,0.7299356162583894,6.661338147750939e-16,5.551115123125783e-16,40,0.0,0.8042115824240477,4.799162481409352e-13,True
2.0,0.905,1.364197884810316,0.7025437736902586,0.364197884810316,1.2653555328801416,0.7286026194752487,4.440892098500626e-16,1.1102230246251565e-16,40,5.551115123125783e-16,0.8031587500024687,4.822170816022633e-13,True
2.0,0.91,1.3604931911235225,0.7027547350290961,0.3604931911235225,1.262176416190568,0.7272714787579249,4.996003610813204e-16,7.771561172376096e-16,40,2.220446049250313e-16,0.8021064499794616,4.845308363567304e-13,True
2.0,0.915,1.3567862678545373,0.70296582748138,0.35678626785453726,1.2590062061826306,0.7259421943005597,5.551115123125783e-16,5.551115123125783e-16,40,2.220446049250313e-16,0.8010546851392649,4.868575938676718e-13,True
2.0,0.92,1.353077113265705,0.7031770507981469,0.3530771132657049,1.2558448899144978,0.7246147662988386,4.996003610813204e-16,6.661338147750939e-16,40,2.220446049250313e-16,0.8000034582741515,4.891974361532299e-13,True
2.0,0.925,1.3493657256268585,0.7033884047277205,0.3493657256268585,1.2526924544317655,0.7232891949499769,4.440892098500626e-16,4.440892098500626e-16,40,8.881784197001252e-16,0.7989527721844241,4.915504457902627e-13,True
2.0,0.93,1.3456521032153979,0.7035998890157011,0.34565210321539785,1.2495488867673954,0.7219654804527101,9.159339953157541e-16,4.440892098500626e-16,40,5.551115123125783e-16,0.7979026296784091,4.939167059183007e-13,True
2.0,0.935,1.3419362443163723,0.7038115034049494,0.34193624431637226,1.2464141739416539,0.7206436230072802,8.326672684688674e-16,4.440892098500626e-16,40,8.881784197001252e-16,0.7968530335724512,4.962963002435144e-13,True
2.0,0.9400000000000001,1.3382181472225618,0.7040232476355724,0.3382181472225618,1.2432883029620545,0.7193236228154255,3.885780586188048e-16,4.440892098500626e-16,40,3.3306690738754696e-16,0.7958039866909064,4.986893130427246e-13,True
2.0,0.9450000000000001,1.3344978102345597,0.7042351214449103,0.3344978102345597,1.240171260823297,0.7180054800803669,5.828670879282072e-16,5.551115123125783e-16,40,2.220446049250313e-16,0.7947554918661357,5.010958291674292e-13,True
2.0,0.9500000000000001,1.3307752316608559,0.7044471245675201,0.3307752316608559,1.2370630345072056,0.7166891950067971,5.551115123125783e-17,6.661338147750939e-16,40,0.0,0.7937075519384981,5.035159340478595e-13,True
2.0,0.9550000000000001,1.3270504098179186,0.7046592567351637,0.32705040981791855,1.2339636109826724,0.7153747678008663,7.216449660063518e-16,5.551115123125783e-16,40,7.771561172376096e-16,0.792660169756342,5.059497136970731e-13,True
2.0,0.96,1.3233233430302807,0.704871517676791,0.32332334303028065,1.230872977205593,0.7140621986701722,5.828670879282072e-16,5.551115123125783e-16,40,1.1102230246251565e-15,0.7916133481759992,5.083972547150653e-13,True
2.0,0.965,1.3195940296306206,0.705083907118528,0.31959402963062056,1.2277911201188105,0.712751487823743,3.3306690738754696e-16,4.440892098500626e-16,40,4.440892098500626e-16,0.790567090061774,5.108586442929128e-13,True
2.0,0.97,1.3158624679598492,0.7052964247836606,0.3158624679598492,1.2247180266520548,0.7114426354720287,4.440892098500626e-16,7.771561172376096e-16,40,7.771561172376096e-16,0.7895213982859367,5.133339702169479e-13,True
2.0,0.975,1.3121286563671957,0.7055090703926199,0.31212865636719567,1.2216536837218823,0.7101356418268852,5.551115123125783e-16,6.661338147750939e-16,40,7.771561172376096e-16,0.7884762757287135,5.158233208729568e-13,True
2.0,0.98,1.3083925932102891,0.7057218436629703,0.3083925932102891,1.218598078231615,0.7088305071015606,4.996003610813204e-16,6.661338147750939e-16,40,5.551115123125783e-16,0.7874317252782762,5.183267852504154e-13,True
2.0,0.985,1.3046542768552492,0.7059347443093917,0.30465427685524915,1.2155511970712847,0.7075272315106836,8.881784197001252e-16,6.661338147750939e-16,40,8.881784197001252e-16,0.7863877498307333,5.208444529467401e-13,True
2.0,0.99,1.3009137056767692,0.7061477720436674,0.3009137056767692,1.2125130271175686,0.7062258152702479,8.326672684688674e-16,6.661338147750939e-16,40,5.551115123125783e-16,0.785344352290119,5.233764141715851e-13,True
2.0,0.995,1.2971708780582047,0.7063609265746686,0.29717087805820475,1.2094835552337337,0.7049262585975982,3.885780586188048e-16,4.440892098500626e-16,40,5.551115123125783e-16,0.7843015355683821,5.25922759751156e-13,True
2.0,1.0,1.2934257923916594,0.7065742076083406,0.29342579239165945,1.2064627682695768,0.7036285617114166,6.938893903907228e-16,6.661338147750939e-16,40,2.220446049250313e-16,0.7832593025853749,5.284835811325608e-13,True
4.0,0.0,4.0,0.8,3.0,4.0,1.0,0.0,0.0,0,0.0,1.0,1.467318837884525e-09,True
4.0,0.005,3.9959994666769076,0.8001066646184718,2.9959994666769076,3.990013324002718,0.9980019546929927,4.440892098500626e-16,4.318767565791859e-14,40,4.2521541843143495e-14,0.9992002312073595,1.4721690267054946e-09,True
4.0,0.01,3.9919978667492493,0.800213325075072,2.9919978667492493,3.9800532587101456,0.9960078153223815,0.0,1.7763568394002505e-14,40,1.63202784619898e-14,0.9984009252142881,1.477036845793153e-09,True
4.0,0.015,3.987995200280935,0.8003199812709916,2.987995200280935,3.970119748220111,0.9940175767152696,4.440892098500626e-16,2.55351295663786e-15,40,3.552713678800501e-15,0.9976020825977383,1.4819223632679453e-09,True
4.0,0.02,3.9839914673378494,0.8004266331075316,2.9839914673378494,3.9602127366956568,0.992031233700743,4.440892098500626e-16,2.5868196473766147e-14,40,2.4313884239290928e-14,0.9968037039342272,1.4868256475210685e-09,True
4.0,0.025,3.979986667987856,0.8005332804857623,2.979986667987856,3.9503321683650405,0.9900487811098706,8.881784197001252e-16,5.384581669432009e-14,40,5.495603971894525e-14,0.9960057897998317,1.4917467672155438e-09,True
4.0,0.03,3.975980802300802,0.8006399233065972,2.975980802300802,3.940477987521732,0.9880702137757008,3.1086244689504383e-15,9.259260025373806e-14,40,9.35918009759007e-14,0.9952083407701836,1.4966857912872746e-09,True
4.0,0.035,3.971973870348515,0.8007465614710059,2.971973870348515,3.930650138524417,0.9860955265332615,3.1086244689504383e-15,5.850875339774575e-14,40,6.006306563222097e-14,0.9944113574204646,1.5016427889461502e-09,True
4.0,0.04,3.967965872204832,0.800853194879203,2.967965872204832,3.9208485657969874,0.9841247142195599,4.440892098500626e-16,1.2212453270876722e-15,40,3.3306690738754696e-16,0.9936148403254014,1.5066178296770616e-09,True
4.0,0.045,3.9639568079455634,0.800959823431925,2.9639568079455634,3.9110732138285504,0.9821577716735795,0.0,3.1086244689504383e-15,40,3.552713678800501e-15,0.9928187900592602,1.511610983241077e-09,True
4.0,0.05,3.9599466776485284,0.8010664470294326,2.9599466776485284,3.9013240271734215,0.9801946937362808,4.440892098500626e-16,1.3322676295501878e-15,40,1.6653345369377348e-15,0.9920232071958427,1.5166223196764552e-09,True
4.0,0.055,3.9559354813935457,0.8011730655718968,2.9559354813935457,3.891600950451124,0.9782354752505988,1.3322676295501878e-15,9.2148511043888e-15,40,8.659739592076221e-15,0.9912280923084796,1.5216519092997664e-09,True
4.0,0.06,3.951923219262442,0.8012796789593029,2.951923219262442,3.8819039283463894,0.9762801110614433,4.440892098500626e-16,1.9984014443252818e-15,40,0.0,0.9904334459700272,1.5266998227069898e-09,True
4.0,0.065,3.9479098913390493,0.8013862870915485,2.9479098913390493,3.87223290560916,0.9743285960156964,0.0,3.885780586188048e-15,40,4.218847493575595e-15,0.9896392687528609,1.531766130774607e-09,True
4.0,0.07,3.943895497709216,0.8014928898683429,2.943895497709216,3.862587827054582,0.9723809249622132,4.440892098500626e-16,4.884981308350689e-15,40,4.440892098500626e-15,0.9888455612288709,1.5368509046607111e-09,True
4.0,0.075,3.9398800384608053,0.8015994871892633,2.9398800384608053,3.8529686375630128,0.9704370927518198,8.881784197001252e-16,3.885780586188048e-15,40,3.885780586188048e-15,0.988052323969457,1.5419542158061093e-09,True
4.0,0.08,3.935863513683703,0.8017060789537123,2.935863513683703,3.8433752820800122,0.9684970942373123,0.0,4.3298697960381105e-15,40,4.884981308350689e-15,0.9872595575455234,1.5470761359354313e-09,True
4.0,0.085,3.931845923469818,0.8018126650609648,2.931845923469818,3.8338077056163518,0.966560924273456,4.440892098500626e-16,9.992007221626409e-16,40,4.440892098500626e-16,0.9864672625274737,1.5522167370582608e-09,True
4.0,0.09,3.9278272679130857,0.8019192454101592,2.9278272679130857,3.8242658532480056,0.9646285777169848,4.440892098500626e-16,1.1102230246251565e-15,40,1.7763568394002505e-15,0.9856754394852059,1.5573760914702494e-09,True
4.0,0.095,3.9238075471094747,0.8020258199002668,2.9238075471094747,3.8147496701161603,0.9627000494266007,8.881784197001252e-16,3.885780586188048e-15,40,3.6637359812630166e-15,0.9848840889881066,1.5625542717542304e-09,True
4.0,0.1,3.919786761156989,0.8021323884301079,2.919786761156989,3.8052591014272044,0.9607753342629713,4.440892098500626e-16,2.55351295663786e-15,40,2.7755575615628914e-15,0.9840932116050469,1.5677513507813605e-09,True
4.0,0.105,3.9157649101556697,0.8022389508983835,2.9157649101556697,3.7957940924527374,0.95885442708873,4.440892098500626e-16,2.55351295663786e-15,40,2.4424906541753444e-15,0.9833028079043766,1.5729674017122494e-09,True
4.0,0.11,3.9117419942076013,0.8023455072036249,2.9117419942076013,3.7863545885295657,0.9569373227684763,4.440892098500626e-16,2.9976021664879227e-15,40,3.885780586188048e-15,0.982512878453919,1.5782024979980945e-09,True
4.0,0.115,3.907718013416914,0.8024520572442275,2.907718013416914,3.776940535059707,0.9550240161687729,0.0,1.1102230246251565e-15,40,9.992007221626409e-16,0.981723423820966,1.5834567133818262e-09,True
4.0,0.12,3.903692967889788,0.8025586009184349,2.903692967889788,3.7675518775103845,0.9531145021581462,4.440892098500626e-16,1.4432899320127035e-15,40,2.220446049250313e-15,0.9809344445722726,1.5887301218992558e-09,True
4.0,0.125,3.8996668577344553,0.8026651381243575,2.8996668577344553,3.758188561414035,0.9512087756070849,4.440892098500626e-16,4.3298697960381105e-15,40,5.218048215738236e-15,0.9801459412740524,1.5940227978802137e-09,True
4.0,0.13,3.8956396830612086,0.8027716687599341,2.8956396830612086,3.748850532368304,0.94930683138804,0.0,3.6637359812630166e-15,40,3.885780586188048e-15,0.9793579144919715,1.5993348159497108e-09,True
4.0,0.135,3.891611443982395,0.802878192723,2.891611443982395,3.7395377360360498,0.9474086643754234,4.440892098500626e-16,4.440892098500626e-15,40,5.218048215738236e-15,0.9785703647911438,1.6046662510291074e-09,True
4.0,0.14,3.887582140612429,0.8029847099112221,2.887582140612429,3.7302501181453445,0.9455142694456077,4.440892098500626e-16,1.887379141862766e-15,40,2.1094237467877974e-15,0.9777832927361256,1.61001717833726e-09,True
4.0,0.145,3.8835517730677926,0.8030912202221198,2.8835517730677926,3.7209876244894726,0.9436236414769245,0.0,2.9976021664879227e-15,40,2.7755575615628914e-15,0.9769966988909108,1.615387673391689e-09,True
4.0,0.15,3.8795203414670367,0.8031977235530885,2.8795203414670367,3.7117502009269345,0.9417367753496652,4.440892098500626e-16,2.1094237467877974e-15,40,1.6653345369377348e-15,0.9762105838189247,1.620777812009771e-09,True
4.0,0.155,3.8754878459307895,0.8033042198013578,2.8754878459307895,3.702537793381449,0.9398536659460797,4.440892098500626e-16,1.3322676295501878e-15,40,1.5543122344752192e-15,0.9754249480830197,1.6261876703098812e-09,True
4.0,0.16,3.8714542865817547,0.803410708864033,2.8714542865817547,3.6933503478419514,0.9379743081503754,0.0,0.0,40,1.2212453270876722e-15,0.9746397922454698,1.6316173247125992e-09,True
4.0,0.165,3.8674196635447173,0.8035171906380767,2.8674196635447173,3.6841878103625962,0.936098696848717,4.440892098500626e-16,1.9984014443252818e-15,40,7.771561172376096e-16,0.9738551168679648,1.6370668519418924e-09,True
4.0,0.17,3.8633839769465497,0.803623665020296,2.8633839769465497,3.6750501270627622,0.9342268269292257,0.0,3.1086244689504383e-15,40,3.885780586188048e-15,0.9730709225116058,1.6425363290262845e-09,True
4.0,0.17500000000000002,3.8593472269162077,0.8037301319073846,2.8593472269162077,3.665937244127047,0.9323586932819795,0.0,1.9984014443252818e-15,40,1.4432899320127035e-15,0.9722872097368991,1.6480258333000745e-09,True
4.0,0.18,3.855309413584745,0.8038365911958599,2.855309413584745,3.6568491078052774,0.9304942907990111,4.440892098500626e-16,1.6653345369377348e-15,40,1.9984014443252818e-15,0.9715039791037516,1.6535354424045092e-09,True
4.0,0.185,3.851270537085305,0.8039430427821347,2.851270537085305,3.647785664412504,0.9286336143743089,0.0,1.5543122344752192e-15,40,1.5543122344752192e-15,0.9707212311714651,1.6590652342890117e-09,True
4.0,0.19,3.8472305975531333,0.804049486562456,2.8472305975531333,3.6387468603290074,0.9267766589038156,0.0,1.9984014443252818e-15,40,2.886579864025407e-15,0.969938966498731,1.6646152872123648e-09,True
4.0,0.195,3.8431895951255766,0.8041559224329407,2.8431895951255766,3.629732642000299,0.924923419285428,8.881784197001252e-16,1.7763568394002505e-15,40,9.992007221626409e-16,0.9691571856436251,1.6701856797439311e-09,True
4.0,0.2,3.839147529942084,0.8042623502895796,2.839147529942084,3.6207429559371263,0.923073890418997,8.881784197001252e-16,1.3322676295501878e-15,40,2.55351295663786e-15,0.968375889163602,1.6757764907648718e-09,True
4.0,0.20500000000000002,3.835104402144218,0.8043687700282037,2.835104402144218,3.6117777487154648,0.9212280672063262,4.440892098500626e-16,7.771561172376096e-16,40,1.1102230246251565e-16,0.9675950776154899,1.6813877994693567e-09,True
4.0,0.21,3.8310602118756507,0.8044751815445205,2.8310602118756507,3.602836966976538,0.9193859445511725,0.0,3.3306690738754696e-16,40,8.881784197001252e-16,0.9668147515554856,1.6870196853658001e-09,True
4.0,0.215,3.8270149592821694,0.8045815847340959,2.8270149592821694,3.5939205574268005,0.917547517359245,1.3322676295501878e-15,2.4424906541753444e-15,40,1.7763568394002505e-15,0.9660349115391483,1.69267222827808e-09,True
4.0,0.22,3.82296864451168,0.8046879794923639,2.82296864451168,3.585028466837958,0.915712780538205,0.0,2.220446049250313e-15,40,3.219646771412954e-15,0.965255558121395,1.6983455083467864e-09,True
4.0,0.225,3.818921267714211,0.8047943657146186,2.818921267714211,3.576160642046955,0.9138817289976658,0.0,2.220446049250313e-16,40,9.992007221626409e-16,0.9644766918564944,1.7040396060304272e-09,True
4.0,0.23,3.8148728290419176,0.8049007432960104,2.8148728290419176,3.5673170299559898,0.9120543576491922,8.881784197001252e-16,2.4424906541753444e-15,40,3.4416913763379853e-15,0.9636983132980623,1.7097546021067077e-09,True
4.0,0.23500000000000001,3.810823328649081,0.8050071121315705,2.810823328649081,3.558497577532509,0.9102306614062997,8.881784197001252e-16,2.220446049250313e-15,40,3.552713678800501e-15,0.9629204229990554,1.7154905776737542e-09,True
4.0,0.24,3.806772766692115,0.8051134721161868,2.806772766692115,3.5497022318092157,0.9084106351844555,0.0,5.551115123125783e-16,40,1.1102230246251565e-16,0.9621430215117666,1.7212476141513754e-09,True
4.0,0.245,3.802721143329571,0.8052198231446086,2.802721143329571,3.5409309398840683,0.9065942739010769,4.440892098500626e-16,1.6653345369377348e-15,40,3.1086244689504383e-15,0.9613661093878186,1.7270257932823125e-09,True
4.0,0.25,3.7986684587221364,0.8053261651114543,2.7986684587221364,3.532183648920288,0.9047815724755321,4.440892098500626e-16,5.551115123125783e-16,40,2.1094237467877974e-15,0.9605896871781597,1.732825197133494e-09,True
4.0,0.255,3.7946147130326393,0.8054324979112184,2.7946147130326393,3.523460306146359,0.9029725258291393,1.3322676295501878e-15,1.2212453270876722e-15,40,9.992007221626409e-16,0.9598137554330574,1.7386459080973326e-09,True
4.0,0.26,3.790559906426056,0.8055388214382461,2.790559906426056,3.514760858856031,0.9011671288851677,0.0,9.992007221626409e-16,40,1.6653345369377348e-15,0.959038314702093,1.7444880088929505e-09,True
4.0,0.265,3.786504039069507,0.8056451355867658,2.786504039069507,3.5060852544083274,0.8993653765688351,4.440892098500626e-16,3.3306690738754696e-16,40,1.1102230246251565e-16,0.9582633655341567,1.7503515825674773e-09,True
4.0,0.27,3.7824471111322664,0.8057514402508652,2.7824471111322664,3.4974334402275438,0.8975672638073101,8.881784197001252e-16,1.2212453270876722e-15,40,1.5543122344752192e-15,0.9574889084774416,1.756236712497337e-09,True
4.0,0.275,3.7783891227857627,0.8058577353244993,2.7783891227857627,3.4888053638032543,0.8957727855297113,8.881784197001252e-16,6.661338147750939e-16,40,2.1094237467877974e-15,0.9567149440794386,1.7621434823895197e-09,True
4.0,0.28,3.7743300742035806,0.8059640207014979,2.7743300742035806,3.480200972690314,0.893981936667106,1.3322676295501878e-15,6.661338147750939e-16,40,2.3314683517128287e-15,0.9559414728869304,1.7680719762828602e-09,True
4.0,0.28500000000000003,3.770269965561466,0.806070296275557,2.770269965561466,3.471620214508862,0.8921947121525121,0.0,1.1102230246251565e-16,40,7.771561172376096e-16,0.9551684954459865,1.7740222785493567e-09,True
4.0,0.29,3.7662087970373297,0.8061765619402425,2.7662087970373297,3.4630630369443307,0.8904111069208971,1.3322676295501878e-15,1.887379141862766e-15,40,2.3314683517128287e-15,0.9543960123019573,1.779994473895447e-09,True
4.0,0.295,3.762146568811245,0.8062828175889993,2.762146568811245,3.454529387747442,0.888631115909177,8.881784197001252e-16,1.6653345369377348e-15,40,3.1086244689504383e-15,0.9536240239994689,1.7859886473633303e-09,True
4.0,0.3,3.758083281065463,0.8063890631151235,2.758083281065463,3.4460192147342146,0.8868547340562192,8.881784197001252e-16,1.4432899320127035e-15,40,2.1094237467877974e-15,0.9528525310824174,1.7920048843322415e-09,True
4.0,0.305,3.754018933984399,0.8064952984118066,2.754018933984399,3.437532465785971,0.8850819563028391,4.440892098500626e-16,7.771561172376096e-16,40,2.1094237467877974e-15,0.9520815340939632,1.7980432705198135e-09,True
4.0,0.31,3.7499535277546494,0.8066015233720987,2.7499535277546494,3.4290690888493374,0.8833127775918032,4.440892098500626e-16,8.881784197001252e-16,40,5.551115123125783e-16,0.9513110335765259,1.8041038919833506e-09,True
4.0,0.315,3.7458870625649903,0.8067077378889198,2.7458870625649903,3.4206290319362496,0.8815471928678268,4.440892098500626e-16,1.3322676295501878e-15,40,2.4424906541753444e-15,0.9505410300717783,1.8101868351211594e-09,True
4.0,0.32,3.741819538606375,0.8068139418550779,2.741819538606375,3.41221224312396,0.8797851970775762,1.3322676295501878e-15,1.2212453270876722e-15,40,3.3306690738754696e-16,0.9497715241206408,1.8162921866738972e-09,True
4.0,0.325,3.7377509560719475,0.8069201351632384,2.7377509560719475,3.403818670555034,0.8780267851696669,0.0,1.6653345369377348e-15,40,2.220446049250313e-15,0.9490025162632764,1.8224200337258758e-09,True
4.0,0.33,3.7336813151570376,0.8070263177059466,2.7336813151570376,3.39544826243737,0.8762719520946656,0.0,1.2212453270876722e-15,40,3.3306690738754696e-16,0.9482340070390846,1.8285704637064166e-09,True
4.0,0.335,3.7296106160591633,0.8071324893756318,2.7296106160591633,3.3871009670441845,0.8745206928050888,4.440892098500626e-16,3.3306690738754696e-16,40,1.5543122344752192e-15,0.9474659969866959,1.8347435643911815e-09,True
4.0,0.34,3.72553885897804,0.8072386500645881,2.72553885897804,3.3787767327140314,0.8727730022554036,4.440892098500626e-16,6.661338147750939e-16,40,1.3322676295501878e-15,0.9466984866439663,1.8409394239035275e-09,True
4.0,0.34500000000000003,3.72146604411558,0.8073447996649854,2.72146604411558,3.3704755078508004,0.8710288754020286,8.881784197001252e-16,6.661338147750939e-16,40,1.1102230246251565e-16,0.9459314765479716,1.8471581307158438e-09,True
4.0,0.35000000000000003,3.717392171675893,0.8074509380688775,2.717392171675893,3.3621972409237255,0.8692883072033332,8.881784197001252e-16,6.661338147750939e-16,40,1.1102230246251565e-16,0.945164967235002,1.853399773650918e-09,True
4.0,0.355,3.7133172418652927,0.8075570651681897,2.7133172418652927,3.3539418804673873,0.8675512926196384,8.881784197001252e-16,9.992007221626409e-16,40,1.1102230246251565e-15,0.9443989592405561,1.8596644418833024e-09,True
4.0,0.36,3.7092412548922975,0.8076631808547292,2.7092412548922975,3.3457093750817166,0.8658178266132177,8.881784197001252e-16,1.1102230246251565e-15,40,1.2212453270876722e-15,0.9436334530993356,1.8659522249406606e-09,True
4.0,0.365,3.705164210967637,0.8077692850201725,2.705164210967637,3.337499673432003,0.8640879041482954,0.0,3.3306690738754696e-16,40,1.1102230246251565e-16,0.9428684493452396,1.872263212705153e-09,True
4.0,0.37,3.7010861103042476,0.8078753775560875,2.7010861103042476,3.3293127242489002,0.8623615201910495,4.440892098500626e-16,6.661338147750939e-16,40,1.4432899320127035e-15,0.9421039485113589,1.8785974954148172e-09,True
4.0,0.375,3.6970069531172833,0.8079814583539111,2.6970069531172833,3.3211484763284282,0.8606386697096101,8.881784197001252e-16,3.3306690738754696e-16,40,1.2212453270876722e-15,0.9413399511299704,1.884955163664922e-09,True
4.0,0.38,3.6929267396241134,0.8080875273049646,2.6929267396241134,3.313006878531982,0.8589193476740618,4.440892098500626e-16,8.881784197001252e-16,40,3.3306690738754696e-16,0.9405764577325311,1.8913363084093823e-09,True
4.0,0.385,3.6888454700443263,0.8081935843004512,2.6888454700443263,3.3048878797863326,0.8572035490564415,4.440892098500626e-16,8.881784197001252e-16,40,0.0,0.9398134688496732,1.897741020962135e-09,True
4.0,0.39,3.684763144599733,0.8082996292314542,2.684763144599733,3.2967914290836386,0.8554912688307419,4.440892098500626e-16,8.881784197001252e-16,40,1.1102230246251565e-16,0.9390509850111977,1.904169392998543e-09,True
4.0,0.395,3.6806797635143713,0.8084056619889334,2.6806797635143713,3.2887174754814454,0.853782501972909,4.440892098500626e-16,3.3306690738754696e-16,40,7.771561172376096e-16,0.938289006746069,1.910621516556776e-09,True
4.0,0.4,3.676595327014505,0.8085116824637373,2.676595327014505,3.2806659681026984,0.852077243460845,0.0,5.551115123125783e-16,40,9.992007221626409e-16,0.9375275345824091,1.917097484039236e-09,True
4.0,0.405,3.6725098353286283,0.8086176905465967,2.6725098353286283,3.2726368561357386,0.8503754882744076,0.0,1.1102230246251565e-16,40,6.661338147750939e-16,0.9367665690474926,1.9235973882139694e-09,True
4.0,0.41000000000000003,3.6684232886874697,0.8087236861281226,2.6684232886874697,3.264630088834321,0.8486772313954113,8.881784197001252e-16,5.551115123125783e-16,40,1.1102230246251565e-16,0.9360061106677395,1.930121322216068e-09,True
4.0,0.41500000000000004,3.6643356873239936,0.8088296690988105,2.6643356873239936,3.2566456155176056,0.8469824678076272,1.3322676295501878e-15,5.551115123125783e-16,40,5.551115123125783e-16,0.9352461599687113,1.936669379549088e-09,True
4.0,0.42,3.6602470314734012,0.8089356393490447,2.6602470314734012,3.248683385570181,0.8452911924967839,4.440892098500626e-16,1.1102230246251565e-16,40,4.440892098500626e-16,0.9344867174751039,1.9432416540865064e-09,True
4.0,0.425,3.6561573213731364,0.8090415967690908,2.6561573213731364,3.2407433484420523,0.8436034004505689,4.440892098500626e-16,4.440892098500626e-16,40,8.881784197001252e-16,0.9337277837107423,1.9498382400731095e-09,True
4.0,0.43,3.6520665572628874,0.809147541249099,2.6520665572628874,3.232825453648662,0.8419190866586279,0.0,3.3306690738754696e-16,40,6.661338147750939e-16,0.9329693591985755,1.9564592321264565e-09,True
4.0,0.435,3.6479747393845865,0.8092534726791115,2.6479747393845865,3.2249296507708856,0.8402382461125668,4.440892098500626e-16,3.3306690738754696e-16,40,7.771561172376096e-16,0.9322114444606695,1.9631047252383217e-09,True
4.0,0.44,3.643881867982417,0.8093593909490523,2.643881867982417,3.217055889455049,0.8385608738059522,0.0,9.992007221626409e-16,40,5.551115123125783e-16,0.931454040018203,1.9697748147761248e-09,True
4.0,0.445,3.639787943302812,0.8094652959487372,2.639787943302812,3.209204119412919,0.8368869647343108,4.440892098500626e-16,5.551115123125783e-16,40,4.440892098500626e-16,0.9306971463914604,1.976469596484388e-09,True
4.0,0.45,3.63569296559446,0.8095711875678664,2.63569296559446,3.201374290421728,0.8352165138951321,8.881784197001252e-16,8.881784197001252e-16,40,6.661338147750939e-16,0.9299407640998272,1.9831891664862127e-09,True
4.0,0.455,3.631596935108305,0.8096770656960328,2.631596935108305,3.1935663523241646,0.8335495162878689,1.3322676295501878e-15,2.220446049250313e-16,40,4.440892098500626e-16,0.9291848936617828,1.989933621284705e-09,True
4.0,0.46,3.627499852097551,0.8097829302227152,2.627499852097551,3.1857802550283933,0.8318859669139353,0.0,7.771561172376096e-16,40,7.771561172376096e-16,0.9284295355948966,1.9967030577644806e-09,True
4.0,0.465,3.6234017168176615,0.809888781037287,2.6234017168176615,3.178015948508049,0.8302258607767125,4.440892098500626e-16,0.0,40,2.220446049250313e-16,0.9276746904158204,2.0034975731931096e-09,True
4.0,0.47000000000000003,3.619302529526366,0.8099946180290082,2.619302529526366,3.170273382802253,0.8285691928815457,4.440892098500626e-16,0.0,40,0.0,0.9269203586402839,2.010317265222609e-09,True
4.0,0.47500000000000003,3.6152022904836594,0.8101004410870328,2.6152022904836594,3.162552508015616,0.8269159582357472,0.0,0.0,40,4.440892098500626e-16,0.9261665407830885,2.0171622318909174e-09,True
4.0,0.48,3.611100999951805,0.8102062501004065,2.611100999951805,3.1548532743182456,0.825266151848595,1.3322676295501878e-15,1.1102230246251565e-16,40,9.992007221626409e-16,0.9254132373581012,2.0240325716233984e-09,True
4.0,0.485,3.606998658195337,0.8103120449580684,2.606998658195337,3.1471756319457502,0.823619768731337,8.881784197001252e-16,2.220446049250313e-16,40,3.3306690738754696e-16,0.9246604488782494,2.030928383234318e-09,True
4.0,0.49,3.6028952654810644,0.8104178255488481,2.6028952654810644,3.1395195311992516,0.8219768038971895,4.440892098500626e-16,1.1102230246251565e-15,40,9.992007221626409e-16,0.9239081758555147,2.0378497659283535e-09,True
4.0,0.495,3.598790822078069,0.810523591761477,2.598790822078069,3.1318849224453884,0.8203372523613388,4.440892098500626e-16,5.551115123125783e-16,40,1.1102230246251565e-16,0.9231564188009271,2.044796819302093e-09,True
4.0,0.5,3.594685328257715,0.8106293434845702,2.594685328257715,3.124271756116325,0.8187011091409436,4.440892098500626e-16,1.1102230246251565e-16,40,3.3306690738754696e-16,0.9224051782245599,2.0517696433455414e-09,True
4.0,0.505,3.590578784293643,0.8107350806066471,2.590578784293643,3.1166799827097535,0.8170683692551335,4.440892098500626e-16,4.440892098500626e-16,40,1.1102230246251565e-16,0.9216544546355228,2.0587683384436472e-09,True
4.0,0.51,3.586471190461779,0.8108408030161192,2.586471190461779,3.109109552788909,0.8154390277250124,4.440892098500626e-16,1.1102230246251565e-16,40,1.1102230246251565e-16,0.9209042485419564,2.0657930053778257e-09,True
4.0,0.515,3.582362547040333,0.8109465106012954,2.582362547040333,3.101560416982571,0.8138130795736593,1.3322676295501878e-15,8.881784197001252e-16,40,8.881784197001252e-16,0.9201545604510274,2.0728437453274635e-09,True
4.0,0.52,3.5782528543098,0.811052203250385,2.5782528543098,3.0940325259850745,0.812190519826128,0.0,5.551115123125783e-16,40,1.1102230246251565e-16,0.9194053908689213,2.0799206598714756e-09,True
4.0,0.525,3.574142112552967,0.8111578808514912,2.574142112552967,3.0865258305563135,0.81057134350945,8.881784197001252e-16,2.220446049250313e-16,40,1.1102230246251565e-15,0.9186567403008375,2.0870238509898226e-09,True
4.0,0.53,3.5700303220549126,0.8112635432926177,2.5700303220549126,3.079040281521748,0.8089555456526348,4.440892098500626e-16,2.220446049250313e-16,40,3.3306690738754696e-16,0.9179086092509835,2.094153421065063e-09,True
4.0,0.535,3.565917483103007,0.8113691904616688,2.565917483103007,3.071575829772421,0.8073431212866714,4.440892098500626e-16,0.0,40,2.220446049250313e-16,0.9171609982225682,2.1013094728839027e-09,True
4.0,0.54,3.561803595986918,0.8114748222464483,2.561803595986918,3.064132426264954,0.8057340654445292,4.440892098500626e-16,8.881784197001252e-16,40,5.551115123125783e-16,0.9164139077177972,2.1084921096387513e-09,True
4.0,0.545,3.557688660998611,0.8115804385346584,2.557688660998611,3.0567100220215617,0.8041283731611608,8.881784197001252e-16,3.3306690738754696e-16,40,5.551115123125783e-16,0.9156673382378663,2.1157014349292603e-09,True
4.0,0.55,3.5535726784323507,0.8116860392139078,2.5535726784323507,3.0493085681300545,0.802526039473501,0.0,5.551115123125783e-16,40,3.3306690738754696e-16,0.9149212902829555,2.1229375527639216e-09,True
4.0,0.555,3.5494556485847046,0.8117916241717033,2.5494556485847046,3.0419280157438537,0.8009270594204698,4.440892098500626e-16,5.551115123125783e-16,40,7.771561172376096e-16,0.9141757643522239,2.130200567561606e-09,True
4.0,0.56,3.5453375717545432,0.8118971932954584,2.5453375717545432,3.0345683160819936,0.7993314280429737,4.440892098500626e-16,0.0,40,1.1102230246251565e-15,0.9134307609438033,2.1374905841531547e-09,True
4.0,0.5650000000000001,3.541218448243045,0.8120027464724865,2.541218448243045,3.027229420429132,0.7977391403839066,4.440892098500626e-16,6.661338147750939e-16,40,1.5543122344752192e-15,0.9126862805547918,2.1448077077829708e-09,True
4.0,0.5700000000000001,3.5370982783536946,0.8121082835900094,2.5370982783536946,3.0199112801355517,0.7961501914881509,4.440892098500626e-16,1.1102230246251565e-16,40,8.881784197001252e-16,0.9119423236812495,2.1521520441105755e-09,True
4.0,0.5750000000000001,3.5329770623922885,0.8122138045351504,2.5329770623922885,3.012613846617181,0.7945645764025806,8.881784197001252e-16,2.220446049250313e-16,40,1.1102230246251565e-15,0.9111988908181913,2.1595236992122357e-09,True
4.0,0.58,3.5288548006669345,0.8123193091949407,2.5288548006669345,3.005337071355592,0.7929822901760608,4.440892098500626e-16,3.3306690738754696e-16,40,3.3306690738754696e-16,0.9104559824595813,2.166922779582532e-09,True
4.0,0.585,3.5247314934880545,0.8124247974563171,2.5247314934880545,2.9980809058980076,0.7914033278594508,0.0,2.220446049250313e-16,40,2.220446049250313e-16,0.9097135990983274,2.174349392135984e-09,True
4.0,0.59,3.5206071411683864,0.8125302692061248,2.5206071411683864,2.990845301857318,0.7898276845056047,4.440892098500626e-16,3.3306690738754696e-16,40,0.0,0.9089717412262749,2.181803644208658e-09,True
4.0,0.595,3.516481744022985,0.8126357243311174,2.516481744022985,2.983630210912084,0.7882553551693738,4.440892098500626e-16,2.220446049250313e-16,40,5.551115123125783e-16,0.908230409334201,2.1892856435597693e-09,True
4.0,0.6,3.512355302369226,0.8127411627179567,2.512355302369226,2.97643558480654,0.7866863349076071,6.661338147750939e-16,6.661338147750939e-16,40,2.220446049250313e-16,0.9074896039118088,2.196795498373317e-09,True
4.0,0.605,3.508227816526807,0.8128465842532119,2.508227816526807,2.969261375350613,0.7851206187791542,2.220446049250313e-16,3.3306690738754696e-16,40,8.881784197001252e-16,0.9067493254477212,2.204333317259694e-09,True
4.0,0.61,3.5040992868177474,0.812951988823365,2.5040992868177474,2.9621075344199252,0.7835582018448662,8.881784197001252e-16,4.440892098500626e-16,40,1.1102230246251565e-16,0.9060095744294755,2.2118992092573368e-09,True
4.0,0.615,3.4999697135663914,0.8130573763148107,2.4999697135663914,2.954974013955801,0.7819990791675974,6.661338147750939e-16,1.1102230246251565e-16,40,1.1102230246251565e-15,0.905270351343517,2.2194932838343716e-09,True
4.0,0.62,3.495839097099412,0.8131627466138512,2.495839097099412,2.947860765965277,0.7804432458122085,0.0,3.3306690738754696e-16,40,4.440892098500626e-16,0.9045316566751934,2.227115650890216e-09,True
4.0,0.625,3.4917074377458106,0.813268099606703,2.4917074377458106,2.9407677425211123,0.7788906968455653,2.220446049250313e-16,2.220446049250313e-16,40,6.661338147750939e-16,0.9037934909087493,2.2347664207572817e-09,True
4.0,0.63,3.4875747358369162,0.813373435179498,2.4875747358369162,2.933694895761794,0.7773414273365438,2.220446049250313e-16,0.0,40,3.3306690738754696e-16,0.9030558545273191,2.2424457042025967e-09,True
4.0,0.635,3.483440991706393,0.8134787532182789,2.483440991706393,2.9266421778915483,0.7757954323560298,0.0,0.0,40,0.0,0.9023187480129226,2.2501536124294686e-09,True
4.0,0.64,3.4793062056902366,0.8135840536090052,2.4793062056902366,2.919609541180347,0.774252706976922,2.220446049250313e-16,0.0,40,0.0,0.9015821718464581,2.257890257079178e-09,True
4.0,0.645,3.4751703781267786,0.8136893362375525,2.4751703781267786,2.912596937963918,0.772713246274133,1.5543122344752192e-15,8.881784197001252e-16,40,1.887379141862766e-15,0.9008461265076968,2.2656557502326165e-09,True
4.0,0.65,3.4710335093566895,0.8137946009897083,2.4710335093566895,2.905604320643751,0.7711770453245927,2.220446049250313e-16,0.0,40,8.881784197001252e-16,0.9001106124752772,2.273450204411982e-09,True
4.0,0.655,3.466895599722974,0.8138998477511847,2.466895599722974,2.898631641687113,0.7696440992072483,2.220446049250313e-16,8.881784197001252e-16,40,1.1102230246251565e-16,0.8993756302266986,2.2812737325824883e-09,True
4.0,0.66,3.4627566495709807,0.8140050764076049,2.4627566495709807,2.891678853627047,0.7681144030030668,2.220446049250313e-16,6.661338147750939e-16,40,1.1102230246251565e-16,0.8986411802383157,2.2891264481540067e-09,True
4.0,0.665,3.458616659248398,0.8141102868445146,2.458616659248398,2.88474590906239,0.7665879517950389,4.440892098500626e-16,6.661338147750939e-16,40,6.661338147750939e-16,0.8979072629853324,2.2970084649827977e-09,True
4.0,0.67,3.454475629105258,0.814215478947376,2.454475629105258,2.8778327606577774,0.7650647406681781,2.220446049250313e-16,4.440892098500626e-16,40,9.992007221626409e-16,0.8971738789417965,2.304919897373201e-09,True
4.0,0.675,3.450333559493935,0.8143206526015779,2.450333559493935,2.8709393611436504,0.7635447647095255,0.0,7.771561172376096e-16,40,1.2212453270876722e-15,0.8964410285805926,2.3128608600793654e-09,True
4.0,0.68,3.4461904507691545,0.8144258076924198,2.4461904507691545,2.8640656633162704,0.7620280190081493,2.220446049250313e-16,4.440892098500626e-16,40,1.1102230246251565e-15,0.8957087123734376,2.3208314683069167e-09,True
4.0,0.685,3.4420463032879827,0.8145309441051347,2.4420463032879827,2.8572116200377224,0.7605144986551494,1.3322676295501878e-15,3.3306690738754696e-16,40,6.661338147750939e-16,0.8949769307908738,2.3288318377147544e-09,True
4.0,0.6900000000000001,3.4379011174098415,0.8146360617248674,2.4379011174098415,2.8503771842359265,0.7590041987436584,2.220446049250313e-16,6.661338147750939e-16,40,1.2212453270876722e-15,0.8942456843022636,2.3368620844166754e-09,True
4.0,0.6950000000000001,3.4337548934964963,0.8147411604366959,2.4337548934964963,2.843562308904648,0.757497114368843,1.1102230246251565e-15,4.440892098500626e-16,40,3.3306690738754696e-16,0.893514973375783,2.3449223249832195e-09,True
4.0,0.7000000000000001,3.4296076319120705,0.8148462401256135,2.4296076319120705,2.8367669471035035,0.755993240627908,0.0,3.3306690738754696e-16,40,1.1102230246251565e-16,0.8927847984784164,2.3530126764433218e-09,True
4.0,0.705,3.4254593330230354,0.8149513006765455,2.4254593330230354,2.829991051957974,0.7544925726200968,0.0,0.0,40,2.220446049250313e-16,0.8920551600759503,2.3611332562860928e-09,True
4.0,0.71,3.4213099971982186,0.8150563419743401,2.4213099971982186,2.82323457665941,0.7529951054466951,2.220446049250313e-16,4.440892098500626e-16,40,1.4432899320127035e-15,0.8913260586329672,2.3692841824625786e-09,True
4.0,0.715,3.417159624808803,0.8151613639037718,2.417159624808803,2.8164974744650415,0.7515008342110324,2.220446049250313e-16,7.771561172376096e-16,40,1.5543122344752192e-15,0.8905974946128401,2.3774655733874986e-09,True
4.0,0.72,3.4130082162283295,0.8152663663495424,2.4130082162283295,2.809779698697992,0.7500097540184845,6.661338147750939e-16,1.1102230246251565e-16,40,5.551115123125783e-16,0.8898694684777265,2.385677547941024e-09,True
4.0,0.725,3.4088557718326933,0.8153713491962852,2.4088557718326933,2.8030812027472787,0.7485218599764767,2.220446049250313e-16,0.0,40,3.3306690738754696e-16,0.8891419806885625,2.393920225470537e-09,True
4.0,0.73,3.404702292000152,0.815476312328559,2.404702292000152,2.796401940067831,0.7470371471944843,2.220446049250313e-16,1.1102230246251565e-16,40,1.1102230246251565e-15,0.8884150317050568,2.4021937257924038e-09,True
4.0,0.735,3.400547777111322,0.8155812556308545,2.400547777111322,2.789741864180493,0.7455556107840369,4.440892098500626e-16,3.3306690738754696e-16,40,8.881784197001252e-16,0.8876886219856848,2.410498169193787e-09,True
4.0,0.74,3.396392227549181,0.8156861789875933,2.396392227549181,2.7831009286720367,0.74407724585872,8.881784197001252e-16,0.0,40,2.220446049250313e-16,0.8869627519876826,2.418833676434378e-09,True
4.0,0.745,3.392235643699071,0.8157910822831265,2.392235643699071,2.7764790871951717,0.742602047534178,6.661338147750939e-16,8.881784197001252e-16,40,1.1102230246251565e-15,0.8862374221670417,2.427200368748254e-09,True
4.0,0.75,3.3880780259486927,0.8158959654017431,2.3880780259486927,2.769876293468549,0.741130010928116,6.661338147750939e-16,8.881784197001252e-16,40,1.3322676295501878e-15,0.8855126329785025,2.435598367845638e-09,True
4.0,0.755,3.383919374688119,0.8160008282276571,2.383919374688119,2.7632925012767777,0.7396611311603032,1.1102230246251565e-15,8.881784197001252e-16,40,8.881784197001252e-16,0.8847883848755485,2.4440277959147018e-09,True
4.0,0.76,3.3797596903097826,0.8161056706450228,2.3797596903097826,2.7567276644704295,0.7381954033525749,6.661338147750939e-16,4.440892098500626e-16,40,5.551115123125783e-16,0.8840646783104005,2.4524887756234217e-09,True
4.0,0.765,3.3755989732084846,0.8162104925379287,2.3755989732084846,2.7501817369660486,0.7367328226288351,6.661338147750939e-16,1.1102230246251565e-16,40,5.551115123125783e-16,0.8833415137340107,2.4609814301213617e-09,True
4.0,0.77,3.3714372237813928,0.816315293790399,2.3714372237813928,2.7436546727461666,0.7352733841150597,2.220446049250313e-16,4.440892098500626e-16,40,1.5543122344752192e-15,0.8826188915960569,2.469505883041505e-09,True
4.0,0.775,3.367274442428044,0.8164200742863947,2.367274442428044,2.7371464258593017,0.7338170829392989,8.881784197001252e-16,4.440892098500626e-16,40,5.551115123125783e-16,0.8818968123449366,2.478062258502092e-09,True
4.0,0.78,3.363110629550347,0.8165248339098118,2.363110629550347,2.7306569504199802,0.7323639142316796,2.220446049250313e-16,3.3306690738754696e-16,40,1.1102230246251565e-16,0.8811752764277608,2.4866506811084642e-09,True
4.0,0.785,3.3589457855525753,0.8166295725444901,2.3589457855525753,2.724186200608734,0.7309138731244087,4.440892098500626e-16,4.440892098500626e-16,40,2.220446049250313e-16,0.8804542842903487,2.4952712759549083e-09,True
4.0,0.79,3.35477991084138,0.8167342900742027,2.35477991084138,2.7177341306721194,0.7294669547517756,4.440892098500626e-16,0.0,40,0.0,0.8797338363772212,2.5039241686264744e-09,True
4.0,0.795,3.3506130058257786,0.8168389863826684,2.3506130058257786,2.711300694922722,0.7280231542501553,0.0,4.440892098500626e-16,40,7.771561172376096e-16,0.8790139331315956,2.512609485200902e-09,True
4.0,0.8,3.3464450709171656,0.816943661353543,2.3464450709171656,2.7048858477391695,0.7265824667580103,8.881784197001252e-16,3.3306690738754696e-16,40,4.440892098500626e-16,0.8782945749953791,2.521327352250414e-09,True
4.0,0.805,3.342276106529306,0.8170483148704275,2.342276106529306,2.6984895435661356,0.7251448874158952,6.661338147750939e-16,8.881784197001252e-16,40,0.0,0.8775757624091636,2.530077896843647e-09,True
4.0,0.81,3.3381061130783416,0.8171529468168621,2.3381061130783416,2.692111736914356,0.7237104113664575,2.220446049250313e-16,2.220446049250313e-16,40,8.881784197001252e-16,0.8768574958122192,2.5388612465474722e-09,True
4.0,0.8150000000000001,3.333935090982787,0.817257557076335,2.333935090982787,2.685752382360635,0.7222790337544429,0.0,3.3306690738754696e-16,40,9.992007221626409e-16,0.8761397756424889,2.547677529428929e-09,True
4.0,0.8200000000000001,3.3297630406635323,0.8173621455322776,2.3297630406635323,2.6794114345478546,0.720850749726696,2.220446049250313e-16,4.440892098500626e-16,40,2.220446049250313e-16,0.8754226023365825,2.5565268740570876e-09,True
4.0,0.8250000000000001,3.325589962543847,0.817466712068064,2.325589962543847,2.673088848184985,0.7194255544321648,2.220446049250313e-16,2.220446049250313e-16,40,3.3306690738754696e-16,0.8747059763297705,2.5654094095049504e-09,True
4.0,0.8300000000000001,3.3214158570493737,0.8175712565670196,2.3214158570493737,2.6667845780470927,0.7180034430219031,2.220446049250313e-16,5.551115123125783e-16,40,2.220446049250313e-16,0.8739898980559787,2.5743252653513715e-09,True
4.0,0.835,3.317240724608136,0.8176757789124118,2.317240724608136,2.6604985789753552,0.7165844106490744,2.220446049250313e-16,1.1102230246251565e-16,40,5.551115123125783e-16,0.8732743679477819,2.5832745716829252e-09,True
4.0,0.84,3.3130645656505324,0.8177802789874614,2.3130645656505324,2.654230805877063,0.7151684524689533,0.0,4.440892098500626e-16,40,8.881784197001252e-16,0.8725593864363984,2.59225745909589e-09,True
4.0,0.845,3.3088873806093413,0.8178847566753358,2.3088873806093413,2.6479812137256356,0.7137555636389311,0.0,1.1102230246251565e-16,40,4.440892098500626e-16,0.8718449539516842,2.6012740586980987e-09,True
4.0,0.85,3.30470916991972,0.817989211859153,2.30470916991972,2.6417497575606257,0.7123457393185156,2.220446049250313e-16,4.440892098500626e-16,40,3.3306690738754696e-16,0.8711310709221264,2.6103245021109305e-09,True
4.0,0.855,3.300529934019207,0.8180936444219802,2.300529934019207,2.6355363924877366,0.7109389746693384,8.881784197001252e-16,3.3306690738754696e-16,40,1.1102230246251565e-16,0.8704177377748387,2.6194089214711965e-09,True
4.0,0.86,3.2963496733477182,0.8181980542468393,2.2963496733477182,2.6293410736788223,0.7095352648551551,2.220446049250313e-16,5.551115123125783e-16,40,5.551115123125783e-16,0.8697049549355544,2.6285274494331243e-09,True
4.0,0.865,3.2921683883475517,0.8183024412167033,2.2921683883475517,2.623163756371906,0.7081346050418489,1.1102230246251565e-15,2.220446049250313e-16,40,4.440892098500626e-16,0.8689927228286212,2.6376802191702883e-09,True
4.0,0.87,3.287986079463385,0.8184068052145002,2.287986079463385,2.6170043958711817,0.7067369903974359,6.661338147750939e-16,4.440892098500626e-16,40,4.440892098500626e-16,0.8682810418769948,2.6468673643775645e-09,True
4.0,0.875,3.2838027471422775,0.8185111461231115,2.2838027471422775,2.6108629475470315,0.7053424160920659,0.0,5.551115123125783e-16,40,1.5543122344752192e-15,0.867569912502234,2.656089019273101e-09,True
4.0,0.88,3.2796183918336714,0.8186154638253734,2.2796183918336714,2.60473936683603,0.703950877298027,4.440892098500626e-16,5.551115123125783e-16,40,7.771561172376096e-16,0.8668593351244942,2.665345318600285e-09,True
4.0,0.885,3.275433013989386,0.8187197582040835,2.275433013989386,2.5986336092409545,0.7025623691897497,1.3322676295501878e-15,1.1102230246251565e-16,40,5.551115123125783e-16,0.8661493101625213,2.6746363976297403e-09,True
4.0,0.89,3.2712466140636276,0.8188240291419915,2.2712466140636276,2.5925456303308,0.7011768869438084,0.0,4.440892098500626e-16,40,1.1102230246251565e-16,0.8654398380336469,2.6839623921612513e-09,True
4.0,0.895,3.267059192512983,0.8189282765218067,2.267059192512983,2.5864753857407785,0.6997944257389266,8.881784197001252e-16,1.1102230246251565e-16,40,5.551115123125783e-16,0.8647309191537818,2.693323438525835e-09,True
4.0,0.9,3.2628707497964204,0.8190325002261994,2.2628707497964204,2.580422831172338,0.6984149807559806,4.440892098500626e-16,0.0,40,0.0,0.86402255393741,2.7027196735876754e-09,True
4.0,0.905,3.258681286375291,0.8191367001377997,2.258681286375291,2.5743879223931705,0.6970385471780007,2.220446049250313e-16,2.220446049250313e-16,40,8.881784197001252e-16,0.8633147427975841,2.712151234746158e-09,True
4.0,0.91,3.25449080271333,0.8192408761391976,2.25449080271333,2.5683706152372174,0.6956651201901771,2.220446049250313e-16,1.1102230246251565e-16,40,0.0,0.8626074861459179,2.721618259937872e-09,True
4.0,0.915,3.250299299276653,0.8193450281129476,2.250299299276653,2.5623708656046817,0.6942946949798627,8.881784197001252e-16,0.0,40,4.440892098500626e-16,0.8619007843925817,2.7311208876386454e-09,True
4.0,0.92,3.2461067765337592,0.819449155941566,2.2461067765337592,2.556388629462041,0.6929272667365763,8.881784197001252e-16,2.220446049250313e-16,40,9.992007221626409e-16,0.8611946379462965,2.740659256865537e-09,True
4.0,0.925,3.241913234955532,0.8195532595075328,2.241913234955532,2.5504238628420466,0.6915628306520075,4.440892098500626e-16,4.440892098500626e-16,40,0.0,0.8604890472143276,2.7502335071788815e-09,True
4.0,0.93,3.2377186750152367,0.8196573386932938,2.2377186750152367,2.5444765218437495,0.6902013819200185,4.440892098500626e-16,2.220446049250313e-16,40,7.771561172376096e-16,0.8597840126024796,2.759843778684364e-09,True
4.0,0.935,3.2335230971885216,0.8197613933812603,2.2335230971885216,2.538546562632493,0.6888429157366495,2.220446049250313e-16,3.3306690738754696e-16,40,4.440892098500626e-16,0.8590795345150902,2.769490212035006e-09,True
4.0,0.9400000000000001,3.229326501953416,0.8198654234538126,2.229326501953416,2.5326339414399333,0.6874874273001219,8.881784197001252e-16,4.440892098500626e-16,40,6.661338147750939e-16,0.8583756133550244,2.7791729484332704e-09,True
4.0,0.9450000000000001,3.2251288897903336,0.8199694287932977,2.2251288897903336,2.526738614564046,0.686134911810842,1.5543122344752192e-15,3.3306690738754696e-16,40,1.3322676295501878e-15,0.8576722495236694,2.7888921296330917e-09,True
4.0,0.9500000000000001,3.2209302611820725,0.8200734092820289,2.2209302611820725,2.520860538369136,0.6847853644714044,8.881784197001252e-16,4.440892098500626e-16,40,6.661338147750939e-16,0.8569694434209277,2.7986478979419397e-09,True
4.0,0.9550000000000001,3.216730616613808,0.8201773648022951,2.216730616613808,2.5149996692858427,0.683438780486597,4.440892098500626e-16,0.0,40,0.0,0.8562671954452129,2.808440396222927e-09,True
4.0,0.96,3.2125299565731034,0.8202812952363507,2.2125299565731034,2.509155963811157,0.6820951550634039,2.220446049250313e-16,4.440892098500626e-16,40,6.661338147750939e-16,0.8555655059934426,2.818269767896858e-09,True
4.0,0.965,3.208328281549899,0.8203852004664262,2.208328281549899,2.503329378508424,0.68075448341101,6.661338147750939e-16,3.3306690738754696e-16,40,4.440892098500626e-16,0.8548643754610333,2.828136156944327e-09,True
4.0,0.97,3.2041255920365193,0.8204890803747225,2.2041255920365193,2.497519870007359,0.6794167607408037,8.881784197001252e-16,2.220446049250313e-16,40,1.1102230246251565e-16,0.8541638042418952,2.8380397079078274e-09,True
4.0,0.975,3.19992188852767,0.8205929348434156,2.19992188852767,2.4917273950040473,0.6780819822663829,2.220446049250313e-16,4.440892098500626e-16,40,1.1102230246251565e-16,0.8534637927284257,2.847980565893822e-09,True
4.0,0.98,3.195717171520439,0.8206967637546542,2.195717171520439,2.4859519102609666,0.6767501432035571,2.220446049250313e-16,4.440892098500626e-16,40,2.220446049250313e-16,0.8527643413115037,2.857958876574876e-09,True
4.0,0.985,3.1915114415142907,0.8208005669905678,2.1915114415142907,2.4801933726069842,0.6754212387703529,2.220446049250313e-16,4.440892098500626e-16,40,1.4432899320127035e-15,0.8520654503804848,2.8679747861918003e-09,True
4.0,0.99,3.1873046990110754,0.8209043444332572,2.1873046990110754,2.474451738937374,0.6740952641870169,2.220446049250313e-16,3.3306690738754696e-16,40,4.440892098500626e-16,0.8513671203231948,2.878028441555708e-09,True
4.0,0.995,3.18309694451502,0.8210080959648042,2.18309694451502,2.468726966213824,0.6727722146760208,2.220446049250313e-16,1.1102230246251565e-16,40,2.220446049250313e-16,0.8506693515259245,2.8881199900502085e-09,True
4.0,1.0,3.1788881785327305,0.8211118214672695,2.1788881785327305,2.463019011464442,0.6714520854620646,6.661338147750939e-16,2.220446049250313e-16,40,7.771561172376096e-16,0.8499721443734237,2.8982495796335224e-09,True
